Name,Email,Financial Status,Created at,Currency,Subtotal,Discount Amount,Shipping,Taxes,Total,Refunded Amount,Lineitem quantity,Lineitem name,Lineitem price,Lineitem sku
#1081,emma.garcia18@example.com,paid,2026-06-22 20:23:00 +0200,EUR,260.10,28.90,0.00,52.02,312.12,,1,Montre Automatique 38mm,289.00,WTC-010
#1082,manon.thomas37@example.com,paid,2026-06-22 09:33:00 +0200,EUR,59.00,0.00,5.90,11.80,76.70,,1,Bracelet Cuir Camel,59.00,BRW-002
#1083,theo.robert41575@example.com,paid,2026-06-22 17:06:00 +0200,EUR,189.00,0.00,0.00,37.80,226.80,,1,Sac Bandouliere Cuir,189.00,BAG-100
#1084,lea.michel43@example.com,paid,2026-06-22 18:51:00 +0200,EUR,260.10,28.90,0.00,52.02,312.12,,1,Montre Automatique 38mm,289.00,WTC-010
#1085,gabriel.bernard64@example.com,paid,2026-06-22 13:41:00 +0200,EUR,128.00,0.00,0.00,25.60,153.60,,1,Ceinture Reversible,79.00,ACC-200
#1085,,,,,,,,,,,1,Bracelet Acier Noir,49.00,BRW-001
#1086,arthur.petit30@example.com,paid,2026-06-22 11:55:00 +0200,EUR,59.00,0.00,5.90,11.80,76.70,,1,Bracelet Cuir Camel,59.00,BRW-002
#1087,nathan.michel4@example.com,paid,2026-06-22 12:20:00 +0200,EUR,79.00,0.00,5.90,15.80,100.70,,1,Ceinture Reversible,79.00,ACC-200
#1088,jade.petit21254@example.com,refunded,2026-06-22 11:42:00 +0200,EUR,188.00,0.00,0.00,37.60,225.60,172.57,1,Porte-cartes,39.00,ACC-201
#1088,,,,,,,,,,,1,Montre Quartz 34mm,149.00,WTC-011
#1089,theo.lefebvre91@example.com,paid,2026-06-22 17:50:00 +0200,EUR,79.00,0.00,5.90,15.80,100.70,,1,Ceinture Reversible,79.00,ACC-200
#1090,arthur.durand92@example.com,paid,2026-06-22 13:14:00 +0200,EUR,79.00,0.00,5.90,15.80,100.70,,1,Ceinture Reversible,79.00,ACC-200
#1091,jade.leroy25@example.com,paid,2026-06-22 08:03:00 +0200,EUR,79.00,0.00,5.90,15.80,100.70,,1,Ceinture Reversible,79.00,ACC-200
#1092,lea.michel43@example.com,paid,2026-06-22 14:51:00 +0200,EUR,188.00,0.00,0.00,37.60,225.60,,1,Montre Quartz 34mm,149.00,WTC-011
#1092,,,,,,,,,,,1,Porte-cartes,39.00,ACC-201
#1093,louis.laurent2831@example.com,paid,2026-06-22 12:24:00 +0200,EUR,49.00,0.00,5.90,9.80,64.70,,1,Bracelet Acier Noir,49.00,BRW-001
#1094,jade.lefebvre11475@example.com,paid,2026-06-22 14:44:00 +0200,EUR,138.00,0.00,0.00,27.60,165.60,,1,Bracelet Cuir Camel,59.00,BRW-002
#1094,,,,,,,,,,,1,Ceinture Reversible,79.00,ACC-200
#1095,theo.bernard88@example.com,paid,2026-06-22 16:55:00 +0200,EUR,39.00,0.00,5.90,7.80,52.70,,1,Porte-cartes,39.00,ACC-201
#1096,theo.simon10136@example.com,paid,2026-06-22 11:01:00 +0200,EUR,39.00,0.00,5.90,7.80,52.70,,1,Porte-cartes,39.00,ACC-201
#1097,hugo.garcia37905@example.com,paid,2026-06-22 13:13:00 +0200,EUR,427.00,0.00,0.00,85.40,512.40,,2,Sac Bandouliere Cuir,189.00,BAG-100
#1097,,,,,,,,,,,1,Bracelet Acier Noir,49.00,BRW-001
#1098,arthur.garcia47062@example.com,refunded,2026-06-22 09:45:00 +0200,EUR,59.00,0.00,5.90,11.80,76.70,50.31,1,Bracelet Cuir Camel,59.00,BRW-002
#1099,paul.lefebvre60@example.com,paid,2026-06-22 12:42:00 +0200,EUR,69.00,0.00,5.90,13.80,88.70,,1,Pochette Zippee,69.00,BAG-101
#1100,hugo.lefebvre65056@example.com,paid,2026-06-22 18:00:00 +0200,EUR,39.00,0.00,5.90,7.80,52.70,,1,Porte-cartes,39.00,ACC-201
#1101,lucas.thomas32908@example.com,paid,2026-06-22 13:55:00 +0200,EUR,79.00,0.00,5.90,15.80,100.70,,1,Ceinture Reversible,79.00,ACC-200
#1102,lucas.garcia47677@example.com,paid,2026-06-22 16:29:00 +0200,EUR,157.00,0.00,0.00,31.40,188.40,,1,Ceinture Reversible,79.00,ACC-200
#1102,,,,,,,,,,,2,Porte-cartes,39.00,ACC-201
#1103,louis.simon28492@example.com,paid,2026-06-22 17:56:00 +0200,EUR,49.00,0.00,5.90,9.80,64.70,,1,Bracelet Acier Noir,49.00,BRW-001
#1104,sarah.simon72@example.com,paid,2026-06-22 15:30:00 +0200,EUR,62.10,6.90,5.90,12.42,80.42,,1,Pochette Zippee,69.00,BAG-101
#1105,lea.bernard12@example.com,paid,2026-06-22 22:03:00 +0200,EUR,188.00,0.00,0.00,37.60,225.60,,1,Montre Quartz 34mm,149.00,WTC-011
#1105,,,,,,,,,,,1,Porte-cartes,39.00,ACC-201
#1106,lucas.simon73@example.com,paid,2026-06-23 22:30:00 +0200,EUR,69.00,0.00,5.90,13.80,88.70,,1,Pochette Zippee,69.00,BAG-101
#1107,lucas.martin50@example.com,paid,2026-06-23 13:31:00 +0200,EUR,98.00,0.00,0.00,19.60,117.60,,2,Bracelet Acier Noir,49.00,BRW-001
#1108,gabriel.martin29@example.com,refunded,2026-06-23 16:40:00 +0200,EUR,69.00,0.00,5.90,13.80,88.70,45.01,1,Pochette Zippee,69.00,BAG-101
#1109,theo.petit95957@example.com,paid,2026-06-23 11:01:00 +0200,EUR,35.10,3.90,5.90,7.02,48.02,,1,Porte-cartes,39.00,ACC-201
#1110,nathan.bernard2@example.com,paid,2026-06-23 12:09:00 +0200,EUR,375.30,41.70,0.00,75.06,450.36,,2,Sac Bandouliere Cuir,189.00,BAG-100
#1110,,,,,,,,,,,1,Porte-cartes,39.00,ACC-201
#1111,manon.durand66@example.com,paid,2026-06-23 12:26:00 +0200,EUR,78.00,0.00,5.90,15.60,99.50,,2,Porte-cartes,39.00,ACC-201
#1112,gabriel.robert16@example.com,paid,2026-06-23 14:39:00 +0200,EUR,59.00,0.00,5.90,11.80,76.70,,1,Bracelet Cuir Camel,59.00,BRW-002
#1113,ines.lefebvre77327@example.com,paid,2026-06-23 17:18:00 +0200,EUR,39.00,0.00,5.90,7.80,52.70,,1,Porte-cartes,39.00,ACC-201
#1113,ines.lefebvre77327@example.com,paid,2026-06-23 17:18:00 +0200,EUR,39.00,0.00,5.90,7.80,52.70,,1,Porte-cartes,39.00,ACC-201
#1114,manon.robert2@example.com,paid,2026-06-23 09:30:00 +0200,EUR,35.10,3.90,5.90,7.02,48.02,,1,Porte-cartes,39.00,ACC-201
#1115,lucas.petit75865@example.com,paid,2026-06-23 19:50:00 +0200,EUR,289.00,0.00,0.00,57.80,346.80,,1,Montre Automatique 38mm,289.00,WTC-010
#1116,louis.petit34@example.com,paid,2026-06-23 12:32:00 +0200,EUR,98.00,0.00,0.00,19.60,117.60,,2,Bracelet Acier Noir,49.00,BRW-001
#1117,camille.lefebvre45@example.com,paid,2026-06-23 15:38:00 +0200,EUR,170.10,18.90,0.00,34.02,204.12,,1,Sac Bandouliere Cuir,189.00,BAG-100
#1118,sarah.petit9@example.com,paid,2026-06-23 18:00:00 +0200,EUR,59.00,0.00,5.90,11.80,76.70,,1,Bracelet Cuir Camel,59.00,BRW-002
#1119,gabriel.leroy22@example.com,paid,2026-06-23 13:08:00 +0200,EUR,137.00,0.00,0.00,27.40,164.40,,1,Bracelet Cuir Camel,59.00,BRW-002
#1119,,,,,,,,,,,2,Porte-cartes,39.00,ACC-201
#1120,hugo.michel99@example.com,paid,2026-06-23 14:04:00 +0200,EUR,347.00,0.00,0.00,69.40,416.40,,1,Bracelet Acier Noir,49.00,BRW-001
#1120,,,,,,,,,,,2,Montre Quartz 34mm,149.00,WTC-011
#1121,lea.garcia3@example.com,paid,2026-06-23 15:21:00 +0200,EUR,69.00,0.00,5.90,13.80,88.70,,1,Pochette Zippee,69.00,BAG-101
#1122,jade.garcia85847@example.com,paid,2026-06-23 22:16:00 +0200,EUR,79.00,0.00,5.90,15.80,100.70,,1,Ceinture Reversible,79.00,ACC-200
#1123,emma.dubois74@example.com,paid,2026-06-23 17:03:00 +0200,EUR,322.20,35.80,0.00,64.44,386.64,,1,Montre Automatique 38mm,289.00,WTC-010
#1123,,,,,,,,,,,1,Pochette Zippee,69.00,BAG-101
#1124,paul.robert41@example.com,paid,2026-06-23 21:44:00 +0200,EUR,268.00,0.00,0.00,53.60,321.60,,1,Ceinture Reversible,79.00,ACC-200
#1124,,,,,,,,,,,1,Sac Bandouliere Cuir,189.00,BAG-100
#1125,arthur.durand70@example.com,paid,2026-06-23 16:27:00 +0200,EUR,187.20,20.80,0.00,37.44,224.64,,1,Montre Quartz 34mm,149.00,WTC-011
#1125,,,,,,,,,,,1,Bracelet Cuir Camel,59.00,BRW-002
#1126,paul.michel92441@example.com,paid,2026-06-23 22:38:00 +0200,EUR,170.10,18.90,0.00,34.02,204.12,,1,Sac Bandouliere Cuir,189.00,BAG-100
#1127,emma.michel4@example.com,paid,2026-06-23 14:00:00 +0200,EUR,170.10,18.90,0.00,34.02,204.12,,1,Sac Bandouliere Cuir,189.00,BAG-100
#1128,theo.michel47753@example.com,paid,2026-06-23 14:41:00 +0200,EUR,876.00,0.00,0.00,175.20,1051.20,,2,Montre Automatique 38mm,289.00,WTC-010
#1128,,,,,,,,,,,2,Montre Quartz 34mm,149.00,WTC-011
#1129,louis.thomas49869@example.com,paid,2026-06-23 16:14:00 +0200,EUR,313.20,34.80,0.00,62.64,375.84,,1,Bracelet Cuir Camel,59.00,BRW-002
#1129,,,,,,,,,,,1,Montre Automatique 38mm,289.00,WTC-010
#1130,manon.leroy6@example.com,paid,2026-06-23 22:15:00 +0200,EUR,289.00,0.00,0.00,57.80,346.80,,1,Montre Automatique 38mm,289.00,WTC-010
#1131,louis.simon65@example.com,paid,2026-06-23 21:45:00 +0200,EUR,170.10,18.90,0.00,34.02,204.12,,1,Sac Bandouliere Cuir,189.00,BAG-100
#1132,manon.garcia95828@example.com,paid,2026-06-23 15:41:00 +0200,EUR,118.00,0.00,0.00,23.60,141.60,,1,Ceinture Reversible,79.00,ACC-200
#1132,,,,,,,,,,,1,Porte-cartes,39.00,ACC-201
#1133,louis.garcia68@example.com,paid,2026-06-24 17:29:00 +0200,EUR,59.00,0.00,5.90,11.80,76.70,,1,Bracelet Cuir Camel,59.00,BRW-002
#1134,lea.laurent34@example.com,paid,2026-06-24 20:57:00 +0200,EUR,69.00,0.00,5.90,13.80,88.70,,1,Pochette Zippee,69.00,BAG-101
#1135,gabriel.garcia74245@example.com,paid,2026-06-24 15:53:00 +0200,EUR,138.00,0.00,0.00,27.60,165.60,,2,Pochette Zippee,69.00,BAG-101
#1136,camille.bernard21@example.com,paid,2026-06-24 15:03:00 +0200,EUR,62.10,6.90,5.90,12.42,80.42,,1,Pochette Zippee,69.00,BAG-101
#1137,emma.garcia36@example.com,paid,2026-06-24 14:38:00 +0200,EUR,69.00,0.00,5.90,13.80,88.70,,1,Pochette Zippee,69.00,BAG-101
#1138,theo.robert97@example.com,paid,2026-06-24 13:54:00 +0200,EUR,149.00,0.00,0.00,29.80,178.80,,1,Montre Quartz 34mm,149.00,WTC-011
#1139,nathan.martin93681@example.com,refunded,2026-06-24 17:18:00 +0200,EUR,69.00,0.00,5.90,13.80,88.70,55.81,1,Pochette Zippee,69.00,BAG-101
#1140,lea.thomas10@example.com,paid,2026-06-24 21:59:00 +0200,EUR,189.00,0.00,0.00,37.80,226.80,,1,Sac Bandouliere Cuir,189.00,BAG-100
#1141,nathan.moreau40855@example.com,paid,2026-06-24 12:17:00 +0200,EUR,59.00,0.00,5.90,11.80,76.70,,1,Bracelet Cuir Camel,59.00,BRW-002
#1142,paul.durand92@example.com,paid,2026-06-24 12:40:00 +0200,EUR,289.00,0.00,0.00,57.80,346.80,,1,Montre Automatique 38mm,289.00,WTC-010
#1143,louis.bernard38@example.com,paid,2026-06-24 21:54:00 +0200,EUR,289.00,0.00,0.00,57.80,346.80,,1,Montre Automatique 38mm,289.00,WTC-010
#1144,camille.durand45663@example.com,refunded,2026-06-24 16:26:00 +0200,EUR,338.00,0.00,0.00,67.60,405.60,220.8,1,Sac Bandouliere Cuir,189.00,BAG-100
#1144,,,,,,,,,,,1,Montre Quartz 34mm,149.00,WTC-011
#1145,jade.laurent22@example.com,paid,2026-06-24 13:20:00 +0200,EUR,79.00,0.00,5.90,15.80,100.70,,1,Ceinture Reversible,79.00,ACC-200
#1146,manon.laurent52675@example.com,paid,2026-06-24 13:57:00 +0200,EUR,69.00,0.00,5.90,13.80,88.70,,1,Pochette Zippee,69.00,BAG-101
#1147,chloe.moreau84@example.com,paid,2026-06-24 17:01:00 +0200,EUR,79.00,0.00,5.90,15.80,100.70,,1,Ceinture Reversible,79.00,ACC-200
#1148,hugo.lefebvre55@example.com,paid,2026-06-24 15:34:00 +0200,EUR,378.00,0.00,0.00,75.60,453.60,,2,Sac Bandouliere Cuir,189.00,BAG-100
#1149,gabriel.lefebvre42@example.com,paid,2026-06-24 08:52:00 +0200,EUR,69.00,0.00,5.90,13.80,88.70,,1,Pochette Zippee,69.00,BAG-101
#1150,arthur.leroy1926@example.com,paid,2026-06-24 17:56:00 +0200,EUR,106.20,11.80,0.00,21.24,127.44,,1,Bracelet Acier Noir,49.00,BRW-001
#1150,,,,,,,,,,,1,Pochette Zippee,69.00,BAG-101
#1151,louis.leroy27030@example.com,paid,2026-06-24 19:40:00 +0200,EUR,189.00,0.00,0.00,37.80,226.80,,1,Sac Bandouliere Cuir,189.00,BAG-100
#1152,chloe.petit39@example.com,paid,2026-06-24 20:00:00 +0200,EUR,124.20,13.80,0.00,24.84,149.04,,2,Pochette Zippee,69.00,BAG-101
#1153,chloe.michel57868@example.com,paid,2026-06-24 19:51:00 +0200,EUR,260.10,28.90,0.00,52.02,312.12,,1,Montre Automatique 38mm,289.00,WTC-010
#1154,emma.moreau82@example.com,paid,2026-06-24 16:58:00 +0200,EUR,198.00,0.00,0.00,39.60,237.60,,1,Montre Quartz 34mm,149.00,WTC-011
#1154,,,,,,,,,,,1,Bracelet Acier Noir,49.00,BRW-001
#1155,arthur.thomas39@example.com,paid,2026-06-24 08:49:00 +0200,EUR,59.00,0.00,5.90,11.80,76.70,,1,Bracelet Cuir Camel,59.00,BRW-002
#1156,sarah.leroy31@example.com,paid,2026-06-24 16:07:00 +0200,EUR,79.00,0.00,5.90,15.80,100.70,,1,Ceinture Reversible,79.00,ACC-200
#1157,nathan.petit4486@example.com,paid,2026-06-24 09:20:00 +0200,EUR,148.00,0.00,0.00,29.60,177.60,,1,Pochette Zippee,69.00,BAG-101
#1157,,,,,,,,,,,1,Ceinture Reversible,79.00,ACC-200
#1158,sarah.robert75478@example.com,paid,2026-06-24 17:22:00 +0200,EUR,53.10,5.90,5.90,10.62,69.62,,1,Bracelet Cuir Camel,59.00,BRW-002
#1159,paul.durand31@example.com,paid,2026-06-24 12:15:00 +0200,EUR,79.00,0.00,5.90,15.80,100.70,,1,Ceinture Reversible,79.00,ACC-200
#1160,louis.leroy728@example.com,paid,2026-06-24 21:23:00 +0200,EUR,79.00,0.00,5.90,15.80,100.70,,1,Ceinture Reversible,79.00,ACC-200
#1161,sarah.petit11@example.com,paid,2026-06-24 13:50:00 +0200,EUR,289.00,0.00,0.00,57.80,346.80,,1,Montre Automatique 38mm,289.00,WTC-010
#1162,manon.durand39@example.com,paid,2026-06-25 14:34:00 +0200,EUR,189.00,0.00,0.00,37.80,226.80,,1,Sac Bandouliere Cuir,189.00,BAG-100
#1163,arthur.robert55@example.com,refunded,2026-06-25 09:06:00 +0200,EUR,35.10,3.90,5.90,7.02,48.02,29.93,1,Porte-cartes,39.00,ACC-201
#1164,theo.petit66806@example.com,refunded,2026-06-25 18:25:00 +0200,EUR,39.00,0.00,5.90,7.80,52.70,32.44,1,Porte-cartes,39.00,ACC-201
#1165,louis.leroy76017@example.com,paid,2026-06-25 09:03:00 +0200,EUR,527.00,0.00,0.00,105.40,632.40,,2,Sac Bandouliere Cuir,189.00,BAG-100
#1165,,,,,,,,,,,1,Montre Quartz 34mm,149.00,WTC-011
#1166,emma.michel29099@example.com,paid,2026-06-25 14:36:00 +0200,EUR,149.00,0.00,0.00,29.80,178.80,,1,Montre Quartz 34mm,149.00,WTC-011
#1167,hugo.bernard63@example.com,paid,2026-06-25 21:32:00 +0200,EUR,69.00,0.00,5.90,13.80,88.70,,1,Pochette Zippee,69.00,BAG-101
#1168,hugo.moreau34887@example.com,paid,2026-06-25 13:11:00 +0200,EUR,53.10,5.90,5.90,10.62,69.62,,1,Bracelet Cuir Camel,59.00,BRW-002
#1169,nathan.garcia11@example.com,paid,2026-06-25 22:53:00 +0200,EUR,78.00,0.00,5.90,15.60,99.50,,2,Porte-cartes,39.00,ACC-201
#1170,manon.simon41@example.com,paid,2026-06-25 16:31:00 +0200,EUR,149.00,0.00,0.00,29.80,178.80,,1,Montre Quartz 34mm,149.00,WTC-011
#1171,emma.simon80@example.com,paid,2026-06-25 22:11:00 +0200,EUR,35.10,3.90,5.90,7.02,48.02,,1,Porte-cartes,39.00,ACC-201
#1172,lea.garcia46@example.com,paid,2026-06-25 10:18:00 +0200,EUR,149.00,0.00,0.00,29.80,178.80,,1,Montre Quartz 34mm,149.00,WTC-011
#1173,sarah.moreau88584@example.com,paid,2026-06-25 11:27:00 +0200,EUR,188.00,0.00,0.00,37.60,225.60,,1,Porte-cartes,39.00,ACC-201
#1173,,,,,,,,,,,1,Montre Quartz 34mm,149.00,WTC-011
#1174,paul.dubois11@example.com,paid,2026-06-25 18:02:00 +0200,EUR,39.00,0.00,5.90,7.80,52.70,,1,Porte-cartes,39.00,ACC-201
#1175,sarah.robert67359@example.com,paid,2026-06-25 18:21:00 +0200,EUR,123.30,13.70,0.00,24.66,147.96,,2,Bracelet Acier Noir,49.00,BRW-001
#1175,,,,,,,,,,,1,Porte-cartes,39.00,ACC-201
#1176,manon.garcia95828@example.com,paid,2026-06-25 20:46:00 +0200,EUR,39.00,0.00,5.90,7.80,52.70,,1,Porte-cartes,39.00,ACC-201
#1177,manon.petit74@example.com,paid,2026-06-25 08:28:00 +0200,EUR,118.00,0.00,0.00,23.60,141.60,,1,Porte-cartes,39.00,ACC-201
#1177,,,,,,,,,,,1,Ceinture Reversible,79.00,ACC-200
#1178,paul.robert12@example.com,paid,2026-06-25 11:29:00 +0200,EUR,39.00,0.00,5.90,7.80,52.70,,1,Porte-cartes,39.00,ACC-201
#1179,paul.laurent62@example.com,paid,2026-06-25 10:34:00 +0200,EUR,88.00,0.00,0.00,17.60,105.60,,1,Bracelet Acier Noir,49.00,BRW-001
#1179,,,,,,,,,,,1,Porte-cartes,39.00,ACC-201
#1180,camille.simon80@example.com,paid,2026-06-25 13:24:00 +0200,EUR,189.00,0.00,0.00,37.80,226.80,,1,Sac Bandouliere Cuir,189.00,BAG-100
#1181,camille.lefebvre45@example.com,paid,2026-06-25 13:52:00 +0200,EUR,170.10,18.90,0.00,34.02,204.12,,1,Sac Bandouliere Cuir,189.00,BAG-100
#1182,paul.moreau30@example.com,paid,2026-06-25 20:22:00 +0200,EUR,149.00,0.00,0.00,29.80,178.80,,1,Montre Quartz 34mm,149.00,WTC-011
#1183,manon.moreau51@example.com,paid,2026-06-25 11:13:00 +0200,EUR,108.00,0.00,0.00,21.60,129.60,,1,Porte-cartes,39.00,ACC-201
#1183,,,,,,,,,,,1,Pochette Zippee,69.00,BAG-101
#1184,nathan.moreau40855@example.com,paid,2026-06-25 20:59:00 +0200,EUR,149.00,0.00,0.00,29.80,178.80,,1,Montre Quartz 34mm,149.00,WTC-011
#1185,lucas.durand69@example.com,paid,2026-06-25 22:24:00 +0200,EUR,98.00,0.00,0.00,19.60,117.60,,2,Bracelet Acier Noir,49.00,BRW-001
#1186,emma.moreau82@example.com,paid,2026-06-25 08:05:00 +0200,EUR,88.20,9.80,0.00,17.64,105.84,,2,Bracelet Acier Noir,49.00,BRW-001
#1187,chloe.durand80@example.com,paid,2026-06-25 10:43:00 +0200,EUR,138.00,0.00,0.00,27.60,165.60,,1,Ceinture Reversible,79.00,ACC-200
#1187,,,,,,,,,,,1,Bracelet Cuir Camel,59.00,BRW-002
#1188,hugo.durand30@example.com,paid,2026-06-26 14:10:00 +0200,EUR,260.10,28.90,0.00,52.02,312.12,,1,Montre Automatique 38mm,289.00,WTC-010
#1189,nathan.moreau32422@example.com,paid,2026-06-26 15:37:00 +0200,EUR,79.00,0.00,5.90,15.80,100.70,,1,Ceinture Reversible,79.00,ACC-200
#1190,manon.thomas97@example.com,paid,2026-06-26 11:02:00 +0200,EUR,79.00,0.00,5.90,15.80,100.70,,1,Ceinture Reversible,79.00,ACC-200
#1191,arthur.robert48@example.com,paid,2026-06-26 14:17:00 +0200,EUR,69.00,0.00,5.90,13.80,88.70,,1,Pochette Zippee,69.00,BAG-101
#1192,jade.petit81@example.com,paid,2026-06-26 21:23:00 +0200,EUR,79.00,0.00,5.90,15.80,100.70,,1,Ceinture Reversible,79.00,ACC-200
#1193,arthur.durand16030@example.com,paid,2026-06-26 11:59:00 +0200,EUR,218.00,0.00,0.00,43.60,261.60,,1,Pochette Zippee,69.00,BAG-101
#1193,,,,,,,,,,,1,Montre Quartz 34mm,149.00,WTC-011
#1194,nathan.moreau54628@example.com,paid,2026-06-26 15:43:00 +0200,EUR,289.00,0.00,0.00,57.80,346.80,,1,Montre Automatique 38mm,289.00,WTC-010
#1195,camille.garcia96169@example.com,paid,2026-06-26 20:01:00 +0200,EUR,149.00,0.00,0.00,29.80,178.80,,1,Montre Quartz 34mm,149.00,WTC-011
#1196,gabriel.durand84621@example.com,paid,2026-06-26 19:03:00 +0200,EUR,304.20,33.80,0.00,60.84,365.04,,1,Sac Bandouliere Cuir,189.00,BAG-100
#1196,,,,,,,,,,,1,Montre Quartz 34mm,149.00,WTC-011
#1197,arthur.lefebvre41110@example.com,paid,2026-06-26 20:39:00 +0200,EUR,39.00,0.00,5.90,7.80,52.70,,1,Porte-cartes,39.00,ACC-201
#1198,jade.robert93@example.com,paid,2026-06-26 09:11:00 +0200,EUR,170.10,18.90,0.00,34.02,204.12,,1,Sac Bandouliere Cuir,189.00,BAG-100
#1199,ines.garcia40813@example.com,paid,2026-06-26 11:37:00 +0200,EUR,358.00,0.00,0.00,71.60,429.60,,1,Montre Automatique 38mm,289.00,WTC-010
#1199,,,,,,,,,,,1,Pochette Zippee,69.00,BAG-101
#1200,,paid,2026-06-26 20:33:00 +0200,EUR,118.00,0.00,0.00,23.60,141.60,,2,Bracelet Cuir Camel,59.00,BRW-002
#1201,manon.moreau76717@example.com,paid,2026-06-26 15:00:00 +0200,EUR,39.00,0.00,5.90,7.80,52.70,,1,Porte-cartes,39.00,ACC-201
#1202,gabriel.garcia48@example.com,paid,2026-06-26 22:15:00 +0200,EUR,39.00,0.00,5.90,7.80,52.70,,1,Porte-cartes,39.00,ACC-201
#1203,lucas.durand45310@example.com,paid,2026-06-26 17:56:00 +0200,EUR,71.10,7.90,5.90,14.22,91.22,,1,Ceinture Reversible,79.00,ACC-200
#1204,sarah.robert67359@example.com,paid,2026-06-26 14:06:00 +0200,EUR,69.00,0.00,5.90,13.80,88.70,,1,Pochette Zippee,69.00,BAG-101
#1205,lucas.durand69@example.com,paid,2026-06-26 15:07:00 +0200,EUR,289.00,0.00,0.00,57.80,346.80,,1,Montre Automatique 38mm,289.00,WTC-010
#1206,nathan.martin54@example.com,paid,2026-06-27 14:02:00 +0200,EUR,187.20,20.80,0.00,37.44,224.64,,1,Bracelet Cuir Camel,59.00,BRW-002
#1206,,,,,,,,,,,1,Montre Quartz 34mm,149.00,WTC-011
#1207,lea.dubois16@example.com,paid,2026-06-27 11:45:00 +0200,EUR,189.00,0.00,0.00,37.80,226.80,,1,Sac Bandouliere Cuir,189.00,BAG-100
#1208,manon.petit9@example.com,paid,2026-06-27 15:08:00 +0200,EUR,188.00,0.00,0.00,37.60,225.60,,1,Porte-cartes,39.00,ACC-201
#1208,,,,,,,,,,,1,Montre Quartz 34mm,149.00,WTC-011
#1209,arthur.thomas24@example.com,paid,2026-06-27 08:09:00 +0200,EUR,44.10,4.90,5.90,8.82,58.82,,1,Bracelet Acier Noir,49.00,BRW-001
#1210,hugo.laurent42@example.com,paid,2026-06-27 22:11:00 +0200,EUR,158.00,0.00,0.00,31.60,189.60,,2,Ceinture Reversible,79.00,ACC-200
#1211,paul.dubois39@example.com,refunded,2026-06-27 16:59:00 +0200,EUR,189.00,0.00,0.00,37.80,226.80,114.84,1,Sac Bandouliere Cuir,189.00,BAG-100
#1212,nathan.thomas53@example.com,paid,2026-06-27 13:33:00 +0200,EUR,39.00,0.00,5.90,7.80,52.70,,1,Porte-cartes,39.00,ACC-201
#1213,lea.michel23524@example.com,paid,2026-06-27 22:47:00 +0200,EUR,189.00,0.00,0.00,37.80,226.80,,1,Sac Bandouliere Cuir,189.00,BAG-100
#1214,jade.thomas13790@example.com,paid,2026-06-27 13:44:00 +0200,EUR,108.00,0.00,0.00,21.60,129.60,,1,Pochette Zippee,69.00,BAG-101
#1214,,,,,,,,,,,1,Porte-cartes,39.00,ACC-201
#1215,louis.lefebvre1785@example.com,paid,2026-06-27 20:16:00 +0200,EUR,578.00,0.00,0.00,115.60,693.60,,2,Montre Automatique 38mm,289.00,WTC-010
#1216,theo.petit66806@example.com,paid,2026-06-27 15:22:00 +0200,EUR,79.00,0.00,5.90,15.80,100.70,,1,Ceinture Reversible,79.00,ACC-200
#1217,theo.bernard64575@example.com,paid,2026-06-27 20:59:00 +0200,EUR,228.00,0.00,0.00,45.60,273.60,,1,Montre Quartz 34mm,149.00,WTC-011
#1217,,,,,,,,,,,1,Ceinture Reversible,79.00,ACC-200
#1218,arthur.lefebvre41110@example.com,paid,2026-06-27 11:39:00 +0200,EUR,149.00,0.00,0.00,29.80,178.80,,1,Montre Quartz 34mm,149.00,WTC-011
#1219,lucas.dubois76@example.com,paid,2026-06-27 20:11:00 +0200,EUR,177.00,0.00,0.00,35.40,212.40,,2,Pochette Zippee,69.00,BAG-101
#1219,,,,,,,,,,,1,Porte-cartes,39.00,ACC-201
#1220,ines.bernard48@example.com,paid,2026-06-27 15:34:00 +0200,EUR,49.00,0.00,5.90,9.80,64.70,,1,Bracelet Acier Noir,49.00,BRW-001
#1221,louis.bernard38@example.com,paid,2026-06-27 09:26:00 +0200,EUR,189.00,0.00,0.00,37.80,226.80,,1,Sac Bandouliere Cuir,189.00,BAG-100
#1222,lucas.durand45310@example.com,paid,2026-06-27 11:13:00 +0200,EUR,49.00,0.00,5.90,9.80,64.70,,1,Bracelet Acier Noir,49.00,BRW-001
#1223,gabriel.martin21164@example.com,paid,2026-06-27 20:07:00 +0200,EUR,149.00,0.00,0.00,29.80,178.80,,1,Montre Quartz 34mm,149.00,WTC-011
#1224,hugo.leroy55005@example.com,paid,2026-06-27 09:52:00 +0200,EUR,49.00,0.00,5.90,9.80,64.70,,1,Bracelet Acier Noir,49.00,BRW-001
#1225,chloe.garcia14321@example.com,paid,2026-06-28 17:41:00 +0200,EUR,289.00,0.00,0.00,57.80,346.80,,1,Montre Automatique 38mm,289.00,WTC-010
#1226,nathan.dubois60@example.com,paid,2026-06-28 11:08:00 +0200,EUR,49.00,0.00,5.90,9.80,64.70,,1,Bracelet Acier Noir,49.00,BRW-001
#1227,camille.dubois84@example.com,paid,2026-06-28 18:18:00 +0200,EUR,218.00,0.00,0.00,43.60,261.60,,1,Pochette Zippee,69.00,BAG-101
#1227,,,,,,,,,,,1,Montre Quartz 34mm,149.00,WTC-011
#1228,louis.simon65@example.com,paid,2026-06-28 09:41:00 +0200,EUR,189.00,0.00,0.00,37.80,226.80,,1,Sac Bandouliere Cuir,189.00,BAG-100
#1229,louis.garcia60673@example.com,paid,2026-06-28 17:05:00 +0200,EUR,289.00,0.00,0.00,57.80,346.80,,1,Montre Automatique 38mm,289.00,WTC-010
#1230,hugo.bernard63@example.com,paid,2026-06-28 19:35:00 +0200,EUR,53.10,5.90,5.90,10.62,69.62,,1,Bracelet Cuir Camel,59.00,BRW-002
#1231,ines.michel5189@example.com,paid,2026-06-28 10:52:00 +0200,EUR,35.10,3.90,5.90,7.02,48.02,,1,Porte-cartes,39.00,ACC-201
#1232,nathan.petit29@example.com,paid,2026-06-28 21:25:00 +0200,EUR,338.00,0.00,0.00,67.60,405.60,,1,Sac Bandouliere Cuir,189.00,BAG-100
#1232,,,,,,,,,,,1,Montre Quartz 34mm,149.00,WTC-011
#1233,camille.moreau97@example.com,paid,2026-06-28 11:47:00 +0200,EUR,108.00,0.00,0.00,21.60,129.60,,1,Bracelet Acier Noir,49.00,BRW-001
#1233,,,,,,,,,,,1,Bracelet Cuir Camel,59.00,BRW-002
#1234,nathan.thomas50@example.com,paid,2026-06-28 11:48:00 +0200,EUR,394.20,43.80,0.00,78.84,473.04,,1,Montre Quartz 34mm,149.00,WTC-011
#1234,,,,,,,,,,,1,Montre Automatique 38mm,289.00,WTC-010
#1235,theo.thomas47066@example.com,paid,2026-06-28 19:25:00 +0200,EUR,138.00,0.00,0.00,27.60,165.60,,2,Pochette Zippee,69.00,BAG-101
#1236,lea.durand34863@example.com,paid,2026-06-28 12:29:00 +0200,EUR,79.00,0.00,5.90,15.80,100.70,,1,Ceinture Reversible,79.00,ACC-200
#1237,louis.moreau15817@example.com,paid,2026-06-28 10:15:00 +0200,EUR,289.00,0.00,0.00,57.80,346.80,,1,Montre Automatique 38mm,289.00,WTC-010
#1238,ines.laurent56201@example.com,paid,2026-06-28 20:59:00 +0200,EUR,134.10,14.90,0.00,26.82,160.92,,1,Montre Quartz 34mm,149.00,WTC-011
#1239,sarah.martin99775@example.com,paid,2026-06-28 09:37:00 +0200,EUR,348.00,0.00,0.00,69.60,417.60,,1,Bracelet Cuir Camel,59.00,BRW-002
#1239,,,,,,,,,,,1,Montre Automatique 38mm,289.00,WTC-010
#1240,hugo.durand53756@example.com,paid,2026-06-28 18:51:00 +0200,EUR,260.10,28.90,0.00,52.02,312.12,,1,Montre Automatique 38mm,289.00,WTC-010
#1241,jade.michel62314@example.com,paid,2026-06-28 21:43:00 +0200,EUR,289.00,0.00,0.00,57.80,346.80,,1,Montre Automatique 38mm,289.00,WTC-010
#1242,hugo.garcia9112@example.com,paid,2026-06-28 17:01:00 +0200,EUR,35.10,3.90,5.90,7.02,48.02,,1,Porte-cartes,39.00,ACC-201
#1243,arthur.petit13782@example.com,paid,2026-06-28 17:21:00 +0200,EUR,189.00,0.00,0.00,37.80,226.80,,1,Sac Bandouliere Cuir,189.00,BAG-100
#1244,sarah.thomas14897@example.com,paid,2026-06-29 19:59:00 +0200,EUR,79.00,0.00,5.90,15.80,100.70,,1,Ceinture Reversible,79.00,ACC-200
#1245,lea.robert8@example.com,paid,2026-06-29 18:39:00 +0200,EUR,69.00,0.00,5.90,13.80,88.70,,1,Pochette Zippee,69.00,BAG-101
#1246,lucas.leroy2672@example.com,paid,2026-06-29 22:02:00 +0200,EUR,49.00,0.00,5.90,9.80,64.70,,1,Bracelet Acier Noir,49.00,BRW-001
#1247,paul.michel8@example.com,paid,2026-06-29 17:17:00 +0200,EUR,69.00,0.00,5.90,13.80,88.70,,1,Pochette Zippee,69.00,BAG-101
#1248,hugo.simon82@example.com,paid,2026-06-29 17:20:00 +0200,EUR,59.00,0.00,5.90,11.80,76.70,,1,Bracelet Cuir Camel,59.00,BRW-002
#1249,sarah.martin99716@example.com,paid,2026-06-29 22:37:00 +0200,EUR,108.00,0.00,0.00,21.60,129.60,,1,Porte-cartes,39.00,ACC-201
#1249,,,,,,,,,,,1,Pochette Zippee,69.00,BAG-101
#1250,chloe.garcia24@example.com,paid,2026-06-29 20:43:00 +0200,EUR,348.00,0.00,0.00,69.60,417.60,,1,Montre Automatique 38mm,289.00,WTC-010
#1250,,,,,,,,,,,1,Bracelet Cuir Camel,59.00,BRW-002
#1251,emma.simon47254@example.com,paid,2026-06-29 22:36:00 +0200,EUR,149.00,0.00,0.00,29.80,178.80,,1,Montre Quartz 34mm,149.00,WTC-011
#1252,arthur.thomas24@example.com,paid,2026-06-29 10:24:00 +0200,EUR,49.00,0.00,5.90,9.80,64.70,,1,Bracelet Acier Noir,49.00,BRW-001
#1253,arthur.michel32@example.com,paid,2026-06-29 22:07:00 +0200,EUR,208.00,0.00,0.00,41.60,249.60,,1,Montre Quartz 34mm,149.00,WTC-011
#1253,,,,,,,,,,,1,Bracelet Cuir Camel,59.00,BRW-002
#1254,louis.leroy27030@example.com,paid,2026-06-29 19:52:00 +0200,EUR,268.20,29.80,0.00,53.64,321.84,,2,Montre Quartz 34mm,149.00,WTC-011
#1255,lea.petit50@example.com,paid,2026-06-29 19:46:00 +0200,EUR,106.20,11.80,0.00,21.24,127.44,,1,Ceinture Reversible,79.00,ACC-200
#1255,,,,,,,,,,,1,Porte-cartes,39.00,ACC-201
#1256,manon.michel82800@example.com,paid,2026-06-29 08:18:00 +0200,EUR,289.00,0.00,0.00,57.80,346.80,,1,Montre Automatique 38mm,289.00,WTC-010
#1257,emma.bernard69809@example.com,paid,2026-06-29 18:03:00 +0200,EUR,71.10,7.90,5.90,14.22,91.22,,1,Ceinture Reversible,79.00,ACC-200
#1258,paul.durand31@example.com,paid,2026-06-29 15:47:00 +0200,EUR,49.00,0.00,5.90,9.80,64.70,,1,Bracelet Acier Noir,49.00,BRW-001
#1259,manon.martin91@example.com,paid,2026-06-29 11:48:00 +0200,EUR,69.00,0.00,5.90,13.80,88.70,,1,Pochette Zippee,69.00,BAG-101
#1260,sarah.durand99@example.com,paid,2026-06-29 08:35:00 +0200,EUR,53.10,5.90,5.90,10.62,69.62,,1,Bracelet Cuir Camel,59.00,BRW-002
#1261,lea.michel85779@example.com,paid,2026-06-29 12:36:00 +0200,EUR,78.00,0.00,5.90,15.60,99.50,,2,Porte-cartes,39.00,ACC-201
#1262,hugo.martin28@example.com,paid,2026-06-29 08:56:00 +0200,EUR,170.10,18.90,0.00,34.02,204.12,,1,Sac Bandouliere Cuir,189.00,BAG-100
#1263,jade.petit27@example.com,paid,2026-06-29 22:27:00 +0200,EUR,289.00,0.00,0.00,57.80,346.80,,1,Montre Automatique 38mm,289.00,WTC-010
#1264,louis.simon11@example.com,paid,2026-06-29 14:21:00 +0200,EUR,62.10,6.90,5.90,12.42,80.42,,1,Pochette Zippee,69.00,BAG-101
#1265,emma.martin32@example.com,paid,2026-06-29 22:48:00 +0200,EUR,267.00,0.00,0.00,53.40,320.40,,2,Bracelet Cuir Camel,59.00,BRW-002
#1265,,,,,,,,,,,1,Montre Quartz 34mm,149.00,WTC-011
#1266,emma.petit67063@example.com,paid,2026-06-29 21:14:00 +0200,EUR,79.00,0.00,5.90,15.80,100.70,,1,Ceinture Reversible,79.00,ACC-200
#1267,chloe.garcia13@example.com,paid,2026-06-29 11:45:00 +0200,EUR,438.00,0.00,0.00,87.60,525.60,,1,Montre Automatique 38mm,289.00,WTC-010
#1267,,,,,,,,,,,1,Montre Quartz 34mm,149.00,WTC-011
#1268,louis.simon38332@example.com,paid,2026-06-29 22:16:00 +0200,EUR,39.00,0.00,5.90,7.80,52.70,,1,Porte-cartes,39.00,ACC-201
#1269,camille.lefebvre36@example.com,paid,2026-06-29 10:08:00 +0200,EUR,59.00,0.00,5.90,11.80,76.70,,1,Bracelet Cuir Camel,59.00,BRW-002
#1270,chloe.michel91@example.com,paid,2026-06-29 21:55:00 +0200,EUR,69.00,0.00,5.90,13.80,88.70,,1,Pochette Zippee,69.00,BAG-101
#1271,arthur.lefebvre41110@example.com,paid,2026-06-29 19:02:00 +0200,EUR,289.00,0.00,0.00,57.80,346.80,,1,Montre Automatique 38mm,289.00,WTC-010
#1272,paul.laurent62@example.com,paid,2026-06-29 14:37:00 +0200,EUR,118.00,0.00,0.00,23.60,141.60,,2,Bracelet Cuir Camel,59.00,BRW-002
#1273,gabriel.martin99@example.com,paid,2026-06-30 18:32:00 +0200,EUR,189.00,0.00,0.00,37.80,226.80,,1,Sac Bandouliere Cuir,189.00,BAG-100
#1274,sarah.martin99775@example.com,paid,2026-06-30 19:13:00 +0200,EUR,295.20,32.80,0.00,59.04,354.24,,1,Porte-cartes,39.00,ACC-201
#1274,,,,,,,,,,,1,Montre Automatique 38mm,289.00,WTC-010
#1275,sarah.martin56@example.com,paid,2026-06-30 15:54:00 +0200,EUR,578.00,0.00,0.00,115.60,693.60,,2,Montre Automatique 38mm,289.00,WTC-010
#1276,nathan.petit10480@example.com,paid,2026-06-30 19:27:00 +0200,EUR,108.00,0.00,0.00,21.60,129.60,,1,Bracelet Acier Noir,49.00,BRW-001
#1276,,,,,,,,,,,1,Bracelet Cuir Camel,59.00,BRW-002
#1277,gabriel.thomas47@example.com,paid,2026-06-30 12:23:00 +0200,EUR,368.00,0.00,0.00,73.60,441.60,,1,Montre Automatique 38mm,289.00,WTC-010
#1277,,,,,,,,,,,1,Ceinture Reversible,79.00,ACC-200
#1278,theo.lefebvre28@example.com,paid,2026-06-30 17:27:00 +0200,EUR,69.00,0.00,5.90,13.80,88.70,,1,Pochette Zippee,69.00,BAG-101
#1279,jade.petit21254@example.com,paid,2026-06-30 17:48:00 +0200,EUR,118.00,0.00,0.00,23.60,141.60,,1,Pochette Zippee,69.00,BAG-101
#1279,,,,,,,,,,,1,Bracelet Acier Noir,49.00,BRW-001
#1280,camille.thomas54146@example.com,paid,2026-06-30 14:33:00 +0200,EUR,49.00,0.00,5.90,9.80,64.70,,1,Bracelet Acier Noir,49.00,BRW-001
#1281,manon.petit9@example.com,paid,2026-06-30 17:27:00 +0200,EUR,62.10,6.90,5.90,12.42,80.42,,1,Pochette Zippee,69.00,BAG-101
#1282,nathan.durand63@example.com,paid,2026-06-30 11:56:00 +0200,EUR,189.00,0.00,0.00,37.80,226.80,,1,Sac Bandouliere Cuir,189.00,BAG-100
#1283,arthur.thomas39@example.com,paid,2026-06-30 13:58:00 +0200,EUR,189.00,0.00,0.00,37.80,226.80,,1,Sac Bandouliere Cuir,189.00,BAG-100
#1284,lea.michel25@example.com,paid,2026-06-30 08:46:00 +0200,EUR,260.10,28.90,0.00,52.02,312.12,,1,Montre Automatique 38mm,289.00,WTC-010
#1285,manon.dubois96226@example.com,paid,2026-06-30 11:56:00 +0200,EUR,157.00,0.00,0.00,31.40,188.40,,1,Porte-cartes,39.00,ACC-201
#1285,,,,,,,,,,,2,Bracelet Cuir Camel,59.00,BRW-002
#1286,hugo.lefebvre80537@example.com,paid,2026-06-30 18:45:00 +0200,EUR,338.00,0.00,0.00,67.60,405.60,,1,Montre Automatique 38mm,289.00,WTC-010
#1286,,,,,,,,,,,1,Bracelet Acier Noir,49.00,BRW-001
#1287,louis.dubois94@example.com,paid,2026-06-30 19:54:00 +0200,EUR,338.00,0.00,0.00,67.60,405.60,,1,Sac Bandouliere Cuir,189.00,BAG-100
#1287,,,,,,,,,,,1,Montre Quartz 34mm,149.00,WTC-011
#1288,lea.leroy40@example.com,paid,2026-06-30 15:25:00 +0200,EUR,88.20,9.80,0.00,17.64,105.84,,2,Bracelet Acier Noir,49.00,BRW-001
#1289,emma.michel1509@example.com,refunded,2026-06-30 12:52:00 +0200,EUR,69.00,0.00,5.90,13.80,88.70,39.94,1,Pochette Zippee,69.00,BAG-101
#1290,louis.simon38332@example.com,paid,2026-06-30 09:44:00 +0200,EUR,578.00,0.00,0.00,115.60,693.60,,2,Montre Automatique 38mm,289.00,WTC-010
#1291,camille.martin12440@example.com,paid,2026-06-30 21:16:00 +0200,EUR,98.00,0.00,0.00,19.60,117.60,,2,Bracelet Acier Noir,49.00,BRW-001
#1292,camille.bernard6824@example.com,paid,2026-06-30 19:29:00 +0200,EUR,627.00,0.00,0.00,125.40,752.40,,1,Bracelet Acier Noir,49.00,BRW-001
#1292,,,,,,,,,,,2,Montre Automatique 38mm,289.00,WTC-010
#1293,jade.thomas41@example.com,paid,2026-06-30 20:13:00 +0200,EUR,108.00,0.00,0.00,21.60,129.60,,1,Pochette Zippee,69.00,BAG-101
#1293,,,,,,,,,,,1,Porte-cartes,39.00,ACC-201
#1294,gabriel.bernard76953@example.com,paid,2026-06-30 17:45:00 +0200,EUR,198.00,0.00,0.00,39.60,237.60,,1,Montre Quartz 34mm,149.00,WTC-011
#1294,,,,,,,,,,,1,Bracelet Acier Noir,49.00,BRW-001
#1295,hugo.michel87001@example.com,paid,2026-06-30 13:25:00 +0200,EUR,53.10,5.90,5.90,10.62,69.62,,1,Bracelet Cuir Camel,59.00,BRW-002
#1296,lucas.lefebvre32270@example.com,paid,2026-06-30 09:20:00 +0200,EUR,149.00,0.00,0.00,29.80,178.80,,1,Montre Quartz 34mm,149.00,WTC-011
#1297,nathan.dubois82336@example.com,paid,2026-06-30 14:55:00 +0200,EUR,208.00,0.00,0.00,41.60,249.60,,1,Bracelet Cuir Camel,59.00,BRW-002
#1297,,,,,,,,,,,1,Montre Quartz 34mm,149.00,WTC-011
#1298,camille.robert39@example.com,paid,2026-06-30 13:28:00 +0200,EUR,248.00,0.00,0.00,49.60,297.60,,1,Sac Bandouliere Cuir,189.00,BAG-100
#1298,,,,,,,,,,,1,Bracelet Cuir Camel,59.00,BRW-002
#1299,sarah.thomas14897@example.com,paid,2026-07-01 12:42:00 +0200,EUR,149.00,0.00,0.00,29.80,178.80,,1,Montre Quartz 34mm,149.00,WTC-011
#1300,lucas.michel81466@example.com,paid,2026-07-01 16:54:00 +0200,EUR,71.10,7.90,5.90,14.22,91.22,,1,Ceinture Reversible,79.00,ACC-200
#1301,louis.thomas95851@example.com,paid,2026-07-01 20:53:00 +0200,EUR,59.00,0.00,5.90,11.80,76.70,,1,Bracelet Cuir Camel,59.00,BRW-002
#1302,manon.leroy89033@example.com,paid,2026-07-01 13:07:00 +0200,EUR,49.00,0.00,5.90,9.80,64.70,,1,Bracelet Acier Noir,49.00,BRW-001
#1303,nathan.durand63@example.com,paid,2026-07-01 10:49:00 +0200,EUR,189.00,0.00,0.00,37.80,226.80,,1,Sac Bandouliere Cuir,189.00,BAG-100
#1304,arthur.leroy1926@example.com,refunded,2026-07-01 18:24:00 +0200,EUR,189.00,0.00,0.00,37.80,226.80,98.06,1,Sac Bandouliere Cuir,189.00,BAG-100
#1305,chloe.durand43982@example.com,paid,2026-07-01 14:31:00 +0200,EUR,188.00,0.00,0.00,37.60,225.60,,1,Porte-cartes,39.00,ACC-201
#1305,,,,,,,,,,,1,Montre Quartz 34mm,149.00,WTC-011
#1306,louis.leroy27030@example.com,paid,2026-07-01 16:45:00 +0200,EUR,79.00,0.00,5.90,15.80,100.70,,1,Ceinture Reversible,79.00,ACC-200
#1307,theo.bernard88@example.com,paid,2026-07-01 14:30:00 +0200,EUR,189.00,0.00,0.00,37.80,226.80,,1,Sac Bandouliere Cuir,189.00,BAG-100
#1308,manon.simon41@example.com,paid,2026-07-01 17:24:00 +0200,EUR,39.00,0.00,5.90,7.80,52.70,,1,Porte-cartes,39.00,ACC-201
#1309,lucas.durand45310@example.com,paid,2026-07-01 11:36:00 +0200,EUR,78.00,0.00,5.90,15.60,99.50,,2,Porte-cartes,39.00,ACC-201
#1310,lea.laurent93@example.com,paid,2026-07-01 17:01:00 +0200,EUR,328.00,0.00,0.00,65.60,393.60,,1,Montre Automatique 38mm,289.00,WTC-010
#1310,,,,,,,,,,,1,Porte-cartes,39.00,ACC-201
#1311,lea.bernard46@example.com,paid,2026-07-01 22:10:00 +0200,EUR,69.00,0.00,5.90,13.80,88.70,,1,Pochette Zippee,69.00,BAG-101
#1312,gabriel.martin70601@example.com,paid,2026-07-01 14:19:00 +0200,EUR,189.00,0.00,0.00,37.80,226.80,,1,Sac Bandouliere Cuir,189.00,BAG-100
#1313,jade.thomas70@example.com,paid,2026-07-01 16:02:00 +0200,EUR,149.00,0.00,0.00,29.80,178.80,,1,Montre Quartz 34mm,149.00,WTC-011
#1314,manon.petit14@example.com,paid,2026-07-01 18:02:00 +0200,EUR,298.00,0.00,0.00,59.60,357.60,,2,Montre Quartz 34mm,149.00,WTC-011
#1315,louis.petit34@example.com,paid,2026-07-01 09:44:00 +0200,EUR,59.00,0.00,5.90,11.80,76.70,,1,Bracelet Cuir Camel,59.00,BRW-002
#1316,camille.laurent48118@example.com,paid,2026-07-01 22:02:00 +0200,EUR,59.00,0.00,5.90,11.80,76.70,,1,Bracelet Cuir Camel,59.00,BRW-002
#1317,sarah.durand66180@example.com,paid,2026-07-01 17:42:00 +0200,EUR,71.10,7.90,5.90,14.22,91.22,,1,Ceinture Reversible,79.00,ACC-200
#1318,louis.garcia96367@example.com,paid,2026-07-01 12:18:00 +0200,EUR,608.40,67.60,0.00,121.68,730.08,,2,Montre Automatique 38mm,289.00,WTC-010
#1318,,,,,,,,,,,2,Bracelet Acier Noir,49.00,BRW-001
#1319,arthur.simon172@example.com,refunded,2026-07-01 20:14:00 +0200,EUR,59.00,0.00,5.90,11.80,76.70,43.38,1,Bracelet Cuir Camel,59.00,BRW-002
#1320,paul.robert12@example.com,paid,2026-07-01 15:29:00 +0200,EUR,637.00,0.00,0.00,127.40,764.40,,1,Bracelet Cuir Camel,59.00,BRW-002
#1320,,,,,,,,,,,2,Montre Automatique 38mm,289.00,WTC-010
#1321,arthur.durand94@example.com,paid,2026-07-01 20:31:00 +0200,EUR,39.00,0.00,5.90,7.80,52.70,,1,Porte-cartes,39.00,ACC-201
#1322,sarah.leroy31@example.com,paid,2026-07-01 16:05:00 +0200,EUR,49.00,0.00,5.90,9.80,64.70,,1,Bracelet Acier Noir,49.00,BRW-001
#1323,camille.lefebvre36@example.com,paid,2026-07-01 13:40:00 +0200,EUR,289.00,0.00,0.00,57.80,346.80,,1,Montre Automatique 38mm,289.00,WTC-010
#1324,sarah.martin51931@example.com,paid,2026-07-02 11:43:00 +0200,EUR,133.20,14.80,0.00,26.64,159.84,,1,Pochette Zippee,69.00,BAG-101
#1324,,,,,,,,,,,1,Ceinture Reversible,79.00,ACC-200
#1325,paul.petit6586@example.com,paid,2026-07-02 15:25:00 +0200,EUR,337.00,0.00,0.00,67.40,404.40,,2,Montre Quartz 34mm,149.00,WTC-011
#1325,,,,,,,,,,,1,Porte-cartes,39.00,ACC-201
#1326,camille.lefebvre36@example.com,paid,2026-07-02 19:47:00 +0200,EUR,357.00,0.00,0.00,71.40,428.40,,2,Montre Quartz 34mm,149.00,WTC-011
#1326,,,,,,,,,,,1,Bracelet Cuir Camel,59.00,BRW-002
#1327,ines.bernard48@example.com,paid,2026-07-02 18:08:00 +0200,EUR,134.10,14.90,0.00,26.82,160.92,,1,Montre Quartz 34mm,149.00,WTC-011
#1328,lea.bernard30@example.com,paid,2026-07-02 09:47:00 +0200,EUR,39.00,0.00,5.90,7.80,52.70,,1,Porte-cartes,39.00,ACC-201
#1329,sarah.bernard35653@example.com,paid,2026-07-02 21:07:00 +0200,EUR,69.00,0.00,5.90,13.80,88.70,,1,Pochette Zippee,69.00,BAG-101
#1330,ines.martin88630@example.com,paid,2026-07-02 14:56:00 +0200,EUR,132.30,14.70,0.00,26.46,158.76,,1,Pochette Zippee,69.00,BAG-101
#1330,,,,,,,,,,,2,Porte-cartes,39.00,ACC-201
#1331,sarah.durand66180@example.com,paid,2026-07-02 11:56:00 +0200,EUR,289.00,0.00,0.00,57.80,346.80,,1,Montre Automatique 38mm,289.00,WTC-010
#1332,manon.moreau63907@example.com,paid,2026-07-02 08:18:00 +0200,EUR,138.00,0.00,0.00,27.60,165.60,,2,Pochette Zippee,69.00,BAG-101
#1333,louis.leroy76017@example.com,paid,2026-07-02 20:20:00 +0200,EUR,217.00,0.00,0.00,43.40,260.40,,2,Pochette Zippee,69.00,BAG-101
#1333,,,,,,,,,,,1,Ceinture Reversible,79.00,ACC-200
#1334,paul.durand92@example.com,paid,2026-07-02 21:01:00 +0200,EUR,338.00,0.00,0.00,67.60,405.60,,1,Montre Quartz 34mm,149.00,WTC-011
#1334,,,,,,,,,,,1,Sac Bandouliere Cuir,189.00,BAG-100
#1335,gabriel.leroy35279@example.com,paid,2026-07-02 14:36:00 +0200,EUR,189.00,0.00,0.00,37.80,226.80,,1,Sac Bandouliere Cuir,189.00,BAG-100
#1336,emma.garcia41032@example.com,paid,2026-07-02 16:23:00 +0200,EUR,169.20,18.80,0.00,33.84,203.04,,1,Porte-cartes,39.00,ACC-201
#1336,,,,,,,,,,,1,Montre Quartz 34mm,149.00,WTC-011
#1337,lucas.simon99313@example.com,paid,2026-07-02 18:16:00 +0200,EUR,258.00,0.00,0.00,51.60,309.60,,1,Sac Bandouliere Cuir,189.00,BAG-100
#1337,,,,,,,,,,,1,Pochette Zippee,69.00,BAG-101
#1338,ines.robert18@example.com,paid,2026-07-02 16:41:00 +0200,EUR,338.00,0.00,0.00,67.60,405.60,,1,Bracelet Acier Noir,49.00,BRW-001
#1338,,,,,,,,,,,1,Montre Automatique 38mm,289.00,WTC-010
#1339,camille.martin36@example.com,paid,2026-07-02 16:10:00 +0200,EUR,108.00,0.00,0.00,21.60,129.60,,1,Bracelet Acier Noir,49.00,BRW-001
#1339,,,,,,,,,,,1,Bracelet Cuir Camel,59.00,BRW-002
#1340,lea.bernard29@example.com,paid,2026-07-02 19:13:00 +0200,EUR,69.00,0.00,5.90,13.80,88.70,,1,Pochette Zippee,69.00,BAG-101
#1341,camille.robert39@example.com,paid,2026-07-02 21:53:00 +0200,EUR,438.00,0.00,0.00,87.60,525.60,,1,Montre Automatique 38mm,289.00,WTC-010
#1341,,,,,,,,,,,1,Montre Quartz 34mm,149.00,WTC-011
#1342,lea.petit59149@example.com,paid,2026-07-02 20:42:00 +0200,EUR,338.00,0.00,0.00,67.60,405.60,,1,Sac Bandouliere Cuir,189.00,BAG-100
#1342,,,,,,,,,,,1,Montre Quartz 34mm,149.00,WTC-011
#1343,paul.thomas47164@example.com,paid,2026-07-02 12:54:00 +0200,EUR,79.00,0.00,5.90,15.80,100.70,,1,Ceinture Reversible,79.00,ACC-200
#1344,louis.simon60700@example.com,paid,2026-07-02 14:59:00 +0200,EUR,71.10,7.90,5.90,14.22,91.22,,1,Ceinture Reversible,79.00,ACC-200
#1345,lucas.moreau59079@example.com,paid,2026-07-02 18:33:00 +0200,EUR,62.10,6.90,5.90,12.42,80.42,,1,Pochette Zippee,69.00,BAG-101
#1346,arthur.simon172@example.com,paid,2026-07-02 20:39:00 +0200,EUR,35.10,3.90,5.90,7.02,48.02,,1,Porte-cartes,39.00,ACC-201
#1347,sarah.petit3@example.com,paid,2026-07-02 15:06:00 +0200,EUR,289.00,0.00,0.00,57.80,346.80,,1,Montre Automatique 38mm,289.00,WTC-010
#1348,nathan.moreau54628@example.com,paid,2026-07-02 08:40:00 +0200,EUR,289.00,0.00,0.00,57.80,346.80,,1,Montre Automatique 38mm,289.00,WTC-010
#1349,gabriel.lefebvre70163@example.com,paid,2026-07-02 21:26:00 +0200,EUR,106.20,11.80,0.00,21.24,127.44,,2,Bracelet Cuir Camel,59.00,BRW-002
#1350,nathan.durand63@example.com,paid,2026-07-02 14:09:00 +0200,EUR,578.00,0.00,0.00,115.60,693.60,,2,Montre Automatique 38mm,289.00,WTC-010
#1351,theo.bernard59@example.com,paid,2026-07-02 19:46:00 +0200,EUR,53.10,5.90,5.90,10.62,69.62,,1,Bracelet Cuir Camel,59.00,BRW-002
#1352,arthur.laurent79653@example.com,paid,2026-07-03 08:50:00 +0200,EUR,39.00,0.00,5.90,7.80,52.70,,1,Porte-cartes,39.00,ACC-201
#1353,emma.laurent34164@example.com,paid,2026-07-03 11:44:00 +0200,EUR,289.00,0.00,0.00,57.80,346.80,,1,Montre Automatique 38mm,289.00,WTC-010
#1354,chloe.dubois35528@example.com,paid,2026-07-03 20:34:00 +0200,EUR,149.00,0.00,0.00,29.80,178.80,,1,Montre Quartz 34mm,149.00,WTC-011
#1355,emma.simon47254@example.com,paid,2026-07-03 14:12:00 +0200,EUR,149.00,0.00,0.00,29.80,178.80,,1,Montre Quartz 34mm,149.00,WTC-011
#1356,paul.laurent3345@example.com,paid,2026-07-03 18:54:00 +0200,EUR,260.10,28.90,0.00,52.02,312.12,,1,Montre Automatique 38mm,289.00,WTC-010
#1357,louis.laurent15516@example.com,paid,2026-07-03 20:30:00 +0200,EUR,158.00,0.00,0.00,31.60,189.60,,2,Ceinture Reversible,79.00,ACC-200
#1358,lea.moreau42@example.com,paid,2026-07-03 10:35:00 +0200,EUR,189.00,0.00,0.00,37.80,226.80,,1,Sac Bandouliere Cuir,189.00,BAG-100
#1359,ines.dubois45184@example.com,paid,2026-07-03 10:51:00 +0200,EUR,128.00,0.00,0.00,25.60,153.60,,1,Bracelet Acier Noir,49.00,BRW-001
#1359,,,,,,,,,,,1,Ceinture Reversible,79.00,ACC-200
#1360,louis.durand49654@example.com,paid,2026-07-03 13:45:00 +0200,EUR,189.00,0.00,0.00,37.80,226.80,,1,Sac Bandouliere Cuir,189.00,BAG-100
#1361,gabriel.moreau3599@example.com,paid,2026-07-03 18:48:00 +0200,EUR,69.00,0.00,5.90,13.80,88.70,,1,Pochette Zippee,69.00,BAG-101
#1362,camille.garcia69396@example.com,paid,2026-07-03 20:27:00 +0200,EUR,79.00,0.00,5.90,15.80,100.70,,1,Ceinture Reversible,79.00,ACC-200
#1363,sarah.thomas66@example.com,paid,2026-07-03 17:27:00 +0200,EUR,69.00,0.00,5.90,13.80,88.70,,1,Pochette Zippee,69.00,BAG-101
#1364,lucas.leroy93@example.com,paid,2026-07-03 20:11:00 +0200,EUR,128.00,0.00,0.00,25.60,153.60,,1,Pochette Zippee,69.00,BAG-101
#1364,,,,,,,,,,,1,Bracelet Cuir Camel,59.00,BRW-002
#1365,hugo.garcia94168@example.com,paid,2026-07-03 09:25:00 +0200,EUR,49.00,0.00,5.90,9.80,64.70,,1,Bracelet Acier Noir,49.00,BRW-001
#1366,lea.laurent30191@example.com,paid,2026-07-03 14:12:00 +0200,EUR,394.20,43.80,0.00,78.84,473.04,,1,Montre Quartz 34mm,149.00,WTC-011
#1366,,,,,,,,,,,1,Montre Automatique 38mm,289.00,WTC-010
#1367,gabriel.robert56@example.com,paid,2026-07-03 22:10:00 +0200,EUR,49.00,0.00,5.90,9.80,64.70,,1,Bracelet Acier Noir,49.00,BRW-001
#1368,hugo.leroy45@example.com,paid,2026-07-03 17:59:00 +0200,EUR,578.00,0.00,0.00,115.60,693.60,,2,Montre Automatique 38mm,289.00,WTC-010
#1369,arthur.garcia97383@example.com,paid,2026-07-03 08:56:00 +0200,EUR,304.20,33.80,0.00,60.84,365.04,,1,Montre Automatique 38mm,289.00,WTC-010
#1369,,,,,,,,,,,1,Bracelet Acier Noir,49.00,BRW-001
#1370,gabriel.dubois53456@example.com,paid,2026-07-03 21:35:00 +0200,EUR,189.00,0.00,0.00,37.80,226.80,,1,Sac Bandouliere Cuir,189.00,BAG-100
#1371,camille.laurent48118@example.com,paid,2026-07-03 17:18:00 +0200,EUR,118.00,0.00,0.00,23.60,141.60,,1,Bracelet Acier Noir,49.00,BRW-001
#1371,,,,,,,,,,,1,Pochette Zippee,69.00,BAG-101
#1372,ines.thomas54819@example.com,paid,2026-07-04 18:26:00 +0200,EUR,39.00,0.00,5.90,7.80,52.70,,1,Porte-cartes,39.00,ACC-201
#1373,sarah.laurent45@example.com,paid,2026-07-04 21:57:00 +0200,EUR,39.00,0.00,5.90,7.80,52.70,,1,Porte-cartes,39.00,ACC-201
#1374,lea.laurent93@example.com,paid,2026-07-04 12:54:00 +0200,EUR,338.00,0.00,0.00,67.60,405.60,,1,Montre Automatique 38mm,289.00,WTC-010
#1374,,,,,,,,,,,1,Bracelet Acier Noir,49.00,BRW-001
#1375,lucas.simon99313@example.com,paid,2026-07-04 11:32:00 +0200,EUR,578.00,0.00,0.00,115.60,693.60,,2,Montre Automatique 38mm,289.00,WTC-010
#1376,louis.bernard38@example.com,paid,2026-07-04 21:25:00 +0200,EUR,170.10,18.90,0.00,34.02,204.12,,1,Sac Bandouliere Cuir,189.00,BAG-100
#1377,lucas.martin75958@example.com,paid,2026-07-04 14:14:00 +0200,EUR,49.00,0.00,5.90,9.80,64.70,,1,Bracelet Acier Noir,49.00,BRW-001
#1378,nathan.martin93681@example.com,paid,2026-07-04 17:16:00 +0200,EUR,170.10,18.90,0.00,34.02,204.12,,1,Sac Bandouliere Cuir,189.00,BAG-100
#1379,gabriel.durand36079@example.com,paid,2026-07-04 19:51:00 +0200,EUR,149.00,0.00,0.00,29.80,178.80,,1,Montre Quartz 34mm,149.00,WTC-011
#1380,hugo.thomas29762@example.com,paid,2026-07-04 14:50:00 +0200,EUR,189.00,0.00,0.00,37.80,226.80,,1,Sac Bandouliere Cuir,189.00,BAG-100
#1381,jade.thomas57876@example.com,paid,2026-07-04 10:24:00 +0200,EUR,39.00,0.00,5.90,7.80,52.70,,1,Porte-cartes,39.00,ACC-201
#1382,sarah.thomas14897@example.com,paid,2026-07-04 14:25:00 +0200,EUR,189.00,0.00,0.00,37.80,226.80,,1,Sac Bandouliere Cuir,189.00,BAG-100
#1383,hugo.garcia37905@example.com,paid,2026-07-04 12:56:00 +0200,EUR,170.10,18.90,0.00,34.02,204.12,,1,Sac Bandouliere Cuir,189.00,BAG-100
#1384,chloe.michel94@example.com,paid,2026-07-04 10:43:00 +0200,EUR,78.00,0.00,5.90,15.60,99.50,,2,Porte-cartes,39.00,ACC-201
#1385,arthur.laurent39338@example.com,paid,2026-07-04 09:33:00 +0200,EUR,289.00,0.00,0.00,57.80,346.80,,1,Montre Automatique 38mm,289.00,WTC-010
#1386,paul.petit10296@example.com,paid,2026-07-04 14:06:00 +0200,EUR,298.00,0.00,0.00,59.60,357.60,,2,Montre Quartz 34mm,149.00,WTC-011
#1387,chloe.thomas8@example.com,paid,2026-07-04 12:54:00 +0200,EUR,430.20,47.80,0.00,86.04,516.24,,1,Montre Automatique 38mm,289.00,WTC-010
#1387,,,,,,,,,,,1,Sac Bandouliere Cuir,189.00,BAG-100
#1388,paul.martin46461@example.com,paid,2026-07-04 11:53:00 +0200,EUR,170.10,18.90,0.00,34.02,204.12,,1,Sac Bandouliere Cuir,189.00,BAG-100
#1389,chloe.simon53767@example.com,paid,2026-07-05 22:45:00 +0200,EUR,289.00,0.00,0.00,57.80,346.80,,1,Montre Automatique 38mm,289.00,WTC-010
#1390,lea.michel64082@example.com,paid,2026-07-05 21:18:00 +0200,EUR,49.00,0.00,5.90,9.80,64.70,,1,Bracelet Acier Noir,49.00,BRW-001
#1391,emma.robert42430@example.com,paid,2026-07-05 13:24:00 +0200,EUR,289.00,0.00,0.00,57.80,346.80,,1,Montre Automatique 38mm,289.00,WTC-010
#1392,chloe.dubois43849@example.com,paid,2026-07-05 13:39:00 +0200,EUR,79.00,0.00,5.90,15.80,100.70,,1,Ceinture Reversible,79.00,ACC-200
#1393,manon.lefebvre18@example.com,paid,2026-07-05 13:08:00 +0200,EUR,49.00,0.00,5.90,9.80,64.70,,1,Bracelet Acier Noir,49.00,BRW-001
#1394,camille.durand1665@example.com,paid,2026-07-05 21:25:00 +0200,EUR,118.00,0.00,0.00,23.60,141.60,,1,Ceinture Reversible,79.00,ACC-200
#1394,,,,,,,,,,,1,Porte-cartes,39.00,ACC-201
#1395,theo.lefebvre72@example.com,paid,2026-07-05 15:39:00 +0200,EUR,578.00,0.00,0.00,115.60,693.60,,2,Montre Automatique 38mm,289.00,WTC-010
#1396,louis.simon99818@example.com,paid,2026-07-05 08:56:00 +0200,EUR,49.00,0.00,5.90,9.80,64.70,,1,Bracelet Acier Noir,49.00,BRW-001
#1397,nathan.laurent99086@example.com,paid,2026-07-05 21:08:00 +0200,EUR,71.10,7.90,5.90,14.22,91.22,,1,Ceinture Reversible,79.00,ACC-200
#1398,camille.lefebvre45@example.com,paid,2026-07-05 11:01:00 +0200,EUR,478.00,0.00,0.00,95.60,573.60,,1,Montre Automatique 38mm,289.00,WTC-010
#1398,,,,,,,,,,,1,Sac Bandouliere Cuir,189.00,BAG-100
#1399,lea.durand59342@example.com,paid,2026-07-05 21:41:00 +0200,EUR,39.00,0.00,5.90,7.80,52.70,,1,Porte-cartes,39.00,ACC-201
#1400,camille.laurent75106@example.com,paid,2026-07-05 14:42:00 +0200,EUR,260.10,28.90,0.00,52.02,312.12,,1,Montre Automatique 38mm,289.00,WTC-010
#1401,camille.lefebvre30321@example.com,paid,2026-07-05 18:08:00 +0200,EUR,62.10,6.90,5.90,12.42,80.42,,1,Pochette Zippee,69.00,BAG-101
#1402,nathan.dubois10@example.com,paid,2026-07-05 13:48:00 +0200,EUR,71.10,7.90,5.90,14.22,91.22,,1,Ceinture Reversible,79.00,ACC-200
#1403,lucas.thomas10528@example.com,paid,2026-07-05 08:58:00 +0200,EUR,427.00,0.00,0.00,85.40,512.40,,2,Sac Bandouliere Cuir,189.00,BAG-100
#1403,,,,,,,,,,,1,Bracelet Acier Noir,49.00,BRW-001
#1404,arthur.michel63@example.com,paid,2026-07-05 13:56:00 +0200,EUR,358.00,0.00,0.00,71.60,429.60,,1,Pochette Zippee,69.00,BAG-101
#1404,,,,,,,,,,,1,Montre Automatique 38mm,289.00,WTC-010
#1405,louis.bernard34395@example.com,paid,2026-07-05 22:12:00 +0200,EUR,79.00,0.00,5.90,15.80,100.70,,1,Ceinture Reversible,79.00,ACC-200
#1406,sarah.garcia89@example.com,paid,2026-07-05 22:15:00 +0200,EUR,289.00,0.00,0.00,57.80,346.80,,1,Montre Automatique 38mm,289.00,WTC-010
#1407,nathan.martin93681@example.com,paid,2026-07-05 13:55:00 +0200,EUR,49.00,0.00,5.90,9.80,64.70,,1,Bracelet Acier Noir,49.00,BRW-001
#1408,paul.laurent65496@example.com,paid,2026-07-05 16:41:00 +0200,EUR,289.00,0.00,0.00,57.80,346.80,,1,Montre Automatique 38mm,289.00,WTC-010
#1409,sarah.durand99@example.com,paid,2026-07-05 20:27:00 +0200,EUR,198.00,0.00,0.00,39.60,237.60,,1,Montre Quartz 34mm,149.00,WTC-011
#1409,,,,,,,,,,,1,Bracelet Acier Noir,49.00,BRW-001
#1410,arthur.robert55@example.com,paid,2026-07-05 21:13:00 +0200,EUR,79.00,0.00,5.90,15.80,100.70,,1,Ceinture Reversible,79.00,ACC-200
#1411,chloe.dubois43849@example.com,refunded,2026-07-06 08:23:00 +0200,EUR,39.00,0.00,5.90,7.80,52.70,25.51,1,Porte-cartes,39.00,ACC-201
#1412,arthur.durand94@example.com,paid,2026-07-06 21:50:00 +0200,EUR,62.10,6.90,5.90,12.42,80.42,,1,Pochette Zippee,69.00,BAG-101
#1413,arthur.moreau6890@example.com,paid,2026-07-06 19:17:00 +0200,EUR,62.10,6.90,5.90,12.42,80.42,,1,Pochette Zippee,69.00,BAG-101
#1414,emma.bernard89@example.com,paid,2026-07-06 08:59:00 +0200,EUR,348.00,0.00,0.00,69.60,417.60,,1,Bracelet Cuir Camel,59.00,BRW-002
#1414,,,,,,,,,,,1,Montre Automatique 38mm,289.00,WTC-010
#1415,manon.dubois17467@example.com,paid,2026-07-06 18:56:00 +0200,EUR,35.10,3.90,5.90,7.02,48.02,,1,Porte-cartes,39.00,ACC-201
#1416,gabriel.bernard75613@example.com,paid,2026-07-06 08:15:00 +0200,EUR,49.00,0.00,5.90,9.80,64.70,,1,Bracelet Acier Noir,49.00,BRW-001
#1417,chloe.garcia2@example.com,paid,2026-07-06 22:09:00 +0200,EUR,49.00,0.00,5.90,9.80,64.70,,1,Bracelet Acier Noir,49.00,BRW-001
#1418,louis.leroy95@example.com,paid,2026-07-06 19:50:00 +0200,EUR,39.00,0.00,5.90,7.80,52.70,,1,Porte-cartes,39.00,ACC-201
#1419,ines.martin24462@example.com,paid,2026-07-06 13:43:00 +0200,EUR,59.00,0.00,5.90,11.80,76.70,,1,Bracelet Cuir Camel,59.00,BRW-002
#1420,chloe.bernard28@example.com,paid,2026-07-06 14:58:00 +0200,EUR,79.00,0.00,5.90,15.80,100.70,,1,Ceinture Reversible,79.00,ACC-200
#1421,chloe.martin80616@example.com,paid,2026-07-06 08:10:00 +0200,EUR,228.00,0.00,0.00,45.60,273.60,,1,Ceinture Reversible,79.00,ACC-200
#1421,,,,,,,,,,,1,Montre Quartz 34mm,149.00,WTC-011
#1422,hugo.simon32061@example.com,paid,2026-07-06 20:45:00 +0200,EUR,258.30,28.70,0.00,51.66,309.96,,1,Sac Bandouliere Cuir,189.00,BAG-100
#1422,,,,,,,,,,,2,Bracelet Acier Noir,49.00,BRW-001
#1423,emma.simon47254@example.com,paid,2026-07-06 08:12:00 +0200,EUR,142.20,15.80,0.00,28.44,170.64,,2,Ceinture Reversible,79.00,ACC-200
#1424,paul.martin32274@example.com,paid,2026-07-06 19:01:00 +0200,EUR,69.00,0.00,5.90,13.80,88.70,,1,Pochette Zippee,69.00,BAG-101
#1425,emma.bernard89@example.com,paid,2026-07-06 15:25:00 +0200,EUR,49.00,0.00,5.90,9.80,64.70,,1,Bracelet Acier Noir,49.00,BRW-001
#1426,camille.martin16152@example.com,paid,2026-07-06 17:09:00 +0200,EUR,189.00,0.00,0.00,37.80,226.80,,1,Sac Bandouliere Cuir,189.00,BAG-100
#1427,jade.petit81@example.com,paid,2026-07-06 22:32:00 +0200,EUR,289.00,0.00,0.00,57.80,346.80,,1,Montre Automatique 38mm,289.00,WTC-010
#1428,chloe.michel84589@example.com,paid,2026-07-06 17:09:00 +0200,EUR,79.00,0.00,5.90,15.80,100.70,,1,Ceinture Reversible,79.00,ACC-200
#1429,theo.laurent74@example.com,paid,2026-07-06 20:13:00 +0200,EUR,49.00,0.00,5.90,9.80,64.70,,1,Bracelet Acier Noir,49.00,BRW-001
#1430,chloe.bernard98440@example.com,paid,2026-07-06 16:42:00 +0200,EUR,88.00,0.00,0.00,17.60,105.60,,1,Bracelet Acier Noir,49.00,BRW-001
#1430,,,,,,,,,,,1,Porte-cartes,39.00,ACC-201
#1431,camille.martin71920@example.com,paid,2026-07-06 21:59:00 +0200,EUR,338.00,0.00,0.00,67.60,405.60,,1,Sac Bandouliere Cuir,189.00,BAG-100
#1431,,,,,,,,,,,1,Montre Quartz 34mm,149.00,WTC-011
#1432,camille.laurent75106@example.com,paid,2026-07-06 11:53:00 +0200,EUR,189.00,0.00,0.00,37.80,226.80,,1,Sac Bandouliere Cuir,189.00,BAG-100
#1433,jade.dubois93254@example.com,paid,2026-07-06 18:05:00 +0200,EUR,348.00,0.00,0.00,69.60,417.60,,1,Bracelet Cuir Camel,59.00,BRW-002
#1433,,,,,,,,,,,1,Montre Automatique 38mm,289.00,WTC-010
#1434,ines.moreau96@example.com,paid,2026-07-06 20:04:00 +0200,EUR,228.00,0.00,0.00,45.60,273.60,,1,Porte-cartes,39.00,ACC-201
#1434,,,,,,,,,,,1,Sac Bandouliere Cuir,189.00,BAG-100
#1435,emma.michel4@example.com,paid,2026-07-07 09:44:00 +0200,EUR,69.00,0.00,5.90,13.80,88.70,,1,Pochette Zippee,69.00,BAG-101
#1436,louis.simon99818@example.com,paid,2026-07-07 18:45:00 +0200,EUR,260.10,28.90,0.00,52.02,312.12,,1,Montre Automatique 38mm,289.00,WTC-010
#1437,gabriel.garcia84@example.com,paid,2026-07-07 17:38:00 +0200,EUR,149.00,0.00,0.00,29.80,178.80,,1,Montre Quartz 34mm,149.00,WTC-011
#1438,sarah.durand66180@example.com,paid,2026-07-07 09:31:00 +0200,EUR,127.00,0.00,0.00,25.40,152.40,,2,Porte-cartes,39.00,ACC-201
#1438,,,,,,,,,,,1,Bracelet Acier Noir,49.00,BRW-001
#1439,lucas.thomas2@example.com,paid,2026-07-07 12:49:00 +0200,EUR,157.00,0.00,0.00,31.40,188.40,,1,Porte-cartes,39.00,ACC-201
#1439,,,,,,,,,,,2,Bracelet Cuir Camel,59.00,BRW-002
#1440,lea.leroy88@example.com,refunded,2026-07-07 14:04:00 +0200,EUR,44.10,4.90,5.90,8.82,58.82,36.86,1,Bracelet Acier Noir,49.00,BRW-001
#1441,louis.moreau67977@example.com,paid,2026-07-07 17:25:00 +0200,EUR,62.10,6.90,5.90,12.42,80.42,,1,Pochette Zippee,69.00,BAG-101
#1442,sarah.laurent69315@example.com,paid,2026-07-07 12:57:00 +0200,EUR,133.20,14.80,0.00,26.64,159.84,,1,Pochette Zippee,69.00,BAG-101
#1442,,,,,,,,,,,1,Ceinture Reversible,79.00,ACC-200
#1443,emma.leroy23@example.com,paid,2026-07-07 17:33:00 +0200,EUR,338.00,0.00,0.00,67.60,405.60,,1,Sac Bandouliere Cuir,189.00,BAG-100
#1443,,,,,,,,,,,1,Montre Quartz 34mm,149.00,WTC-011
#1444,lucas.petit75865@example.com,paid,2026-07-07 18:43:00 +0200,EUR,260.10,28.90,0.00,52.02,312.12,,1,Montre Automatique 38mm,289.00,WTC-010
#1445,theo.laurent74@example.com,paid,2026-07-07 08:19:00 +0200,EUR,39.00,0.00,5.90,7.80,52.70,,1,Porte-cartes,39.00,ACC-201
#1446,camille.lefebvre30321@example.com,paid,2026-07-07 19:12:00 +0200,EUR,39.00,0.00,5.90,7.80,52.70,,1,Porte-cartes,39.00,ACC-201
#1447,jade.martin2351@example.com,paid,2026-07-07 17:42:00 +0200,EUR,438.00,0.00,0.00,87.60,525.60,,1,Montre Automatique 38mm,289.00,WTC-010
#1447,,,,,,,,,,,1,Montre Quartz 34mm,149.00,WTC-011
#1448,arthur.garcia97383@example.com,paid,2026-07-07 08:12:00 +0200,EUR,134.10,14.90,0.00,26.82,160.92,,1,Montre Quartz 34mm,149.00,WTC-011
#1449,arthur.michel19382@example.com,paid,2026-07-07 10:46:00 +0200,EUR,258.00,0.00,0.00,51.60,309.60,,1,Sac Bandouliere Cuir,189.00,BAG-100
#1449,,,,,,,,,,,1,Pochette Zippee,69.00,BAG-101
#1450,nathan.petit29@example.com,paid,2026-07-07 21:45:00 +0200,EUR,118.00,0.00,0.00,23.60,141.60,,1,Ceinture Reversible,79.00,ACC-200
#1450,,,,,,,,,,,1,Porte-cartes,39.00,ACC-201
#1451,hugo.simon16477@example.com,paid,2026-07-07 14:25:00 +0200,EUR,358.00,0.00,0.00,71.60,429.60,,1,Montre Automatique 38mm,289.00,WTC-010
#1451,,,,,,,,,,,1,Pochette Zippee,69.00,BAG-101
#1452,jade.leroy37@example.com,paid,2026-07-07 12:40:00 +0200,EUR,159.30,17.70,0.00,31.86,191.16,,1,Porte-cartes,39.00,ACC-201
#1452,,,,,,,,,,,2,Pochette Zippee,69.00,BAG-101
#1453,chloe.durand80@example.com,paid,2026-07-07 15:02:00 +0200,EUR,59.00,0.00,5.90,11.80,76.70,,1,Bracelet Cuir Camel,59.00,BRW-002
#1454,theo.simon10136@example.com,paid,2026-07-07 22:26:00 +0200,EUR,78.00,0.00,5.90,15.60,99.50,,2,Porte-cartes,39.00,ACC-201
#1455,ines.petit48@example.com,paid,2026-07-07 20:18:00 +0200,EUR,149.00,0.00,0.00,29.80,178.80,,1,Montre Quartz 34mm,149.00,WTC-011
#1456,manon.simon41@example.com,paid,2026-07-07 08:39:00 +0200,EUR,39.00,0.00,5.90,7.80,52.70,,1,Porte-cartes,39.00,ACC-201
#1457,jade.leroy25@example.com,paid,2026-07-07 20:02:00 +0200,EUR,79.00,0.00,5.90,15.80,100.70,,1,Ceinture Reversible,79.00,ACC-200
#1458,arthur.durand70@example.com,paid,2026-07-07 20:45:00 +0200,EUR,79.00,0.00,5.90,15.80,100.70,,1,Ceinture Reversible,79.00,ACC-200
#1459,arthur.martin5186@example.com,paid,2026-07-07 15:09:00 +0200,EUR,208.00,0.00,0.00,41.60,249.60,,1,Bracelet Cuir Camel,59.00,BRW-002
#1459,,,,,,,,,,,1,Montre Quartz 34mm,149.00,WTC-011
#1460,lea.bernard46@example.com,paid,2026-07-07 11:45:00 +0200,EUR,189.00,0.00,0.00,37.80,226.80,,1,Sac Bandouliere Cuir,189.00,BAG-100
#1461,jade.garcia91009@example.com,paid,2026-07-07 11:20:00 +0200,EUR,189.00,0.00,0.00,37.80,226.80,,1,Sac Bandouliere Cuir,189.00,BAG-100
#1462,chloe.lefebvre91@example.com,paid,2026-07-08 20:55:00 +0200,EUR,39.00,0.00,5.90,7.80,52.70,,1,Porte-cartes,39.00,ACC-201
#1463,emma.martin41302@example.com,paid,2026-07-08 09:15:00 +0200,EUR,289.00,0.00,0.00,57.80,346.80,,1,Montre Automatique 38mm,289.00,WTC-010
#1464,manon.martin77@example.com,paid,2026-07-08 18:21:00 +0200,EUR,218.00,0.00,0.00,43.60,261.60,,1,Montre Quartz 34mm,149.00,WTC-011
#1464,,,,,,,,,,,1,Pochette Zippee,69.00,BAG-101
#1465,paul.dubois39@example.com,paid,2026-07-08 14:23:00 +0200,EUR,228.00,0.00,0.00,45.60,273.60,,1,Montre Quartz 34mm,149.00,WTC-011
#1465,,,,,,,,,,,1,Ceinture Reversible,79.00,ACC-200
#1466,manon.leroy67882@example.com,paid,2026-07-08 22:16:00 +0200,EUR,49.00,0.00,5.90,9.80,64.70,,1,Bracelet Acier Noir,49.00,BRW-001
#1467,gabriel.garcia48@example.com,paid,2026-07-08 15:02:00 +0200,EUR,69.00,0.00,5.90,13.80,88.70,,1,Pochette Zippee,69.00,BAG-101
#1468,hugo.laurent85@example.com,paid,2026-07-08 22:41:00 +0200,EUR,35.10,3.90,5.90,7.02,48.02,,1,Porte-cartes,39.00,ACC-201
#1469,jade.dubois93254@example.com,paid,2026-07-08 17:36:00 +0200,EUR,49.00,0.00,5.90,9.80,64.70,,1,Bracelet Acier Noir,49.00,BRW-001
#1470,camille.garcia96169@example.com,paid,2026-07-08 13:29:00 +0200,EUR,62.10,6.90,5.90,12.42,80.42,,1,Pochette Zippee,69.00,BAG-101
#1471,nathan.dubois60@example.com,paid,2026-07-08 18:06:00 +0200,EUR,79.00,0.00,5.90,15.80,100.70,,1,Ceinture Reversible,79.00,ACC-200
#1472,jade.thomas36075@example.com,paid,2026-07-08 15:28:00 +0200,EUR,208.00,0.00,0.00,41.60,249.60,,1,Montre Quartz 34mm,149.00,WTC-011
#1472,,,,,,,,,,,1,Bracelet Cuir Camel,59.00,BRW-002
#1473,jade.robert87999@example.com,paid,2026-07-08 13:02:00 +0200,EUR,79.00,0.00,5.90,15.80,100.70,,1,Ceinture Reversible,79.00,ACC-200
#1474,chloe.robert44212@example.com,paid,2026-07-08 15:15:00 +0200,EUR,208.00,0.00,0.00,41.60,249.60,,1,Montre Quartz 34mm,149.00,WTC-011
#1474,,,,,,,,,,,1,Bracelet Cuir Camel,59.00,BRW-002
#1475,hugo.durand53756@example.com,paid,2026-07-08 11:24:00 +0200,EUR,39.00,0.00,5.90,7.80,52.70,,1,Porte-cartes,39.00,ACC-201
#1476,lucas.thomas2@example.com,paid,2026-07-08 17:41:00 +0200,EUR,289.00,0.00,0.00,57.80,346.80,,1,Montre Automatique 38mm,289.00,WTC-010
#1477,nathan.laurent38437@example.com,paid,2026-07-08 12:49:00 +0200,EUR,39.00,0.00,5.90,7.80,52.70,,1,Porte-cartes,39.00,ACC-201
#1478,lucas.bernard21571@example.com,paid,2026-07-08 16:12:00 +0200,EUR,49.00,0.00,5.90,9.80,64.70,,1,Bracelet Acier Noir,49.00,BRW-001
#1479,arthur.durand14@example.com,paid,2026-07-08 21:54:00 +0200,EUR,59.00,0.00,5.90,11.80,76.70,,1,Bracelet Cuir Camel,59.00,BRW-002
#1480,camille.michel69522@example.com,paid,2026-07-08 15:48:00 +0200,EUR,304.20,33.80,0.00,60.84,365.04,,1,Sac Bandouliere Cuir,189.00,BAG-100
#1480,,,,,,,,,,,1,Montre Quartz 34mm,149.00,WTC-011
#1481,chloe.simon7486@example.com,paid,2026-07-08 20:26:00 +0200,EUR,53.10,5.90,5.90,10.62,69.62,,1,Bracelet Cuir Camel,59.00,BRW-002
#1482,ines.laurent15@example.com,paid,2026-07-08 16:39:00 +0200,EUR,289.00,0.00,0.00,57.80,346.80,,1,Montre Automatique 38mm,289.00,WTC-010
#1483,paul.simon55375@example.com,paid,2026-07-08 21:15:00 +0200,EUR,71.10,7.90,5.90,14.22,91.22,,1,Ceinture Reversible,79.00,ACC-200
#1484,louis.simon22275@example.com,paid,2026-07-08 22:18:00 +0200,EUR,149.00,0.00,0.00,29.80,178.80,,1,Montre Quartz 34mm,149.00,WTC-011
#1485,emma.michel1509@example.com,paid,2026-07-08 14:29:00 +0200,EUR,97.20,10.80,0.00,19.44,116.64,,1,Bracelet Acier Noir,49.00,BRW-001
#1485,,,,,,,,,,,1,Bracelet Cuir Camel,59.00,BRW-002
#1486,manon.durand39@example.com,paid,2026-07-08 15:09:00 +0200,EUR,148.00,0.00,0.00,29.60,177.60,,1,Ceinture Reversible,79.00,ACC-200
#1486,,,,,,,,,,,1,Pochette Zippee,69.00,BAG-101
#1487,nathan.bernard2@example.com,paid,2026-07-09 14:58:00 +0200,EUR,189.00,0.00,0.00,37.80,226.80,,1,Sac Bandouliere Cuir,189.00,BAG-100
#1488,jade.garcia85847@example.com,paid,2026-07-09 18:54:00 +0200,EUR,124.20,13.80,0.00,24.84,149.04,,1,Bracelet Cuir Camel,59.00,BRW-002
#1488,,,,,,,,,,,1,Ceinture Reversible,79.00,ACC-200
#1489,nathan.laurent4@example.com,paid,2026-07-09 09:48:00 +0200,EUR,138.00,0.00,0.00,27.60,165.60,,1,Bracelet Cuir Camel,59.00,BRW-002
#1489,,,,,,,,,,,1,Ceinture Reversible,79.00,ACC-200
#1490,emma.lefebvre71@example.com,paid,2026-07-09 11:35:00 +0200,EUR,49.00,0.00,5.90,9.80,64.70,,1,Bracelet Acier Noir,49.00,BRW-001
#1491,theo.dubois29669@example.com,paid,2026-07-09 10:17:00 +0200,EUR,134.10,14.90,0.00,26.82,160.92,,1,Montre Quartz 34mm,149.00,WTC-011
#1492,lucas.lefebvre89683@example.com,paid,2026-07-09 10:29:00 +0200,EUR,340.20,37.80,0.00,68.04,408.24,,2,Sac Bandouliere Cuir,189.00,BAG-100
#1493,camille.laurent48118@example.com,paid,2026-07-09 22:53:00 +0200,EUR,149.00,0.00,0.00,29.80,178.80,,1,Montre Quartz 34mm,149.00,WTC-011
#1494,camille.martin90@example.com,paid,2026-07-09 18:21:00 +0200,EUR,313.20,34.80,0.00,62.64,375.84,,1,Bracelet Cuir Camel,59.00,BRW-002
#1494,,,,,,,,,,,1,Montre Automatique 38mm,289.00,WTC-010
#1495,lucas.lefebvre89683@example.com,paid,2026-07-09 10:09:00 +0200,EUR,71.10,7.90,5.90,14.22,91.22,,1,Ceinture Reversible,79.00,ACC-200
#1496,ines.leroy45@example.com,paid,2026-07-09 10:06:00 +0200,EUR,149.00,0.00,0.00,29.80,178.80,,1,Montre Quartz 34mm,149.00,WTC-011
#1497,lucas.simon73@example.com,paid,2026-07-09 22:23:00 +0200,EUR,189.00,0.00,0.00,37.80,226.80,,1,Sac Bandouliere Cuir,189.00,BAG-100
#1498,lea.leroy34081@example.com,paid,2026-07-09 10:32:00 +0200,EUR,35.10,3.90,5.90,7.02,48.02,,1,Porte-cartes,39.00,ACC-201
#1499,chloe.moreau24120@example.com,paid,2026-07-09 16:39:00 +0200,EUR,118.00,0.00,0.00,23.60,141.60,,1,Pochette Zippee,69.00,BAG-101
#1499,,,,,,,,,,,1,Bracelet Acier Noir,49.00,BRW-001
#1500,nathan.bernard66@example.com,paid,2026-07-09 13:49:00 +0200,EUR,289.00,0.00,0.00,57.80,346.80,,1,Montre Automatique 38mm,289.00,WTC-010
#1501,louis.simon65650@example.com,paid,2026-07-09 20:35:00 +0200,EUR,49.00,0.00,5.90,9.80,64.70,,1,Bracelet Acier Noir,49.00,BRW-001
#1502,manon.robert2@example.com,paid,2026-07-09 21:12:00 +0200,EUR,59.00,0.00,5.90,11.80,76.70,,1,Bracelet Cuir Camel,59.00,BRW-002
#1503,theo.lefebvre72@example.com,paid,2026-07-09 14:00:00 +0200,EUR,260.10,28.90,0.00,52.02,312.12,,1,Montre Automatique 38mm,289.00,WTC-010
#1504,camille.thomas54146@example.com,paid,2026-07-09 12:49:00 +0200,EUR,289.00,0.00,0.00,57.80,346.80,,1,Montre Automatique 38mm,289.00,WTC-010
#1505,arthur.moreau6890@example.com,paid,2026-07-09 13:22:00 +0200,EUR,238.00,0.00,0.00,47.60,285.60,,1,Bracelet Acier Noir,49.00,BRW-001
#1505,,,,,,,,,,,1,Sac Bandouliere Cuir,189.00,BAG-100
#1506,lea.dubois10944@example.com,paid,2026-07-09 22:41:00 +0200,EUR,189.00,0.00,0.00,37.80,226.80,,1,Sac Bandouliere Cuir,189.00,BAG-100
#1507,sarah.simon33@example.com,paid,2026-07-09 08:26:00 +0200,EUR,207.00,0.00,0.00,41.40,248.40,,1,Bracelet Acier Noir,49.00,BRW-001
#1507,,,,,,,,,,,2,Ceinture Reversible,79.00,ACC-200
#1508,jade.thomas93305@example.com,paid,2026-07-09 13:25:00 +0200,EUR,248.00,0.00,0.00,49.60,297.60,,1,Sac Bandouliere Cuir,189.00,BAG-100
#1508,,,,,,,,,,,1,Bracelet Cuir Camel,59.00,BRW-002
#1509,camille.martin36@example.com,paid,2026-07-09 20:04:00 +0200,EUR,108.00,0.00,0.00,21.60,129.60,,1,Bracelet Acier Noir,49.00,BRW-001
#1509,,,,,,,,,,,1,Bracelet Cuir Camel,59.00,BRW-002
#1510,camille.garcia97789@example.com,paid,2026-07-09 10:13:00 +0200,EUR,49.00,0.00,5.90,9.80,64.70,,1,Bracelet Acier Noir,49.00,BRW-001
#1511,gabriel.petit59900@example.com,paid,2026-07-10 11:55:00 +0200,EUR,348.00,0.00,0.00,69.60,417.60,,1,Montre Automatique 38mm,289.00,WTC-010
#1511,,,,,,,,,,,1,Bracelet Cuir Camel,59.00,BRW-002
#1512,paul.martin24@example.com,paid,2026-07-10 16:25:00 +0200,EUR,189.00,0.00,0.00,37.80,226.80,,1,Sac Bandouliere Cuir,189.00,BAG-100
#1513,nathan.martin54@example.com,paid,2026-07-10 12:58:00 +0200,EUR,358.00,0.00,0.00,71.60,429.60,,1,Pochette Zippee,69.00,BAG-101
#1513,,,,,,,,,,,1,Montre Automatique 38mm,289.00,WTC-010
#1514,jade.laurent22@example.com,paid,2026-07-10 16:25:00 +0200,EUR,62.10,6.90,5.90,12.42,80.42,,1,Pochette Zippee,69.00,BAG-101
#1515,manon.lefebvre60476@example.com,paid,2026-07-10 11:50:00 +0200,EUR,69.00,0.00,5.90,13.80,88.70,,1,Pochette Zippee,69.00,BAG-101
#1516,jade.petit21254@example.com,paid,2026-07-10 14:53:00 +0200,EUR,149.00,0.00,0.00,29.80,178.80,,1,Montre Quartz 34mm,149.00,WTC-011
#1517,louis.bernard16230@example.com,paid,2026-07-10 21:59:00 +0200,EUR,39.00,0.00,5.90,7.80,52.70,,1,Porte-cartes,39.00,ACC-201
#1518,sarah.bernard35653@example.com,paid,2026-07-10 18:33:00 +0200,EUR,39.00,0.00,5.90,7.80,52.70,,1,Porte-cartes,39.00,ACC-201
#1519,nathan.laurent4@example.com,paid,2026-07-10 15:12:00 +0200,EUR,289.00,0.00,0.00,57.80,346.80,,1,Montre Automatique 38mm,289.00,WTC-010
#1520,manon.garcia97693@example.com,paid,2026-07-10 20:46:00 +0200,EUR,59.00,0.00,5.90,11.80,76.70,,1,Bracelet Cuir Camel,59.00,BRW-002
#1521,lea.thomas10@example.com,paid,2026-07-10 08:41:00 +0200,EUR,289.00,0.00,0.00,57.80,346.80,,1,Montre Automatique 38mm,289.00,WTC-010
#1522,theo.dubois29669@example.com,paid,2026-07-10 20:14:00 +0200,EUR,49.00,0.00,5.90,9.80,64.70,,1,Bracelet Acier Noir,49.00,BRW-001
#1523,jade.garcia52868@example.com,paid,2026-07-10 12:04:00 +0200,EUR,248.00,0.00,0.00,49.60,297.60,,1,Bracelet Cuir Camel,59.00,BRW-002
#1523,,,,,,,,,,,1,Sac Bandouliere Cuir,189.00,BAG-100
#1524,manon.thomas97@example.com,paid,2026-07-10 14:55:00 +0200,EUR,39.00,0.00,5.90,7.80,52.70,,1,Porte-cartes,39.00,ACC-201
#1525,sarah.thomas16574@example.com,paid,2026-07-10 20:12:00 +0200,EUR,98.00,0.00,0.00,19.60,117.60,,2,Bracelet Acier Noir,49.00,BRW-001
#1526,manon.simon39@example.com,paid,2026-07-10 17:35:00 +0200,EUR,79.20,8.80,0.00,15.84,95.04,,1,Bracelet Acier Noir,49.00,BRW-001
#1526,,,,,,,,,,,1,Porte-cartes,39.00,ACC-201
#1527,louis.garcia72@example.com,paid,2026-07-10 09:15:00 +0200,EUR,134.10,14.90,0.00,26.82,160.92,,1,Montre Quartz 34mm,149.00,WTC-011
#1528,chloe.martin40@example.com,paid,2026-07-10 08:06:00 +0200,EUR,289.00,0.00,0.00,57.80,346.80,,1,Montre Automatique 38mm,289.00,WTC-010
#1529,nathan.moreau54628@example.com,paid,2026-07-10 22:35:00 +0200,EUR,49.00,0.00,5.90,9.80,64.70,,1,Bracelet Acier Noir,49.00,BRW-001
#1530,louis.thomas49869@example.com,paid,2026-07-10 15:36:00 +0200,EUR,338.00,0.00,0.00,67.60,405.60,,1,Montre Automatique 38mm,289.00,WTC-010
#1530,,,,,,,,,,,1,Bracelet Acier Noir,49.00,BRW-001
#1531,camille.bernard97@example.com,paid,2026-07-10 10:29:00 +0200,EUR,59.00,0.00,5.90,11.80,76.70,,1,Bracelet Cuir Camel,59.00,BRW-002
#1532,chloe.petit14772@example.com,paid,2026-07-10 20:09:00 +0200,EUR,578.00,0.00,0.00,115.60,693.60,,2,Montre Automatique 38mm,289.00,WTC-010
#1533,theo.martin14@example.com,paid,2026-07-11 20:57:00 +0200,EUR,378.00,0.00,0.00,75.60,453.60,,2,Sac Bandouliere Cuir,189.00,BAG-100
#1534,louis.simon11@example.com,paid,2026-07-11 10:39:00 +0200,EUR,189.00,0.00,0.00,37.80,226.80,,1,Sac Bandouliere Cuir,189.00,BAG-100
#1535,manon.michel79544@example.com,paid,2026-07-11 22:46:00 +0200,EUR,44.10,4.90,5.90,8.82,58.82,,1,Bracelet Acier Noir,49.00,BRW-001
#1536,chloe.dubois52937@example.com,paid,2026-07-11 10:58:00 +0200,EUR,79.00,0.00,5.90,15.80,100.70,,1,Ceinture Reversible,79.00,ACC-200
#1537,chloe.moreau81805@example.com,paid,2026-07-11 09:53:00 +0200,EUR,289.00,0.00,0.00,57.80,346.80,,1,Montre Automatique 38mm,289.00,WTC-010
#1538,camille.bernard93749@example.com,paid,2026-07-11 18:28:00 +0200,EUR,53.10,5.90,5.90,10.62,69.62,,1,Bracelet Cuir Camel,59.00,BRW-002
#1539,hugo.bernard88516@example.com,paid,2026-07-11 17:36:00 +0200,EUR,69.00,0.00,5.90,13.80,88.70,,1,Pochette Zippee,69.00,BAG-101
#1540,jade.michel82@example.com,paid,2026-07-11 09:08:00 +0200,EUR,189.00,0.00,0.00,37.80,226.80,,1,Sac Bandouliere Cuir,189.00,BAG-100
#1541,sarah.simon11700@example.com,paid,2026-07-11 17:07:00 +0200,EUR,338.00,0.00,0.00,67.60,405.60,,1,Bracelet Acier Noir,49.00,BRW-001
#1541,,,,,,,,,,,1,Montre Automatique 38mm,289.00,WTC-010
#1542,arthur.petit30@example.com,paid,2026-07-11 15:45:00 +0200,EUR,197.00,0.00,0.00,39.40,236.40,,1,Ceinture Reversible,79.00,ACC-200
#1542,,,,,,,,,,,2,Bracelet Cuir Camel,59.00,BRW-002
#1543,louis.martin29@example.com,paid,2026-07-11 22:19:00 +0200,EUR,189.00,0.00,0.00,37.80,226.80,,1,Sac Bandouliere Cuir,189.00,BAG-100
#1544,louis.lefebvre86@example.com,paid,2026-07-11 14:46:00 +0200,EUR,49.00,0.00,5.90,9.80,64.70,,1,Bracelet Acier Noir,49.00,BRW-001
#1545,jade.thomas5796@example.com,paid,2026-07-11 19:36:00 +0200,EUR,39.00,0.00,5.90,7.80,52.70,,1,Porte-cartes,39.00,ACC-201
#1546,gabriel.dubois82@example.com,paid,2026-07-11 19:56:00 +0200,EUR,49.00,0.00,5.90,9.80,64.70,,1,Bracelet Acier Noir,49.00,BRW-001
#1547,ines.michel35@example.com,paid,2026-07-11 21:45:00 +0200,EUR,268.00,0.00,0.00,53.60,321.60,,1,Sac Bandouliere Cuir,189.00,BAG-100
#1547,,,,,,,,,,,1,Ceinture Reversible,79.00,ACC-200
#1548,louis.simon62@example.com,paid,2026-07-11 18:58:00 +0200,EUR,71.10,7.90,5.90,14.22,91.22,,1,Ceinture Reversible,79.00,ACC-200
#1549,ines.laurent73346@example.com,paid,2026-07-11 14:45:00 +0200,EUR,49.00,0.00,5.90,9.80,64.70,,1,Bracelet Acier Noir,49.00,BRW-001
#1550,emma.lefebvre43722@example.com,paid,2026-07-11 18:27:00 +0200,EUR,268.20,29.80,0.00,53.64,321.84,,2,Montre Quartz 34mm,149.00,WTC-011
#1551,manon.moreau76717@example.com,paid,2026-07-11 12:56:00 +0200,EUR,35.10,3.90,5.90,7.02,48.02,,1,Porte-cartes,39.00,ACC-201
#1552,sarah.moreau44@example.com,paid,2026-07-11 21:23:00 +0200,EUR,258.00,0.00,0.00,51.60,309.60,,1,Sac Bandouliere Cuir,189.00,BAG-100
#1552,,,,,,,,,,,1,Pochette Zippee,69.00,BAG-101
#1553,jade.michel82@example.com,paid,2026-07-11 18:58:00 +0200,EUR,149.00,0.00,0.00,29.80,178.80,,1,Montre Quartz 34mm,149.00,WTC-011
#1554,emma.bernard71396@example.com,paid,2026-07-11 14:57:00 +0200,EUR,312.30,34.70,0.00,62.46,374.76,,1,Bracelet Acier Noir,49.00,BRW-001
#1554,,,,,,,,,,,2,Montre Quartz 34mm,149.00,WTC-011
#1555,louis.leroy76017@example.com,paid,2026-07-11 16:25:00 +0200,EUR,53.10,5.90,5.90,10.62,69.62,,1,Bracelet Cuir Camel,59.00,BRW-002
#1556,lea.bernard94921@example.com,paid,2026-07-12 13:59:00 +0200,EUR,69.00,0.00,5.90,13.80,88.70,,1,Pochette Zippee,69.00,BAG-101
#1557,hugo.michel99@example.com,paid,2026-07-12 10:02:00 +0200,EUR,98.00,0.00,0.00,19.60,117.60,,1,Bracelet Cuir Camel,59.00,BRW-002
#1557,,,,,,,,,,,1,Porte-cartes,39.00,ACC-201
#1558,manon.laurent52675@example.com,paid,2026-07-12 12:49:00 +0200,EUR,378.00,0.00,0.00,75.60,453.60,,2,Sac Bandouliere Cuir,189.00,BAG-100
#1559,gabriel.leroy22@example.com,paid,2026-07-12 10:45:00 +0200,EUR,49.00,0.00,5.90,9.80,64.70,,1,Bracelet Acier Noir,49.00,BRW-001
#1560,emma.petit27@example.com,paid,2026-07-12 12:50:00 +0200,EUR,149.00,0.00,0.00,29.80,178.80,,1,Montre Quartz 34mm,149.00,WTC-011
#1561,ines.thomas61788@example.com,paid,2026-07-12 21:34:00 +0200,EUR,118.00,0.00,0.00,23.60,141.60,,2,Bracelet Cuir Camel,59.00,BRW-002
#1562,gabriel.lefebvre70163@example.com,paid,2026-07-12 21:12:00 +0200,EUR,39.00,0.00,5.90,7.80,52.70,,1,Porte-cartes,39.00,ACC-201
#1563,ines.laurent2328@example.com,paid,2026-07-12 19:35:00 +0200,EUR,189.00,0.00,0.00,37.80,226.80,,1,Sac Bandouliere Cuir,189.00,BAG-100
#1564,paul.michel92441@example.com,paid,2026-07-12 18:32:00 +0200,EUR,39.00,0.00,5.90,7.80,52.70,,1,Porte-cartes,39.00,ACC-201
#1565,manon.lefebvre18@example.com,paid,2026-07-12 22:45:00 +0200,EUR,187.00,0.00,0.00,37.40,224.40,,2,Bracelet Cuir Camel,59.00,BRW-002
#1565,,,,,,,,,,,1,Pochette Zippee,69.00,BAG-101
#1566,sarah.durand66180@example.com,paid,2026-07-12 13:13:00 +0200,EUR,78.00,0.00,5.90,15.60,99.50,,2,Porte-cartes,39.00,ACC-201
#1567,ines.laurent71902@example.com,paid,2026-07-12 10:42:00 +0200,EUR,71.10,7.90,5.90,14.22,91.22,,1,Ceinture Reversible,79.00,ACC-200
#1568,paul.moreau98663@example.com,paid,2026-07-12 19:22:00 +0200,EUR,71.10,7.90,5.90,14.22,91.22,,1,Ceinture Reversible,79.00,ACC-200
#1569,manon.moreau51@example.com,paid,2026-07-12 21:20:00 +0200,EUR,578.00,0.00,0.00,115.60,693.60,,2,Montre Automatique 38mm,289.00,WTC-010
#1570,lucas.martin20919@example.com,paid,2026-07-12 19:55:00 +0200,EUR,158.00,0.00,0.00,31.60,189.60,,2,Ceinture Reversible,79.00,ACC-200
#1571,jade.michel82@example.com,paid,2026-07-12 08:02:00 +0200,EUR,478.00,0.00,0.00,95.60,573.60,,1,Montre Automatique 38mm,289.00,WTC-010
#1571,,,,,,,,,,,1,Sac Bandouliere Cuir,189.00,BAG-100
#1572,lucas.thomas2@example.com,paid,2026-07-12 14:17:00 +0200,EUR,118.00,0.00,0.00,23.60,141.60,,1,Porte-cartes,39.00,ACC-201
#1572,,,,,,,,,,,1,Ceinture Reversible,79.00,ACC-200
#1573,arthur.durand37@example.com,paid,2026-07-12 08:55:00 +0200,EUR,79.00,0.00,5.90,15.80,100.70,,1,Ceinture Reversible,79.00,ACC-200
#1574,louis.simon22275@example.com,paid,2026-07-12 09:30:00 +0200,EUR,69.00,0.00,5.90,13.80,88.70,,1,Pochette Zippee,69.00,BAG-101
#1575,manon.durand39@example.com,paid,2026-07-13 17:33:00 +0200,EUR,35.10,3.90,5.90,7.02,48.02,,1,Porte-cartes,39.00,ACC-201
#1576,theo.michel96938@example.com,paid,2026-07-13 11:05:00 +0200,EUR,189.00,0.00,0.00,37.80,226.80,,1,Sac Bandouliere Cuir,189.00,BAG-100
#1577,nathan.petit85757@example.com,paid,2026-07-13 16:29:00 +0200,EUR,49.00,0.00,5.90,9.80,64.70,,1,Bracelet Acier Noir,49.00,BRW-001
#1578,theo.thomas69@example.com,paid,2026-07-13 09:37:00 +0200,EUR,49.00,0.00,5.90,9.80,64.70,,1,Bracelet Acier Noir,49.00,BRW-001
#1579,sarah.durand18@example.com,paid,2026-07-13 19:14:00 +0200,EUR,49.00,0.00,5.90,9.80,64.70,,1,Bracelet Acier Noir,49.00,BRW-001
#1580,chloe.petit40178@example.com,paid,2026-07-13 17:27:00 +0200,EUR,138.00,0.00,0.00,27.60,165.60,,1,Ceinture Reversible,79.00,ACC-200
#1580,,,,,,,,,,,1,Bracelet Cuir Camel,59.00,BRW-002
#1581,lucas.simon73@example.com,paid,2026-07-13 17:15:00 +0200,EUR,69.00,0.00,5.90,13.80,88.70,,1,Pochette Zippee,69.00,BAG-101
#1582,sarah.robert67359@example.com,paid,2026-07-13 20:25:00 +0200,EUR,79.00,0.00,5.90,15.80,100.70,,1,Ceinture Reversible,79.00,ACC-200
#1583,camille.dubois86541@example.com,paid,2026-07-13 22:44:00 +0200,EUR,170.10,18.90,0.00,34.02,204.12,,1,Sac Bandouliere Cuir,189.00,BAG-100
#1584,sarah.simon11700@example.com,paid,2026-07-13 20:26:00 +0200,EUR,149.00,0.00,0.00,29.80,178.80,,1,Montre Quartz 34mm,149.00,WTC-011
#1585,gabriel.martin95@example.com,paid,2026-07-13 22:28:00 +0200,EUR,218.00,0.00,0.00,43.60,261.60,,1,Montre Quartz 34mm,149.00,WTC-011
#1585,,,,,,,,,,,1,Pochette Zippee,69.00,BAG-101
#1586,manon.petit14@example.com,paid,2026-07-13 20:24:00 +0200,EUR,39.00,0.00,5.90,7.80,52.70,,1,Porte-cartes,39.00,ACC-201
#1587,chloe.laurent98@example.com,paid,2026-07-13 22:06:00 +0200,EUR,35.10,3.90,5.90,7.02,48.02,,1,Porte-cartes,39.00,ACC-201
#1588,arthur.martin81758@example.com,paid,2026-07-13 21:05:00 +0200,EUR,328.00,0.00,0.00,65.60,393.60,,1,Porte-cartes,39.00,ACC-201
#1588,,,,,,,,,,,1,Montre Automatique 38mm,289.00,WTC-010
#1589,ines.thomas54819@example.com,paid,2026-07-13 10:23:00 +0200,EUR,39.00,0.00,5.90,7.80,52.70,,1,Porte-cartes,39.00,ACC-201
#1590,ines.garcia78@example.com,paid,2026-07-13 20:12:00 +0200,EUR,134.10,14.90,0.00,26.82,160.92,,1,Montre Quartz 34mm,149.00,WTC-011
#1591,jade.durand86@example.com,paid,2026-07-13 20:54:00 +0200,EUR,133.20,14.80,0.00,26.64,159.84,,1,Ceinture Reversible,79.00,ACC-200
#1591,,,,,,,,,,,1,Pochette Zippee,69.00,BAG-101
#1592,hugo.thomas58346@example.com,paid,2026-07-13 15:15:00 +0200,EUR,189.00,0.00,0.00,37.80,226.80,,1,Sac Bandouliere Cuir,189.00,BAG-100
#1593,hugo.simon3214@example.com,paid,2026-07-13 13:37:00 +0200,EUR,348.00,0.00,0.00,69.60,417.60,,1,Montre Automatique 38mm,289.00,WTC-010
#1593,,,,,,,,,,,1,Bracelet Cuir Camel,59.00,BRW-002
#1594,lea.lefebvre60549@example.com,paid,2026-07-13 12:26:00 +0200,EUR,69.00,0.00,5.90,13.80,88.70,,1,Pochette Zippee,69.00,BAG-101
#1595,ines.martin87352@example.com,paid,2026-07-13 18:56:00 +0200,EUR,59.00,0.00,5.90,11.80,76.70,,1,Bracelet Cuir Camel,59.00,BRW-002
#1596,arthur.petit13782@example.com,paid,2026-07-13 18:52:00 +0200,EUR,205.20,22.80,0.00,41.04,246.24,,1,Montre Quartz 34mm,149.00,WTC-011
#1596,,,,,,,,,,,1,Ceinture Reversible,79.00,ACC-200
#1597,arthur.garcia59563@example.com,paid,2026-07-13 20:01:00 +0200,EUR,79.00,0.00,5.90,15.80,100.70,,1,Ceinture Reversible,79.00,ACC-200
#1598,arthur.lefebvre94355@example.com,paid,2026-07-13 22:49:00 +0200,EUR,149.00,0.00,0.00,29.80,178.80,,1,Montre Quartz 34mm,149.00,WTC-011
#1599,lea.durand59342@example.com,refunded,2026-07-13 12:23:00 +0200,EUR,35.10,3.90,5.90,7.02,48.02,34.68,1,Porte-cartes,39.00,ACC-201
#1600,hugo.lefebvre55@example.com,paid,2026-07-13 09:36:00 +0200,EUR,289.00,0.00,0.00,57.80,346.80,,1,Montre Automatique 38mm,289.00,WTC-010
#1601,manon.robert92@example.com,paid,2026-07-13 09:08:00 +0200,EUR,39.00,0.00,5.90,7.80,52.70,,1,Porte-cartes,39.00,ACC-201
#1602,chloe.moreau24120@example.com,paid,2026-07-13 09:23:00 +0200,EUR,134.10,14.90,0.00,26.82,160.92,,1,Montre Quartz 34mm,149.00,WTC-011
#1603,gabriel.martin70601@example.com,paid,2026-07-13 12:56:00 +0200,EUR,39.00,0.00,5.90,7.80,52.70,,1,Porte-cartes,39.00,ACC-201
#1604,emma.petit67661@example.com,paid,2026-07-14 13:54:00 +0200,EUR,289.00,0.00,0.00,57.80,346.80,,1,Montre Automatique 38mm,289.00,WTC-010
#1605,sarah.robert67359@example.com,paid,2026-07-14 18:24:00 +0200,EUR,338.00,0.00,0.00,67.60,405.60,,1,Montre Quartz 34mm,149.00,WTC-011
#1605,,,,,,,,,,,1,Sac Bandouliere Cuir,189.00,BAG-100
#1606,camille.martin84@example.com,paid,2026-07-14 11:15:00 +0200,EUR,49.00,0.00,5.90,9.80,64.70,,1,Bracelet Acier Noir,49.00,BRW-001
#1607,jade.laurent60872@example.com,paid,2026-07-14 20:33:00 +0200,EUR,158.00,0.00,0.00,31.60,189.60,,2,Ceinture Reversible,79.00,ACC-200
#1608,sarah.thomas66@example.com,paid,2026-07-14 12:56:00 +0200,EUR,248.00,0.00,0.00,49.60,297.60,,1,Sac Bandouliere Cuir,189.00,BAG-100
#1608,,,,,,,,,,,1,Bracelet Cuir Camel,59.00,BRW-002
#1609,ines.lefebvre12298@example.com,refunded,2026-07-14 17:21:00 +0200,EUR,218.00,0.00,0.00,43.60,261.60,201.45,1,Montre Quartz 34mm,149.00,WTC-011
#1609,,,,,,,,,,,1,Pochette Zippee,69.00,BAG-101
#1610,camille.petit42@example.com,paid,2026-07-14 10:15:00 +0200,EUR,427.00,0.00,0.00,85.40,512.40,,2,Pochette Zippee,69.00,BAG-101
#1610,,,,,,,,,,,1,Montre Automatique 38mm,289.00,WTC-010
#1611,sarah.durand66180@example.com,paid,2026-07-14 13:57:00 +0200,EUR,578.00,0.00,0.00,115.60,693.60,,2,Montre Automatique 38mm,289.00,WTC-010
#1612,sarah.garcia63338@example.com,paid,2026-07-14 22:44:00 +0200,EUR,49.00,0.00,5.90,9.80,64.70,,1,Bracelet Acier Noir,49.00,BRW-001
#1613,chloe.lefebvre28179@example.com,paid,2026-07-14 17:43:00 +0200,EUR,227.00,0.00,0.00,45.40,272.40,,2,Ceinture Reversible,79.00,ACC-200
#1613,,,,,,,,,,,1,Pochette Zippee,69.00,BAG-101
#1614,paul.laurent3345@example.com,paid,2026-07-14 15:46:00 +0200,EUR,478.00,0.00,0.00,95.60,573.60,,1,Sac Bandouliere Cuir,189.00,BAG-100
#1614,,,,,,,,,,,1,Montre Automatique 38mm,289.00,WTC-010
#1615,theo.simon75706@example.com,paid,2026-07-14 18:33:00 +0200,EUR,289.00,0.00,0.00,57.80,346.80,,1,Montre Automatique 38mm,289.00,WTC-010
#1616,camille.moreau97@example.com,paid,2026-07-14 12:34:00 +0200,EUR,260.10,28.90,0.00,52.02,312.12,,1,Montre Automatique 38mm,289.00,WTC-010
#1617,arthur.durand81@example.com,paid,2026-07-14 20:43:00 +0200,EUR,79.00,0.00,5.90,15.80,100.70,,1,Ceinture Reversible,79.00,ACC-200
#1618,lea.garcia97183@example.com,paid,2026-07-14 10:46:00 +0200,EUR,49.00,0.00,5.90,9.80,64.70,,1,Bracelet Acier Noir,49.00,BRW-001
#1619,sarah.leroy11045@example.com,paid,2026-07-14 19:24:00 +0200,EUR,205.20,22.80,0.00,41.04,246.24,,1,Porte-cartes,39.00,ACC-201
#1619,,,,,,,,,,,1,Sac Bandouliere Cuir,189.00,BAG-100
#1620,jade.laurent66390@example.com,paid,2026-07-14 15:51:00 +0200,EUR,39.00,0.00,5.90,7.80,52.70,,1,Porte-cartes,39.00,ACC-201
#1621,lea.leroy57306@example.com,paid,2026-07-14 14:24:00 +0200,EUR,177.30,19.70,0.00,35.46,212.76,,1,Bracelet Cuir Camel,59.00,BRW-002
#1621,,,,,,,,,,,2,Pochette Zippee,69.00,BAG-101
#1622,emma.robert89957@example.com,paid,2026-07-14 20:59:00 +0200,EUR,79.00,0.00,5.90,15.80,100.70,,1,Ceinture Reversible,79.00,ACC-200
#1623,chloe.durand89589@example.com,paid,2026-07-14 10:46:00 +0200,EUR,106.20,11.80,0.00,21.24,127.44,,1,Porte-cartes,39.00,ACC-201
#1623,,,,,,,,,,,1,Ceinture Reversible,79.00,ACC-200
#1624,ines.thomas54819@example.com,paid,2026-07-14 22:51:00 +0200,EUR,578.00,0.00,0.00,115.60,693.60,,2,Montre Automatique 38mm,289.00,WTC-010
#1625,arthur.robert75@example.com,refunded,2026-07-14 08:06:00 +0200,EUR,377.00,0.00,0.00,75.40,452.40,273.43,2,Montre Quartz 34mm,149.00,WTC-011
#1625,,,,,,,,,,,1,Ceinture Reversible,79.00,ACC-200
#1626,nathan.petit31655@example.com,paid,2026-07-14 12:49:00 +0200,EUR,189.00,0.00,0.00,37.80,226.80,,1,Sac Bandouliere Cuir,189.00,BAG-100
#1627,arthur.garcia59563@example.com,paid,2026-07-14 15:59:00 +0200,EUR,189.00,0.00,0.00,37.80,226.80,,1,Sac Bandouliere Cuir,189.00,BAG-100
#1628,emma.moreau82@example.com,paid,2026-07-14 09:27:00 +0200,EUR,189.00,0.00,0.00,37.80,226.80,,1,Sac Bandouliere Cuir,189.00,BAG-100
#1629,camille.simon80@example.com,paid,2026-07-14 10:16:00 +0200,EUR,53.10,5.90,5.90,10.62,69.62,,1,Bracelet Cuir Camel,59.00,BRW-002
#1630,louis.simon65@example.com,paid,2026-07-14 08:50:00 +0200,EUR,49.00,0.00,5.90,9.80,64.70,,1,Bracelet Acier Noir,49.00,BRW-001
#1631,arthur.robert44822@example.com,paid,2026-07-14 09:55:00 +0200,EUR,268.20,29.80,0.00,53.64,321.84,,2,Montre Quartz 34mm,149.00,WTC-011
#1632,camille.robert48550@example.com,paid,2026-07-14 08:23:00 +0200,EUR,59.00,0.00,5.90,11.80,76.70,,1,Bracelet Cuir Camel,59.00,BRW-002
#1633,arthur.moreau17950@example.com,paid,2026-07-14 15:34:00 +0200,EUR,258.00,0.00,0.00,51.60,309.60,,1,Pochette Zippee,69.00,BAG-101
#1633,,,,,,,,,,,1,Sac Bandouliere Cuir,189.00,BAG-100
#1634,louis.laurent15516@example.com,paid,2026-07-14 22:54:00 +0200,EUR,304.20,33.80,0.00,60.84,365.04,,1,Montre Automatique 38mm,289.00,WTC-010
#1634,,,,,,,,,,,1,Bracelet Acier Noir,49.00,BRW-001
#1635,chloe.dubois52937@example.com,paid,2026-07-15 11:01:00 +0200,EUR,59.00,0.00,5.90,11.80,76.70,,1,Bracelet Cuir Camel,59.00,BRW-002
#1636,sarah.simon26203@example.com,paid,2026-07-15 11:21:00 +0200,EUR,289.00,0.00,0.00,57.80,346.80,,1,Montre Automatique 38mm,289.00,WTC-010
#1637,nathan.dubois77209@example.com,paid,2026-07-15 11:10:00 +0200,EUR,88.00,0.00,0.00,17.60,105.60,,1,Porte-cartes,39.00,ACC-201
#1637,,,,,,,,,,,1,Bracelet Acier Noir,49.00,BRW-001
#1638,nathan.moreau40855@example.com,paid,2026-07-15 13:07:00 +0200,EUR,149.00,0.00,0.00,29.80,178.80,,1,Montre Quartz 34mm,149.00,WTC-011
#1639,sarah.robert1@example.com,paid,2026-07-15 22:47:00 +0200,EUR,368.00,0.00,0.00,73.60,441.60,,1,Ceinture Reversible,79.00,ACC-200
#1639,,,,,,,,,,,1,Montre Automatique 38mm,289.00,WTC-010
#1640,jade.moreau46207@example.com,paid,2026-07-15 17:29:00 +0200,EUR,167.00,0.00,0.00,33.40,200.40,,1,Bracelet Acier Noir,49.00,BRW-001
#1640,,,,,,,,,,,2,Bracelet Cuir Camel,59.00,BRW-002
#1641,paul.moreau83499@example.com,paid,2026-07-15 17:34:00 +0200,EUR,487.00,0.00,0.00,97.40,584.40,,2,Montre Quartz 34mm,149.00,WTC-011
#1641,,,,,,,,,,,1,Sac Bandouliere Cuir,189.00,BAG-100
#1642,paul.thomas47164@example.com,refunded,2026-07-15 08:41:00 +0200,EUR,124.20,13.80,0.00,24.84,149.04,94.15,2,Pochette Zippee,69.00,BAG-101
#1643,lucas.robert97200@example.com,paid,2026-07-15 22:58:00 +0200,EUR,258.00,0.00,0.00,51.60,309.60,,1,Sac Bandouliere Cuir,189.00,BAG-100
#1643,,,,,,,,,,,1,Pochette Zippee,69.00,BAG-101
#1644,louis.simon38332@example.com,paid,2026-07-15 18:26:00 +0200,EUR,106.20,11.80,0.00,21.24,127.44,,2,Bracelet Cuir Camel,59.00,BRW-002
#1645,paul.thomas47164@example.com,paid,2026-07-15 10:32:00 +0200,EUR,289.00,0.00,0.00,57.80,346.80,,1,Montre Automatique 38mm,289.00,WTC-010
#1646,camille.laurent75106@example.com,paid,2026-07-15 17:48:00 +0200,EUR,260.10,28.90,0.00,52.02,312.12,,1,Montre Automatique 38mm,289.00,WTC-010
#1647,louis.martin97492@example.com,paid,2026-07-15 19:47:00 +0200,EUR,149.00,0.00,0.00,29.80,178.80,,1,Montre Quartz 34mm,149.00,WTC-011
#1648,ines.thomas96130@example.com,paid,2026-07-15 15:46:00 +0200,EUR,170.10,18.90,0.00,34.02,204.12,,1,Sac Bandouliere Cuir,189.00,BAG-100
#1649,arthur.moreau6890@example.com,paid,2026-07-15 21:13:00 +0200,EUR,128.00,0.00,0.00,25.60,153.60,,1,Ceinture Reversible,79.00,ACC-200
#1649,,,,,,,,,,,1,Bracelet Acier Noir,49.00,BRW-001
#1650,louis.simon99818@example.com,paid,2026-07-15 22:51:00 +0200,EUR,106.20,11.80,0.00,21.24,127.44,,2,Bracelet Cuir Camel,59.00,BRW-002
#1651,jade.petit90330@example.com,paid,2026-07-15 21:26:00 +0200,EUR,149.00,0.00,0.00,29.80,178.80,,1,Montre Quartz 34mm,149.00,WTC-011
#1652,gabriel.robert87768@example.com,paid,2026-07-15 18:57:00 +0200,EUR,59.00,0.00,5.90,11.80,76.70,,1,Bracelet Cuir Camel,59.00,BRW-002
#1653,lucas.thomas10528@example.com,paid,2026-07-15 14:17:00 +0200,EUR,358.00,0.00,0.00,71.60,429.60,,1,Pochette Zippee,69.00,BAG-101
#1653,,,,,,,,,,,1,Montre Automatique 38mm,289.00,WTC-010
#1654,jade.dubois93254@example.com,paid,2026-07-15 13:12:00 +0200,EUR,118.00,0.00,0.00,23.60,141.60,,1,Pochette Zippee,69.00,BAG-101
#1654,,,,,,,,,,,1,Bracelet Acier Noir,49.00,BRW-001
#1655,lea.moreau38173@example.com,paid,2026-07-15 15:17:00 +0200,EUR,128.00,0.00,0.00,25.60,153.60,,1,Pochette Zippee,69.00,BAG-101
#1655,,,,,,,,,,,1,Bracelet Cuir Camel,59.00,BRW-002
#1656,manon.leroy67882@example.com,paid,2026-07-15 18:31:00 +0200,EUR,79.00,0.00,5.90,15.80,100.70,,1,Ceinture Reversible,79.00,ACC-200
#1657,nathan.michel4@example.com,paid,2026-07-15 16:07:00 +0200,EUR,35.10,3.90,5.90,7.02,48.02,,1,Porte-cartes,39.00,ACC-201
#1658,ines.moreau72@example.com,paid,2026-07-15 21:51:00 +0200,EUR,289.00,0.00,0.00,57.80,346.80,,1,Montre Automatique 38mm,289.00,WTC-010
#1659,paul.moreau16@example.com,paid,2026-07-15 19:03:00 +0200,EUR,118.00,0.00,0.00,23.60,141.60,,2,Bracelet Cuir Camel,59.00,BRW-002
#1660,sarah.petit30915@example.com,paid,2026-07-15 11:10:00 +0200,EUR,128.00,0.00,0.00,25.60,153.60,,1,Pochette Zippee,69.00,BAG-101
#1660,,,,,,,,,,,1,Bracelet Cuir Camel,59.00,BRW-002
#1661,camille.robert59429@example.com,paid,2026-07-15 21:41:00 +0200,EUR,289.00,0.00,0.00,57.80,346.80,,1,Montre Automatique 38mm,289.00,WTC-010
#1662,lea.petit9386@example.com,paid,2026-07-16 09:17:00 +0200,EUR,457.00,0.00,0.00,91.40,548.40,,2,Sac Bandouliere Cuir,189.00,BAG-100
#1662,,,,,,,,,,,1,Ceinture Reversible,79.00,ACC-200
#1663,paul.leroy99@example.com,paid,2026-07-16 14:26:00 +0200,EUR,157.00,0.00,0.00,31.40,188.40,,1,Bracelet Cuir Camel,59.00,BRW-002
#1663,,,,,,,,,,,2,Bracelet Acier Noir,49.00,BRW-001
#1664,ines.robert16391@example.com,paid,2026-07-16 19:57:00 +0200,EUR,59.00,0.00,5.90,11.80,76.70,,1,Bracelet Cuir Camel,59.00,BRW-002
#1665,sarah.robert32263@example.com,paid,2026-07-16 16:51:00 +0200,EUR,260.10,28.90,0.00,52.02,312.12,,1,Montre Automatique 38mm,289.00,WTC-010
#1666,gabriel.laurent69@example.com,paid,2026-07-16 16:38:00 +0200,EUR,348.00,0.00,0.00,69.60,417.60,,1,Montre Automatique 38mm,289.00,WTC-010
#1666,,,,,,,,,,,1,Bracelet Cuir Camel,59.00,BRW-002
#1667,paul.lefebvre8256@example.com,paid,2026-07-16 09:34:00 +0200,EUR,167.00,0.00,0.00,33.40,200.40,,2,Bracelet Cuir Camel,59.00,BRW-002
#1667,,,,,,,,,,,1,Bracelet Acier Noir,49.00,BRW-001
#1668,emma.robert94059@example.com,paid,2026-07-16 20:09:00 +0200,EUR,197.00,0.00,0.00,39.40,236.40,,1,Porte-cartes,39.00,ACC-201
#1668,,,,,,,,,,,2,Ceinture Reversible,79.00,ACC-200
#1669,ines.dubois4949@example.com,paid,2026-07-16 18:58:00 +0200,EUR,387.00,0.00,0.00,77.40,464.40,,2,Bracelet Acier Noir,49.00,BRW-001
#1669,,,,,,,,,,,1,Montre Automatique 38mm,289.00,WTC-010
#1670,arthur.garcia47062@example.com,paid,2026-07-16 14:27:00 +0200,EUR,228.00,0.00,0.00,45.60,273.60,,1,Ceinture Reversible,79.00,ACC-200
#1670,,,,,,,,,,,1,Montre Quartz 34mm,149.00,WTC-011
#1671,ines.robert16391@example.com,paid,2026-07-16 18:21:00 +0200,EUR,189.00,0.00,0.00,37.80,226.80,,1,Sac Bandouliere Cuir,189.00,BAG-100
#1672,lea.michel43@example.com,paid,2026-07-16 15:53:00 +0200,EUR,69.00,0.00,5.90,13.80,88.70,,1,Pochette Zippee,69.00,BAG-101
#1673,ines.michel35@example.com,paid,2026-07-16 22:46:00 +0200,EUR,79.00,0.00,5.90,15.80,100.70,,1,Ceinture Reversible,79.00,ACC-200
#1674,emma.simon80@example.com,paid,2026-07-16 13:03:00 +0200,EUR,331.20,36.80,0.00,66.24,397.44,,1,Ceinture Reversible,79.00,ACC-200
#1674,,,,,,,,,,,1,Montre Automatique 38mm,289.00,WTC-010
#1675,chloe.laurent41376@example.com,paid,2026-07-16 12:54:00 +0200,EUR,198.00,0.00,0.00,39.60,237.60,,1,Montre Quartz 34mm,149.00,WTC-011
#1675,,,,,,,,,,,1,Bracelet Acier Noir,49.00,BRW-001
#1676,chloe.leroy24@example.com,paid,2026-07-16 14:45:00 +0200,EUR,138.00,0.00,0.00,27.60,165.60,,2,Pochette Zippee,69.00,BAG-101
#1677,arthur.martin81758@example.com,paid,2026-07-16 14:47:00 +0200,EUR,44.10,4.90,5.90,8.82,58.82,,1,Bracelet Acier Noir,49.00,BRW-001
#1678,ines.dubois45184@example.com,paid,2026-07-16 09:30:00 +0200,EUR,149.00,0.00,0.00,29.80,178.80,,1,Montre Quartz 34mm,149.00,WTC-011
#1679,ines.martin53@example.com,paid,2026-07-16 19:34:00 +0200,EUR,39.00,0.00,5.90,7.80,52.70,,1,Porte-cartes,39.00,ACC-201
#1680,theo.thomas61754@example.com,paid,2026-07-16 12:54:00 +0200,EUR,53.10,5.90,5.90,10.62,69.62,,1,Bracelet Cuir Camel,59.00,BRW-002
#1681,arthur.garcia97383@example.com,paid,2026-07-16 09:07:00 +0200,EUR,149.00,0.00,0.00,29.80,178.80,,1,Montre Quartz 34mm,149.00,WTC-011
#1682,manon.bernard64@example.com,paid,2026-07-16 19:20:00 +0200,EUR,189.00,0.00,0.00,37.80,226.80,,1,Sac Bandouliere Cuir,189.00,BAG-100
#1683,lea.thomas10@example.com,paid,2026-07-16 18:53:00 +0200,EUR,39.00,0.00,5.90,7.80,52.70,,1,Porte-cartes,39.00,ACC-201
#1684,paul.michel95691@example.com,paid,2026-07-16 12:20:00 +0200,EUR,59.00,0.00,5.90,11.80,76.70,,1,Bracelet Cuir Camel,59.00,BRW-002
#1685,manon.laurent7@example.com,paid,2026-07-16 10:16:00 +0200,EUR,189.00,0.00,0.00,37.80,226.80,,1,Sac Bandouliere Cuir,189.00,BAG-100
#1686,lucas.petit23563@example.com,paid,2026-07-16 17:24:00 +0200,EUR,44.10,4.90,5.90,8.82,58.82,,1,Bracelet Acier Noir,49.00,BRW-001
#1687,louis.moreau40170@example.com,paid,2026-07-17 08:14:00 +0200,EUR,49.00,0.00,5.90,9.80,64.70,,1,Bracelet Acier Noir,49.00,BRW-001
#1688,lucas.michel81466@example.com,paid,2026-07-17 13:31:00 +0200,EUR,39.00,0.00,5.90,7.80,52.70,,1,Porte-cartes,39.00,ACC-201
#1689,lea.michel85779@example.com,paid,2026-07-17 14:47:00 +0200,EUR,78.00,0.00,5.90,15.60,99.50,,2,Porte-cartes,39.00,ACC-201
#1690,nathan.lefebvre87799@example.com,paid,2026-07-17 22:53:00 +0200,EUR,79.00,0.00,5.90,15.80,100.70,,1,Ceinture Reversible,79.00,ACC-200
#1691,camille.dubois75521@example.com,paid,2026-07-17 08:13:00 +0200,EUR,298.00,0.00,0.00,59.60,357.60,,2,Montre Quartz 34mm,149.00,WTC-011
#1692,jade.michel68@example.com,paid,2026-07-17 21:31:00 +0200,EUR,149.00,0.00,0.00,29.80,178.80,,1,Montre Quartz 34mm,149.00,WTC-011
#1693,chloe.thomas8@example.com,paid,2026-07-17 12:24:00 +0200,EUR,79.00,0.00,5.90,15.80,100.70,,1,Ceinture Reversible,79.00,ACC-200
#1694,ines.dubois79@example.com,paid,2026-07-17 16:28:00 +0200,EUR,69.00,0.00,5.90,13.80,88.70,,1,Pochette Zippee,69.00,BAG-101
#1695,louis.garcia18984@example.com,paid,2026-07-17 08:56:00 +0200,EUR,438.00,0.00,0.00,87.60,525.60,,1,Montre Quartz 34mm,149.00,WTC-011
#1695,,,,,,,,,,,1,Montre Automatique 38mm,289.00,WTC-010
#1696,jade.laurent60872@example.com,paid,2026-07-17 18:59:00 +0200,EUR,69.00,0.00,5.90,13.80,88.70,,1,Pochette Zippee,69.00,BAG-101
#1697,camille.bernard93749@example.com,paid,2026-07-17 09:40:00 +0200,EUR,71.10,7.90,5.90,14.22,91.22,,1,Ceinture Reversible,79.00,ACC-200
#1698,ines.dubois4949@example.com,paid,2026-07-17 22:16:00 +0200,EUR,59.00,0.00,5.90,11.80,76.70,,1,Bracelet Cuir Camel,59.00,BRW-002
#1699,lea.moreau42@example.com,paid,2026-07-17 10:30:00 +0200,EUR,59.00,0.00,5.90,11.80,76.70,,1,Bracelet Cuir Camel,59.00,BRW-002
#1700,theo.bernard59@example.com,paid,2026-07-17 14:52:00 +0200,EUR,247.00,0.00,0.00,49.40,296.40,,1,Montre Quartz 34mm,149.00,WTC-011
#1700,,,,,,,,,,,2,Bracelet Acier Noir,49.00,BRW-001
#1701,camille.laurent48118@example.com,paid,2026-07-17 17:24:00 +0200,EUR,69.00,0.00,5.90,13.80,88.70,,1,Pochette Zippee,69.00,BAG-101
#1702,sarah.robert45292@example.com,paid,2026-07-17 18:06:00 +0200,EUR,189.00,0.00,0.00,37.80,226.80,,1,Sac Bandouliere Cuir,189.00,BAG-100
#1703,lea.leroy34081@example.com,paid,2026-07-17 10:24:00 +0200,EUR,149.00,0.00,0.00,29.80,178.80,,1,Montre Quartz 34mm,149.00,WTC-011
#1704,gabriel.bernard64@example.com,paid,2026-07-17 12:57:00 +0200,EUR,159.30,17.70,0.00,31.86,191.16,,2,Pochette Zippee,69.00,BAG-101
#1704,,,,,,,,,,,1,Porte-cartes,39.00,ACC-201
#1705,lucas.robert36854@example.com,paid,2026-07-17 13:59:00 +0200,EUR,287.00,0.00,0.00,57.40,344.40,,1,Montre Quartz 34mm,149.00,WTC-011
#1705,,,,,,,,,,,2,Pochette Zippee,69.00,BAG-101
#1706,jade.lefebvre19031@example.com,paid,2026-07-17 14:25:00 +0200,EUR,69.00,0.00,5.90,13.80,88.70,,1,Pochette Zippee,69.00,BAG-101
#1707,sarah.thomas16574@example.com,paid,2026-07-17 17:32:00 +0200,EUR,39.00,0.00,5.90,7.80,52.70,,1,Porte-cartes,39.00,ACC-201
#1708,hugo.leroy45@example.com,paid,2026-07-17 13:50:00 +0200,EUR,218.00,0.00,0.00,43.60,261.60,,1,Pochette Zippee,69.00,BAG-101
#1708,,,,,,,,,,,1,Montre Quartz 34mm,149.00,WTC-011
#1709,theo.laurent74@example.com,paid,2026-07-17 18:58:00 +0200,EUR,35.10,3.90,5.90,7.02,48.02,,1,Porte-cartes,39.00,ACC-201
#1710,louis.moreau14267@example.com,paid,2026-07-18 17:22:00 +0200,EUR,260.10,28.90,0.00,52.02,312.12,,1,Montre Automatique 38mm,289.00,WTC-010
#1711,lucas.laurent94437@example.com,paid,2026-07-18 16:18:00 +0200,EUR,260.10,28.90,0.00,52.02,312.12,,1,Montre Automatique 38mm,289.00,WTC-010
#1712,theo.laurent2433@example.com,paid,2026-07-18 15:02:00 +0200,EUR,71.10,7.90,5.90,14.22,91.22,,1,Ceinture Reversible,79.00,ACC-200
#1713,lucas.petit23563@example.com,paid,2026-07-18 08:46:00 +0200,EUR,260.10,28.90,0.00,52.02,312.12,,1,Montre Automatique 38mm,289.00,WTC-010
#1714,lea.laurent93@example.com,paid,2026-07-18 09:59:00 +0200,EUR,78.00,0.00,5.90,15.60,99.50,,2,Porte-cartes,39.00,ACC-201
#1715,ines.robert58824@example.com,paid,2026-07-18 19:39:00 +0200,EUR,69.00,0.00,5.90,13.80,88.70,,1,Pochette Zippee,69.00,BAG-101
#1716,hugo.martin28@example.com,paid,2026-07-18 14:55:00 +0200,EUR,149.00,0.00,0.00,29.80,178.80,,1,Montre Quartz 34mm,149.00,WTC-011
#1717,emma.leroy23@example.com,paid,2026-07-18 11:05:00 +0200,EUR,35.10,3.90,5.90,7.02,48.02,,1,Porte-cartes,39.00,ACC-201
#1718,theo.durand53818@example.com,paid,2026-07-18 21:51:00 +0200,EUR,189.00,0.00,0.00,37.80,226.80,,1,Sac Bandouliere Cuir,189.00,BAG-100
#1719,lea.bernard94921@example.com,paid,2026-07-18 18:17:00 +0200,EUR,134.10,14.90,0.00,26.82,160.92,,1,Montre Quartz 34mm,149.00,WTC-011
#1720,lea.michel68536@example.com,paid,2026-07-18 13:46:00 +0200,EUR,49.00,0.00,5.90,9.80,64.70,,1,Bracelet Acier Noir,49.00,BRW-001
#1721,hugo.simon16477@example.com,paid,2026-07-18 15:26:00 +0200,EUR,39.00,0.00,5.90,7.80,52.70,,1,Porte-cartes,39.00,ACC-201
#1722,ines.thomas54819@example.com,paid,2026-07-18 17:38:00 +0200,EUR,115.20,12.80,0.00,23.04,138.24,,1,Bracelet Acier Noir,49.00,BRW-001
#1722,,,,,,,,,,,1,Ceinture Reversible,79.00,ACC-200
#1723,louis.simon99818@example.com,paid,2026-07-18 15:08:00 +0200,EUR,189.00,0.00,0.00,37.80,226.80,,1,Sac Bandouliere Cuir,189.00,BAG-100
#1724,camille.michel19@example.com,paid,2026-07-18 09:10:00 +0200,EUR,289.00,0.00,0.00,57.80,346.80,,1,Montre Automatique 38mm,289.00,WTC-010
#1725,sarah.leroy31@example.com,paid,2026-07-18 22:45:00 +0200,EUR,88.00,0.00,0.00,17.60,105.60,,1,Porte-cartes,39.00,ACC-201
#1725,,,,,,,,,,,1,Bracelet Acier Noir,49.00,BRW-001
#1726,ines.laurent25059@example.com,paid,2026-07-18 18:56:00 +0200,EUR,158.00,0.00,0.00,31.60,189.60,,2,Ceinture Reversible,79.00,ACC-200
#1727,nathan.laurent24158@example.com,paid,2026-07-18 08:32:00 +0200,EUR,289.00,0.00,0.00,57.80,346.80,,1,Montre Automatique 38mm,289.00,WTC-010
#1728,arthur.laurent79653@example.com,paid,2026-07-18 12:36:00 +0200,EUR,108.00,0.00,0.00,21.60,129.60,,1,Pochette Zippee,69.00,BAG-101
#1728,,,,,,,,,,,1,Porte-cartes,39.00,ACC-201
#1729,manon.simon39@example.com,paid,2026-07-18 17:30:00 +0200,EUR,49.00,0.00,5.90,9.80,64.70,,1,Bracelet Acier Noir,49.00,BRW-001
#1730,camille.bernard48275@example.com,paid,2026-07-19 10:26:00 +0200,EUR,79.00,0.00,5.90,15.80,100.70,,1,Ceinture Reversible,79.00,ACC-200
#1731,manon.durand54@example.com,refunded,2026-07-19 18:16:00 +0200,EUR,59.00,0.00,5.90,11.80,76.70,44.3,1,Bracelet Cuir Camel,59.00,BRW-002
#1732,lea.bernard12@example.com,paid,2026-07-19 21:59:00 +0200,EUR,49.00,0.00,5.90,9.80,64.70,,1,Bracelet Acier Noir,49.00,BRW-001
#1733,sarah.petit9@example.com,paid,2026-07-19 09:16:00 +0200,EUR,118.00,0.00,0.00,23.60,141.60,,1,Ceinture Reversible,79.00,ACC-200
#1733,,,,,,,,,,,1,Porte-cartes,39.00,ACC-201
#1734,lea.lefebvre61835@example.com,paid,2026-07-19 09:44:00 +0200,EUR,218.00,0.00,0.00,43.60,261.60,,1,Montre Quartz 34mm,149.00,WTC-011
#1734,,,,,,,,,,,1,Pochette Zippee,69.00,BAG-101
#1735,manon.lefebvre76267@example.com,paid,2026-07-19 12:30:00 +0200,EUR,39.00,0.00,5.90,7.80,52.70,,1,Porte-cartes,39.00,ACC-201
#1736,chloe.garcia62@example.com,paid,2026-07-19 14:47:00 +0200,EUR,378.00,0.00,0.00,75.60,453.60,,2,Sac Bandouliere Cuir,189.00,BAG-100
#1737,nathan.moreau47072@example.com,paid,2026-07-19 14:35:00 +0200,EUR,307.00,0.00,0.00,61.40,368.40,,1,Montre Quartz 34mm,149.00,WTC-011
#1737,,,,,,,,,,,2,Ceinture Reversible,79.00,ACC-200
#1738,gabriel.durand67865@example.com,refunded,2026-07-19 18:05:00 +0200,EUR,157.00,0.00,0.00,31.40,188.40,89.27,2,Bracelet Cuir Camel,59.00,BRW-002
#1738,,,,,,,,,,,1,Porte-cartes,39.00,ACC-201
#1739,camille.bernard6824@example.com,paid,2026-07-19 16:23:00 +0200,EUR,39.00,0.00,5.90,7.80,52.70,,1,Porte-cartes,39.00,ACC-201
#1740,lea.lefebvre60549@example.com,paid,2026-07-19 11:14:00 +0200,EUR,228.00,0.00,0.00,45.60,273.60,,1,Ceinture Reversible,79.00,ACC-200
#1740,,,,,,,,,,,1,Montre Quartz 34mm,149.00,WTC-011
#1741,arthur.durand37@example.com,paid,2026-07-19 13:52:00 +0200,EUR,79.00,0.00,5.90,15.80,100.70,,1,Ceinture Reversible,79.00,ACC-200
#1742,camille.thomas54146@example.com,paid,2026-07-19 19:44:00 +0200,EUR,39.00,0.00,5.90,7.80,52.70,,1,Porte-cartes,39.00,ACC-201
#1743,paul.dubois39@example.com,paid,2026-07-19 12:37:00 +0200,EUR,260.10,28.90,0.00,52.02,312.12,,1,Montre Automatique 38mm,289.00,WTC-010
#1744,emma.bernard89@example.com,refunded,2026-07-19 10:20:00 +0200,EUR,79.00,0.00,5.90,15.80,100.70,40.45,1,Ceinture Reversible,79.00,ACC-200
#1745,sarah.moreau50603@example.com,paid,2026-07-19 22:13:00 +0200,EUR,115.20,12.80,0.00,23.04,138.24,,1,Ceinture Reversible,79.00,ACC-200
#1745,,,,,,,,,,,1,Bracelet Acier Noir,49.00,BRW-001
#1746,emma.garcia28453@example.com,paid,2026-07-19 19:49:00 +0200,EUR,53.10,5.90,5.90,10.62,69.62,,1,Bracelet Cuir Camel,59.00,BRW-002
#1747,manon.petit14@example.com,paid,2026-07-19 15:12:00 +0200,EUR,71.10,7.90,5.90,14.22,91.22,,1,Ceinture Reversible,79.00,ACC-200
#1748,louis.garcia72@example.com,paid,2026-07-19 12:29:00 +0200,EUR,168.30,18.70,0.00,33.66,201.96,,1,Bracelet Acier Noir,49.00,BRW-001
#1748,,,,,,,,,,,2,Pochette Zippee,69.00,BAG-101
#1749,paul.laurent65496@example.com,paid,2026-07-19 17:20:00 +0200,EUR,138.00,0.00,0.00,27.60,165.60,,1,Ceinture Reversible,79.00,ACC-200
#1749,,,,,,,,,,,1,Bracelet Cuir Camel,59.00,BRW-002
#1750,gabriel.michel44277@example.com,paid,2026-07-19 14:00:00 +0200,EUR,35.10,3.90,5.90,7.02,48.02,,1,Porte-cartes,39.00,ACC-201
#1751,lucas.thomas10528@example.com,paid,2026-07-19 15:12:00 +0200,EUR,35.10,3.90,5.90,7.02,48.02,,1,Porte-cartes,39.00,ACC-201
#1752,paul.petit33@example.com,paid,2026-07-19 22:40:00 +0200,EUR,49.00,0.00,5.90,9.80,64.70,,1,Bracelet Acier Noir,49.00,BRW-001
#1753,theo.moreau90481@example.com,paid,2026-07-20 18:19:00 +0200,EUR,189.00,0.00,0.00,37.80,226.80,,1,Sac Bandouliere Cuir,189.00,BAG-100
#1754,louis.robert78341@example.com,paid,2026-07-20 19:57:00 +0200,EUR,49.00,0.00,5.90,9.80,64.70,,1,Bracelet Acier Noir,49.00,BRW-001
#1755,lucas.leroy42@example.com,paid,2026-07-20 10:39:00 +0200,EUR,39.00,0.00,5.90,7.80,52.70,,1,Porte-cartes,39.00,ACC-201
#1756,gabriel.moreau68@example.com,paid,2026-07-20 15:19:00 +0200,EUR,158.00,0.00,0.00,31.60,189.60,,2,Ceinture Reversible,79.00,ACC-200
#1757,hugo.garcia37905@example.com,paid,2026-07-20 09:41:00 +0200,EUR,328.00,0.00,0.00,65.60,393.60,,1,Porte-cartes,39.00,ACC-201
#1757,,,,,,,,,,,1,Montre Automatique 38mm,289.00,WTC-010
#1758,gabriel.lefebvre16609@example.com,paid,2026-07-20 10:09:00 +0200,EUR,49.00,0.00,5.90,9.80,64.70,,1,Bracelet Acier Noir,49.00,BRW-001
#1759,sarah.thomas43686@example.com,paid,2026-07-20 21:14:00 +0200,EUR,59.00,0.00,5.90,11.80,76.70,,1,Bracelet Cuir Camel,59.00,BRW-002
#1760,chloe.leroy24@example.com,paid,2026-07-20 20:25:00 +0200,EUR,59.00,0.00,5.90,11.80,76.70,,1,Bracelet Cuir Camel,59.00,BRW-002
#1761,gabriel.moreau84136@example.com,paid,2026-07-20 15:03:00 +0200,EUR,49.00,0.00,5.90,9.80,64.70,,1,Bracelet Acier Noir,49.00,BRW-001
#1762,nathan.moreau32422@example.com,paid,2026-07-20 16:10:00 +0200,EUR,79.00,0.00,5.90,15.80,100.70,,1,Ceinture Reversible,79.00,ACC-200
#1763,louis.michel64440@example.com,paid,2026-07-20 17:58:00 +0200,EUR,149.00,0.00,0.00,29.80,178.80,,1,Montre Quartz 34mm,149.00,WTC-011
#1764,chloe.bernard28@example.com,paid,2026-07-20 22:25:00 +0200,EUR,44.10,4.90,5.90,8.82,58.82,,1,Bracelet Acier Noir,49.00,BRW-001
#1765,hugo.michel87001@example.com,paid,2026-07-20 17:07:00 +0200,EUR,35.10,3.90,5.90,7.02,48.02,,1,Porte-cartes,39.00,ACC-201
#1766,camille.simon35157@example.com,paid,2026-07-20 16:21:00 +0200,EUR,149.00,0.00,0.00,29.80,178.80,,1,Montre Quartz 34mm,149.00,WTC-011
#1767,louis.leroy728@example.com,paid,2026-07-20 21:49:00 +0200,EUR,49.00,0.00,5.90,9.80,64.70,,1,Bracelet Acier Noir,49.00,BRW-001
#1768,sarah.simon11700@example.com,paid,2026-07-20 22:17:00 +0200,EUR,39.00,0.00,5.90,7.80,52.70,,1,Porte-cartes,39.00,ACC-201
#1769,camille.laurent38236@example.com,paid,2026-07-20 12:32:00 +0200,EUR,39.00,0.00,5.90,7.80,52.70,,1,Porte-cartes,39.00,ACC-201
#1770,manon.dubois96226@example.com,paid,2026-07-20 17:58:00 +0200,EUR,289.00,0.00,0.00,57.80,346.80,,1,Montre Automatique 38mm,289.00,WTC-010
#1771,camille.dubois63826@example.com,paid,2026-07-20 10:04:00 +0200,EUR,71.10,7.90,5.90,14.22,91.22,,1,Ceinture Reversible,79.00,ACC-200
#1772,ines.lefebvre77327@example.com,paid,2026-07-20 16:18:00 +0200,EUR,187.20,20.80,0.00,37.44,224.64,,1,Bracelet Cuir Camel,59.00,BRW-002
#1772,,,,,,,,,,,1,Montre Quartz 34mm,149.00,WTC-011
#1773,louis.garcia72@example.com,paid,2026-07-20 21:35:00 +0200,EUR,39.00,0.00,5.90,7.80,52.70,,1,Porte-cartes,39.00,ACC-201
#1774,gabriel.lefebvre70163@example.com,paid,2026-07-20 10:32:00 +0200,EUR,289.00,0.00,0.00,57.80,346.80,,1,Montre Automatique 38mm,289.00,WTC-010
#1775,gabriel.robert87768@example.com,paid,2026-07-20 18:43:00 +0200,EUR,348.00,0.00,0.00,69.60,417.60,,1,Bracelet Cuir Camel,59.00,BRW-002
#1775,,,,,,,,,,,1,Montre Automatique 38mm,289.00,WTC-010
#1776,louis.lefebvre86@example.com,paid,2026-07-20 17:03:00 +0200,EUR,79.00,0.00,5.90,15.80,100.70,,1,Ceinture Reversible,79.00,ACC-200
#1777,sarah.martin99716@example.com,paid,2026-07-20 13:12:00 +0200,EUR,258.00,0.00,0.00,51.60,309.60,,1,Pochette Zippee,69.00,BAG-101
#1777,,,,,,,,,,,1,Sac Bandouliere Cuir,189.00,BAG-100
#1778,camille.martin12440@example.com,paid,2026-07-20 14:57:00 +0200,EUR,106.20,11.80,0.00,21.24,127.44,,2,Bracelet Cuir Camel,59.00,BRW-002
#1779,theo.simon75706@example.com,paid,2026-07-21 17:10:00 +0200,EUR,44.10,4.90,5.90,8.82,58.82,,1,Bracelet Acier Noir,49.00,BRW-001
#1780,hugo.simon27012@example.com,paid,2026-07-21 22:53:00 +0200,EUR,331.20,36.80,0.00,66.24,397.44,,1,Montre Automatique 38mm,289.00,WTC-010
#1780,,,,,,,,,,,1,Ceinture Reversible,79.00,ACC-200
#1781,chloe.garcia14963@example.com,paid,2026-07-21 22:31:00 +0200,EUR,258.00,0.00,0.00,51.60,309.60,,1,Pochette Zippee,69.00,BAG-101
#1781,,,,,,,,,,,1,Sac Bandouliere Cuir,189.00,BAG-100
#1782,paul.michel95691@example.com,paid,2026-07-21 14:00:00 +0200,EUR,289.00,0.00,0.00,57.80,346.80,,1,Montre Automatique 38mm,289.00,WTC-010
#1783,emma.michel96532@example.com,paid,2026-07-21 11:18:00 +0200,EUR,378.00,0.00,0.00,75.60,453.60,,2,Sac Bandouliere Cuir,189.00,BAG-100
#1784,jade.lefebvre43255@example.com,paid,2026-07-21 10:21:00 +0200,EUR,49.00,0.00,5.90,9.80,64.70,,1,Bracelet Acier Noir,49.00,BRW-001
#1785,chloe.laurent98@example.com,paid,2026-07-21 16:18:00 +0200,EUR,108.00,0.00,0.00,21.60,129.60,,1,Bracelet Acier Noir,49.00,BRW-001
#1785,,,,,,,,,,,1,Bracelet Cuir Camel,59.00,BRW-002
#1786,chloe.leroy24@example.com,refunded,2026-07-21 17:34:00 +0200,EUR,39.00,0.00,5.90,7.80,52.70,20.75,1,Porte-cartes,39.00,ACC-201
#1787,paul.thomas47164@example.com,paid,2026-07-21 22:24:00 +0200,EUR,298.00,0.00,0.00,59.60,357.60,,2,Montre Quartz 34mm,149.00,WTC-011
#1788,chloe.robert44212@example.com,paid,2026-07-21 19:01:00 +0200,EUR,62.10,6.90,5.90,12.42,80.42,,1,Pochette Zippee,69.00,BAG-101
#1789,emma.robert57656@example.com,paid,2026-07-21 11:09:00 +0200,EUR,118.00,0.00,0.00,23.60,141.60,,1,Pochette Zippee,69.00,BAG-101
#1789,,,,,,,,,,,1,Bracelet Acier Noir,49.00,BRW-001
#1790,theo.bernard88@example.com,paid,2026-07-21 14:02:00 +0200,EUR,59.00,0.00,5.90,11.80,76.70,,1,Bracelet Cuir Camel,59.00,BRW-002
#1791,camille.leroy55443@example.com,paid,2026-07-21 14:37:00 +0200,EUR,148.00,0.00,0.00,29.60,177.60,,1,Pochette Zippee,69.00,BAG-101
#1791,,,,,,,,,,,1,Ceinture Reversible,79.00,ACC-200
#1792,nathan.lefebvre93844@example.com,paid,2026-07-21 19:44:00 +0200,EUR,62.10,6.90,5.90,12.42,80.42,,1,Pochette Zippee,69.00,BAG-101
#1793,ines.dubois79@example.com,paid,2026-07-21 22:35:00 +0200,EUR,39.00,0.00,5.90,7.80,52.70,,1,Porte-cartes,39.00,ACC-201
#1794,louis.simon60700@example.com,paid,2026-07-21 14:00:00 +0200,EUR,79.00,0.00,5.90,15.80,100.70,,1,Ceinture Reversible,79.00,ACC-200
#1795,chloe.leroy34626@example.com,paid,2026-07-21 09:56:00 +0200,EUR,79.00,0.00,5.90,15.80,100.70,,1,Ceinture Reversible,79.00,ACC-200
#1796,ines.martin53@example.com,paid,2026-07-21 10:03:00 +0200,EUR,289.00,0.00,0.00,57.80,346.80,,1,Montre Automatique 38mm,289.00,WTC-010
#1797,sarah.laurent76365@example.com,paid,2026-07-21 19:19:00 +0200,EUR,289.00,0.00,0.00,57.80,346.80,,1,Montre Automatique 38mm,289.00,WTC-010
#1798,jade.dubois93254@example.com,paid,2026-07-21 14:59:00 +0200,EUR,59.00,0.00,5.90,11.80,76.70,,1,Bracelet Cuir Camel,59.00,BRW-002
#1799,lucas.robert53@example.com,paid,2026-07-21 19:13:00 +0200,EUR,79.00,0.00,5.90,15.80,100.70,,1,Ceinture Reversible,79.00,ACC-200
#1800,camille.moreau97@example.com,paid,2026-07-21 16:10:00 +0200,EUR,49.00,0.00,5.90,9.80,64.70,,1,Bracelet Acier Noir,49.00,BRW-001
#1801,paul.petit33@example.com,paid,2026-07-21 19:23:00 +0200,EUR,69.00,0.00,5.90,13.80,88.70,,1,Pochette Zippee,69.00,BAG-101
#1802,sarah.dubois23304@example.com,paid,2026-07-21 20:26:00 +0200,EUR,62.10,6.90,5.90,12.42,80.42,,1,Pochette Zippee,69.00,BAG-101
#1803,hugo.petit99035@example.com,paid,2026-07-21 22:14:00 +0200,EUR,149.00,0.00,0.00,29.80,178.80,,1,Montre Quartz 34mm,149.00,WTC-011
#1804,sarah.dubois23304@example.com,paid,2026-07-21 18:43:00 +0200,EUR,59.00,0.00,5.90,11.80,76.70,,1,Bracelet Cuir Camel,59.00,BRW-002
#1805,paul.robert31970@example.com,refunded,2026-07-21 19:59:00 +0200,EUR,248.00,0.00,0.00,49.60,297.60,187.69,1,Bracelet Cuir Camel,59.00,BRW-002
#1805,,,,,,,,,,,1,Sac Bandouliere Cuir,189.00,BAG-100
#1806,chloe.robert91286@example.com,paid,2026-07-21 20:02:00 +0200,EUR,289.00,0.00,0.00,57.80,346.80,,1,Montre Automatique 38mm,289.00,WTC-010
#1807,hugo.laurent13@example.com,paid,2026-07-22 13:05:00 +0200,EUR,118.00,0.00,0.00,23.60,141.60,,1,Bracelet Acier Noir,49.00,BRW-001
#1807,,,,,,,,,,,1,Pochette Zippee,69.00,BAG-101
#1808,manon.moreau5@example.com,paid,2026-07-22 19:23:00 +0200,EUR,170.10,18.90,0.00,34.02,204.12,,1,Sac Bandouliere Cuir,189.00,BAG-100
#1809,hugo.garcia81048@example.com,paid,2026-07-22 22:50:00 +0200,EUR,289.00,0.00,0.00,57.80,346.80,,1,Montre Automatique 38mm,289.00,WTC-010
#1810,sarah.martin56@example.com,paid,2026-07-22 21:57:00 +0200,EUR,98.00,0.00,0.00,19.60,117.60,,2,Bracelet Acier Noir,49.00,BRW-001
#1811,camille.leroy71119@example.com,paid,2026-07-22 09:28:00 +0200,EUR,39.00,0.00,5.90,7.80,52.70,,1,Porte-cartes,39.00,ACC-201
#1812,lea.michel68536@example.com,paid,2026-07-22 15:02:00 +0200,EUR,79.00,0.00,5.90,15.80,100.70,,1,Ceinture Reversible,79.00,ACC-200
#1813,theo.lefebvre91@example.com,paid,2026-07-22 17:54:00 +0200,EUR,644.40,71.60,0.00,128.88,773.28,,2,Pochette Zippee,69.00,BAG-101
#1813,,,,,,,,,,,2,Montre Automatique 38mm,289.00,WTC-010
#1814,arthur.petit13782@example.com,paid,2026-07-22 21:02:00 +0200,EUR,149.00,0.00,0.00,29.80,178.80,,1,Montre Quartz 34mm,149.00,WTC-011
#1815,lucas.martin75958@example.com,paid,2026-07-22 20:15:00 +0200,EUR,69.00,0.00,5.90,13.80,88.70,,1,Pochette Zippee,69.00,BAG-101
#1816,hugo.durand85959@example.com,paid,2026-07-22 09:13:00 +0200,EUR,331.20,36.80,0.00,66.24,397.44,,1,Montre Automatique 38mm,289.00,WTC-010
#1816,,,,,,,,,,,1,Ceinture Reversible,79.00,ACC-200
#1817,manon.simon39@example.com,paid,2026-07-22 18:44:00 +0200,EUR,289.00,0.00,0.00,57.80,346.80,,1,Montre Automatique 38mm,289.00,WTC-010
#1818,ines.durand61888@example.com,paid,2026-07-22 08:29:00 +0200,EUR,39.00,0.00,5.90,7.80,52.70,,1,Porte-cartes,39.00,ACC-201
#1819,chloe.thomas5653@example.com,paid,2026-07-22 15:14:00 +0200,EUR,198.00,0.00,0.00,39.60,237.60,,1,Montre Quartz 34mm,149.00,WTC-011
#1819,,,,,,,,,,,1,Bracelet Acier Noir,49.00,BRW-001
#1820,chloe.martin36668@example.com,paid,2026-07-22 21:41:00 +0200,EUR,358.00,0.00,0.00,71.60,429.60,,1,Pochette Zippee,69.00,BAG-101
#1820,,,,,,,,,,,1,Montre Automatique 38mm,289.00,WTC-010
#1821,sarah.thomas2333@example.com,paid,2026-07-22 13:49:00 +0200,EUR,39.00,0.00,5.90,7.80,52.70,,1,Porte-cartes,39.00,ACC-201
#1822,lea.laurent34@example.com,paid,2026-07-22 09:32:00 +0200,EUR,79.00,0.00,5.90,15.80,100.70,,1,Ceinture Reversible,79.00,ACC-200
#1823,lea.dubois16@example.com,paid,2026-07-22 11:30:00 +0200,EUR,62.10,6.90,5.90,12.42,80.42,,1,Pochette Zippee,69.00,BAG-101
#1824,sarah.bernard35653@example.com,refunded,2026-07-22 21:23:00 +0200,EUR,289.00,0.00,0.00,57.80,346.80,214.95,1,Montre Automatique 38mm,289.00,WTC-010
#1825,manon.garcia81466@example.com,paid,2026-07-22 15:37:00 +0200,EUR,328.00,0.00,0.00,65.60,393.60,,1,Porte-cartes,39.00,ACC-201
#1825,,,,,,,,,,,1,Montre Automatique 38mm,289.00,WTC-010
#1826,gabriel.martin21164@example.com,paid,2026-07-22 21:42:00 +0200,EUR,128.00,0.00,0.00,25.60,153.60,,1,Pochette Zippee,69.00,BAG-101
#1826,,,,,,,,,,,1,Bracelet Cuir Camel,59.00,BRW-002
#1827,ines.thomas61788@example.com,paid,2026-07-22 22:09:00 +0200,EUR,59.00,0.00,5.90,11.80,76.70,,1,Bracelet Cuir Camel,59.00,BRW-002
#1828,chloe.martin40@example.com,paid,2026-07-22 18:28:00 +0200,EUR,44.10,4.90,5.90,8.82,58.82,,1,Bracelet Acier Noir,49.00,BRW-001
#1829,emma.simon66906@example.com,paid,2026-07-22 20:34:00 +0200,EUR,59.00,0.00,5.90,11.80,76.70,,1,Bracelet Cuir Camel,59.00,BRW-002
#1830,hugo.garcia9112@example.com,paid,2026-07-22 09:03:00 +0200,EUR,39.00,0.00,5.90,7.80,52.70,,1,Porte-cartes,39.00,ACC-201
#1831,paul.durand92@example.com,paid,2026-07-22 15:04:00 +0200,EUR,340.20,37.80,0.00,68.04,408.24,,2,Sac Bandouliere Cuir,189.00,BAG-100
#1832,chloe.dubois27782@example.com,paid,2026-07-22 22:20:00 +0200,EUR,39.00,0.00,5.90,7.80,52.70,,1,Porte-cartes,39.00,ACC-201
#1833,emma.leroy74759@example.com,paid,2026-07-22 16:58:00 +0200,EUR,39.00,0.00,5.90,7.80,52.70,,1,Porte-cartes,39.00,ACC-201
#1834,manon.durand39@example.com,paid,2026-07-22 14:31:00 +0200,EUR,49.00,0.00,5.90,9.80,64.70,,1,Bracelet Acier Noir,49.00,BRW-001
#1835,nathan.laurent99086@example.com,paid,2026-07-23 11:18:00 +0200,EUR,44.10,4.90,5.90,8.82,58.82,,1,Bracelet Acier Noir,49.00,BRW-001
#1836,emma.martin58@example.com,paid,2026-07-23 14:13:00 +0200,EUR,59.00,0.00,5.90,11.80,76.70,,1,Bracelet Cuir Camel,59.00,BRW-002
#1837,nathan.dubois8361@example.com,paid,2026-07-23 22:38:00 +0200,EUR,39.00,0.00,5.90,7.80,52.70,,1,Porte-cartes,39.00,ACC-201
#1838,camille.martin61199@example.com,paid,2026-07-23 09:25:00 +0200,EUR,98.00,0.00,0.00,19.60,117.60,,1,Porte-cartes,39.00,ACC-201
#1838,,,,,,,,,,,1,Bracelet Cuir Camel,59.00,BRW-002
#1839,jade.robert11929@example.com,paid,2026-07-23 12:07:00 +0200,EUR,438.00,0.00,0.00,87.60,525.60,,1,Montre Automatique 38mm,289.00,WTC-010
#1839,,,,,,,,,,,1,Montre Quartz 34mm,149.00,WTC-011
#1840,chloe.petit14772@example.com,paid,2026-07-23 20:29:00 +0200,EUR,69.00,0.00,5.90,13.80,88.70,,1,Pochette Zippee,69.00,BAG-101
#1841,ines.leroy85244@example.com,paid,2026-07-23 08:37:00 +0200,EUR,228.00,0.00,0.00,45.60,273.60,,1,Sac Bandouliere Cuir,189.00,BAG-100
#1841,,,,,,,,,,,1,Porte-cartes,39.00,ACC-201
#1842,arthur.petit96538@example.com,paid,2026-07-23 15:06:00 +0200,EUR,149.00,0.00,0.00,29.80,178.80,,1,Montre Quartz 34mm,149.00,WTC-011
#1843,louis.simon60700@example.com,paid,2026-07-23 11:46:00 +0200,EUR,478.00,0.00,0.00,95.60,573.60,,1,Montre Automatique 38mm,289.00,WTC-010
#1843,,,,,,,,,,,1,Sac Bandouliere Cuir,189.00,BAG-100
#1844,theo.simon10136@example.com,paid,2026-07-23 13:13:00 +0200,EUR,328.00,0.00,0.00,65.60,393.60,,1,Montre Automatique 38mm,289.00,WTC-010
#1844,,,,,,,,,,,1,Porte-cartes,39.00,ACC-201
#1845,lucas.durand18051@example.com,paid,2026-07-23 09:17:00 +0200,EUR,149.00,0.00,0.00,29.80,178.80,,1,Montre Quartz 34mm,149.00,WTC-011
#1846,sarah.thomas43686@example.com,paid,2026-07-23 14:24:00 +0200,EUR,158.00,0.00,0.00,31.60,189.60,,2,Ceinture Reversible,79.00,ACC-200
#1847,theo.petit63453@example.com,paid,2026-07-23 20:00:00 +0200,EUR,298.00,0.00,0.00,59.60,357.60,,2,Montre Quartz 34mm,149.00,WTC-011
#1848,theo.simon75706@example.com,paid,2026-07-23 22:44:00 +0200,EUR,248.00,0.00,0.00,49.60,297.60,,1,Bracelet Cuir Camel,59.00,BRW-002
#1848,,,,,,,,,,,1,Sac Bandouliere Cuir,189.00,BAG-100
#1849,emma.moreau79279@example.com,refunded,2026-07-23 17:53:00 +0200,EUR,189.00,0.00,0.00,37.80,226.80,127.11,1,Sac Bandouliere Cuir,189.00,BAG-100
#1850,manon.michel79544@example.com,paid,2026-07-23 18:37:00 +0200,EUR,258.00,0.00,0.00,51.60,309.60,,1,Sac Bandouliere Cuir,189.00,BAG-100
#1850,,,,,,,,,,,1,Pochette Zippee,69.00,BAG-101
#1851,louis.bernard67516@example.com,paid,2026-07-23 20:07:00 +0200,EUR,149.00,0.00,0.00,29.80,178.80,,1,Montre Quartz 34mm,149.00,WTC-011
#1852,chloe.laurent30429@example.com,paid,2026-07-23 11:15:00 +0200,EUR,59.00,0.00,5.90,11.80,76.70,,1,Bracelet Cuir Camel,59.00,BRW-002
#1853,ines.lefebvre12298@example.com,paid,2026-07-23 13:33:00 +0200,EUR,118.00,0.00,0.00,23.60,141.60,,2,Bracelet Cuir Camel,59.00,BRW-002
#1854,ines.laurent71902@example.com,paid,2026-07-23 08:37:00 +0200,EUR,149.00,0.00,0.00,29.80,178.80,,1,Montre Quartz 34mm,149.00,WTC-011
#1855,gabriel.bernard64@example.com,paid,2026-07-23 12:04:00 +0200,EUR,189.00,0.00,0.00,37.80,226.80,,1,Sac Bandouliere Cuir,189.00,BAG-100
#1856,chloe.simon7486@example.com,paid,2026-07-23 10:17:00 +0200,EUR,197.00,0.00,0.00,39.40,236.40,,1,Ceinture Reversible,79.00,ACC-200
#1856,,,,,,,,,,,2,Bracelet Cuir Camel,59.00,BRW-002
#1857,jade.martin90@example.com,paid,2026-07-23 12:45:00 +0200,EUR,196.20,21.80,0.00,39.24,235.44,,1,Pochette Zippee,69.00,BAG-101
#1857,,,,,,,,,,,1,Montre Quartz 34mm,149.00,WTC-011
#1858,hugo.garcia9112@example.com,paid,2026-07-23 16:16:00 +0200,EUR,69.00,0.00,5.90,13.80,88.70,,1,Pochette Zippee,69.00,BAG-101
#1859,chloe.simon7486@example.com,paid,2026-07-23 09:47:00 +0200,EUR,228.00,0.00,0.00,45.60,273.60,,1,Ceinture Reversible,79.00,ACC-200
#1859,,,,,,,,,,,1,Montre Quartz 34mm,149.00,WTC-011
#1860,lucas.lefebvre96255@example.com,paid,2026-07-23 22:28:00 +0200,EUR,394.20,43.80,0.00,78.84,473.04,,1,Montre Quartz 34mm,149.00,WTC-011
#1860,,,,,,,,,,,1,Montre Automatique 38mm,289.00,WTC-010
#1861,sarah.garcia63338@example.com,paid,2026-07-23 09:11:00 +0200,EUR,39.00,0.00,5.90,7.80,52.70,,1,Porte-cartes,39.00,ACC-201
#1862,louis.laurent44729@example.com,paid,2026-07-23 14:18:00 +0200,EUR,39.00,0.00,5.90,7.80,52.70,,1,Porte-cartes,39.00,ACC-201
#1863,arthur.robert48@example.com,paid,2026-07-24 09:45:00 +0200,EUR,218.00,0.00,0.00,43.60,261.60,,1,Montre Quartz 34mm,149.00,WTC-011
#1863,,,,,,,,,,,1,Pochette Zippee,69.00,BAG-101
#1864,paul.bernard90@example.com,paid,2026-07-24 18:34:00 +0200,EUR,39.00,0.00,5.90,7.80,52.70,,1,Porte-cartes,39.00,ACC-201
#1865,gabriel.leroy26507@example.com,paid,2026-07-24 08:52:00 +0200,EUR,39.00,0.00,5.90,7.80,52.70,,1,Porte-cartes,39.00,ACC-201
#1866,paul.garcia19561@example.com,paid,2026-07-24 14:24:00 +0200,EUR,44.10,4.90,5.90,8.82,58.82,,1,Bracelet Acier Noir,49.00,BRW-001
#1867,louis.dubois62946@example.com,paid,2026-07-24 09:16:00 +0200,EUR,289.00,0.00,0.00,57.80,346.80,,1,Montre Automatique 38mm,289.00,WTC-010
#1868,sarah.bernard47279@example.com,paid,2026-07-24 12:45:00 +0200,EUR,260.10,28.90,0.00,52.02,312.12,,1,Montre Automatique 38mm,289.00,WTC-010
#1869,jade.moreau68@example.com,paid,2026-07-24 20:32:00 +0200,EUR,227.00,0.00,0.00,45.40,272.40,,1,Pochette Zippee,69.00,BAG-101
#1869,,,,,,,,,,,2,Ceinture Reversible,79.00,ACC-200
#1870,lea.petit50@example.com,paid,2026-07-24 09:22:00 +0200,EUR,228.00,0.00,0.00,45.60,273.60,,1,Porte-cartes,39.00,ACC-201
#1870,,,,,,,,,,,1,Sac Bandouliere Cuir,189.00,BAG-100
#1871,hugo.moreau5625@example.com,paid,2026-07-24 14:55:00 +0200,EUR,62.10,6.90,5.90,12.42,80.42,,1,Pochette Zippee,69.00,BAG-101
#1872,ines.martin87352@example.com,paid,2026-07-24 15:33:00 +0200,EUR,258.00,0.00,0.00,51.60,309.60,,1,Pochette Zippee,69.00,BAG-101
#1872,,,,,,,,,,,1,Sac Bandouliere Cuir,189.00,BAG-100
#1873,sarah.simon26203@example.com,paid,2026-07-24 15:49:00 +0200,EUR,49.00,0.00,5.90,9.80,64.70,,1,Bracelet Acier Noir,49.00,BRW-001
#1874,camille.simon81@example.com,paid,2026-07-24 17:39:00 +0200,EUR,79.00,0.00,5.90,15.80,100.70,,1,Ceinture Reversible,79.00,ACC-200
#1875,emma.moreau61726@example.com,paid,2026-07-24 08:11:00 +0200,EUR,298.00,0.00,0.00,59.60,357.60,,2,Montre Quartz 34mm,149.00,WTC-011
#1876,manon.thomas37@example.com,paid,2026-07-24 09:27:00 +0200,EUR,128.00,0.00,0.00,25.60,153.60,,1,Bracelet Cuir Camel,59.00,BRW-002
#1876,,,,,,,,,,,1,Pochette Zippee,69.00,BAG-101
#1877,chloe.leroy24@example.com,paid,2026-07-24 09:51:00 +0200,EUR,39.00,0.00,5.90,7.80,52.70,,1,Porte-cartes,39.00,ACC-201
#1878,arthur.moreau47735@example.com,paid,2026-07-24 12:46:00 +0200,EUR,71.10,7.90,5.90,14.22,91.22,,1,Ceinture Reversible,79.00,ACC-200
#1879,jade.thomas93305@example.com,paid,2026-07-24 11:51:00 +0200,EUR,59.00,0.00,5.90,11.80,76.70,,1,Bracelet Cuir Camel,59.00,BRW-002
#1880,theo.petit95957@example.com,paid,2026-07-24 11:09:00 +0200,EUR,267.00,0.00,0.00,53.40,320.40,,2,Bracelet Cuir Camel,59.00,BRW-002
#1880,,,,,,,,,,,1,Montre Quartz 34mm,149.00,WTC-011
#1881,louis.bernard67516@example.com,paid,2026-07-24 12:23:00 +0200,EUR,44.10,4.90,5.90,8.82,58.82,,1,Bracelet Acier Noir,49.00,BRW-001
#1882,manon.moreau63907@example.com,paid,2026-07-25 09:49:00 +0200,EUR,69.00,0.00,5.90,13.80,88.70,,1,Pochette Zippee,69.00,BAG-101
#1883,theo.lefebvre72@example.com,paid,2026-07-25 16:41:00 +0200,EUR,79.20,8.80,0.00,15.84,95.04,,1,Porte-cartes,39.00,ACC-201
#1883,,,,,,,,,,,1,Bracelet Acier Noir,49.00,BRW-001
#1884,nathan.petit4486@example.com,paid,2026-07-25 19:43:00 +0200,EUR,69.00,0.00,5.90,13.80,88.70,,1,Pochette Zippee,69.00,BAG-101
#1885,ines.robert58824@example.com,paid,2026-07-25 13:50:00 +0200,EUR,53.10,5.90,5.90,10.62,69.62,,1,Bracelet Cuir Camel,59.00,BRW-002
#1886,lea.petit77001@example.com,paid,2026-07-25 17:35:00 +0200,EUR,189.00,0.00,0.00,37.80,226.80,,1,Sac Bandouliere Cuir,189.00,BAG-100
#1887,emma.robert89@example.com,paid,2026-07-25 16:58:00 +0200,EUR,79.00,0.00,5.90,15.80,100.70,,1,Ceinture Reversible,79.00,ACC-200
#1888,paul.martin15884@example.com,paid,2026-07-25 17:39:00 +0200,EUR,98.00,0.00,0.00,19.60,117.60,,2,Bracelet Acier Noir,49.00,BRW-001
#1889,nathan.bernard2@example.com,paid,2026-07-25 11:51:00 +0200,EUR,69.00,0.00,5.90,13.80,88.70,,1,Pochette Zippee,69.00,BAG-101
#1890,emma.lefebvre87277@example.com,paid,2026-07-25 14:57:00 +0200,EUR,148.00,0.00,0.00,29.60,177.60,,1,Ceinture Reversible,79.00,ACC-200
#1890,,,,,,,,,,,1,Pochette Zippee,69.00,BAG-101
#1891,lucas.leroy42@example.com,paid,2026-07-25 17:53:00 +0200,EUR,189.00,0.00,0.00,37.80,226.80,,1,Sac Bandouliere Cuir,189.00,BAG-100
#1892,chloe.martin36668@example.com,paid,2026-07-25 12:04:00 +0200,EUR,268.00,0.00,0.00,53.60,321.60,,1,Ceinture Reversible,79.00,ACC-200
#1892,,,,,,,,,,,1,Sac Bandouliere Cuir,189.00,BAG-100
#1893,paul.leroy93863@example.com,paid,2026-07-25 13:28:00 +0200,EUR,49.00,0.00,5.90,9.80,64.70,,1,Bracelet Acier Noir,49.00,BRW-001
#1894,hugo.simon16477@example.com,paid,2026-07-25 08:50:00 +0200,EUR,132.30,14.70,0.00,26.46,158.76,,1,Pochette Zippee,69.00,BAG-101
#1894,,,,,,,,,,,2,Porte-cartes,39.00,ACC-201
#1895,louis.garcia45145@example.com,paid,2026-07-25 15:10:00 +0200,EUR,108.00,0.00,0.00,21.60,129.60,,1,Porte-cartes,39.00,ACC-201
#1895,,,,,,,,,,,1,Pochette Zippee,69.00,BAG-101
#1896,arthur.martin5186@example.com,paid,2026-07-25 08:41:00 +0200,EUR,62.10,6.90,5.90,12.42,80.42,,1,Pochette Zippee,69.00,BAG-101
#1897,gabriel.martin95@example.com,paid,2026-07-25 09:32:00 +0200,EUR,69.00,0.00,5.90,13.80,88.70,,1,Pochette Zippee,69.00,BAG-101
#1898,arthur.simon64642@example.com,paid,2026-07-25 11:00:00 +0200,EUR,118.00,0.00,0.00,23.60,141.60,,1,Ceinture Reversible,79.00,ACC-200
#1898,,,,,,,,,,,1,Porte-cartes,39.00,ACC-201
#1899,gabriel.moreau3599@example.com,paid,2026-07-25 08:49:00 +0200,EUR,79.00,0.00,5.90,15.80,100.70,,1,Ceinture Reversible,79.00,ACC-200
#1900,arthur.simon78655@example.com,paid,2026-07-25 12:07:00 +0200,EUR,128.00,0.00,0.00,25.60,153.60,,1,Bracelet Cuir Camel,59.00,BRW-002
#1900,,,,,,,,,,,1,Pochette Zippee,69.00,BAG-101
#1901,paul.martin15884@example.com,paid,2026-07-25 21:27:00 +0200,EUR,138.00,0.00,0.00,27.60,165.60,,2,Pochette Zippee,69.00,BAG-101
#1902,manon.bernard11529@example.com,paid,2026-07-25 16:17:00 +0200,EUR,289.00,0.00,0.00,57.80,346.80,,1,Montre Automatique 38mm,289.00,WTC-010
#1903,jade.laurent60872@example.com,paid,2026-07-25 20:32:00 +0200,EUR,189.00,0.00,0.00,37.80,226.80,,1,Sac Bandouliere Cuir,189.00,BAG-100
#1904,paul.robert59@example.com,paid,2026-07-25 20:39:00 +0200,EUR,108.00,0.00,0.00,21.60,129.60,,1,Porte-cartes,39.00,ACC-201
#1904,,,,,,,,,,,1,Pochette Zippee,69.00,BAG-101
#1905,ines.moreau41504@example.com,paid,2026-07-26 12:54:00 +0200,EUR,157.00,0.00,0.00,31.40,188.40,,1,Ceinture Reversible,79.00,ACC-200
#1905,,,,,,,,,,,2,Porte-cartes,39.00,ACC-201
#1906,arthur.thomas12381@example.com,paid,2026-07-26 14:01:00 +0200,EUR,49.00,0.00,5.90,9.80,64.70,,1,Bracelet Acier Noir,49.00,BRW-001
#1907,hugo.robert77733@example.com,paid,2026-07-26 13:25:00 +0200,EUR,248.00,0.00,0.00,49.60,297.60,,1,Sac Bandouliere Cuir,189.00,BAG-100
#1907,,,,,,,,,,,1,Bracelet Cuir Camel,59.00,BRW-002
#1908,gabriel.robert70462@example.com,refunded,2026-07-26 18:13:00 +0200,EUR,39.00,0.00,5.90,7.80,52.70,38.24,1,Porte-cartes,39.00,ACC-201
#1909,sarah.simon11700@example.com,paid,2026-07-26 17:10:00 +0200,EUR,49.00,0.00,5.90,9.80,64.70,,1,Bracelet Acier Noir,49.00,BRW-001
#1910,gabriel.robert70462@example.com,paid,2026-07-26 10:53:00 +0200,EUR,133.20,14.80,0.00,26.64,159.84,,1,Ceinture Reversible,79.00,ACC-200
#1910,,,,,,,,,,,1,Pochette Zippee,69.00,BAG-101
#1911,chloe.bernard17396@example.com,paid,2026-07-26 20:26:00 +0200,EUR,198.00,0.00,0.00,39.60,237.60,,1,Montre Quartz 34mm,149.00,WTC-011
#1911,,,,,,,,,,,1,Bracelet Acier Noir,49.00,BRW-001
#1912,arthur.laurent39338@example.com,paid,2026-07-26 17:13:00 +0200,EUR,149.00,0.00,0.00,29.80,178.80,,1,Montre Quartz 34mm,149.00,WTC-011
#1913,manon.petit78@example.com,paid,2026-07-26 21:24:00 +0200,EUR,53.10,5.90,5.90,10.62,69.62,,1,Bracelet Cuir Camel,59.00,BRW-002
#1914,nathan.dubois43133@example.com,paid,2026-07-26 12:05:00 +0200,EUR,79.00,0.00,5.90,15.80,100.70,,1,Ceinture Reversible,79.00,ACC-200
#1915,lucas.leroy82307@example.com,paid,2026-07-26 21:03:00 +0200,EUR,106.20,11.80,0.00,21.24,127.44,,1,Porte-cartes,39.00,ACC-201
#1915,,,,,,,,,,,1,Ceinture Reversible,79.00,ACC-200
#1916,manon.laurent7@example.com,paid,2026-07-26 13:59:00 +0200,EUR,289.00,0.00,0.00,57.80,346.80,,1,Montre Automatique 38mm,289.00,WTC-010
#1917,lea.robert8@example.com,paid,2026-07-26 16:36:00 +0200,EUR,49.00,0.00,5.90,9.80,64.70,,1,Bracelet Acier Noir,49.00,BRW-001
#1918,camille.simon30755@example.com,paid,2026-07-26 08:00:00 +0200,EUR,617.00,0.00,0.00,123.40,740.40,,2,Montre Automatique 38mm,289.00,WTC-010
#1918,,,,,,,,,,,1,Porte-cartes,39.00,ACC-201
#1919,arthur.simon78655@example.com,paid,2026-07-26 11:39:00 +0200,EUR,177.00,0.00,0.00,35.40,212.40,,1,Porte-cartes,39.00,ACC-201
#1919,,,,,,,,,,,2,Pochette Zippee,69.00,BAG-101
#1920,lea.petit50@example.com,paid,2026-07-26 16:56:00 +0200,EUR,430.20,47.80,0.00,86.04,516.24,,1,Montre Automatique 38mm,289.00,WTC-010
#1920,,,,,,,,,,,1,Sac Bandouliere Cuir,189.00,BAG-100
#1921,lea.michel85779@example.com,refunded,2026-07-26 15:27:00 +0200,EUR,378.00,0.00,0.00,75.60,453.60,205.79,2,Sac Bandouliere Cuir,189.00,BAG-100
#1922,camille.durand91042@example.com,paid,2026-07-26 13:28:00 +0200,EUR,289.00,0.00,0.00,57.80,346.80,,1,Montre Automatique 38mm,289.00,WTC-010
#1923,ines.robert47065@example.com,paid,2026-07-26 15:13:00 +0200,EUR,39.00,0.00,5.90,7.80,52.70,,1,Porte-cartes,39.00,ACC-201
#1924,paul.petit26@example.com,paid,2026-07-26 09:02:00 +0200,EUR,79.00,0.00,5.90,15.80,100.70,,1,Ceinture Reversible,79.00,ACC-200
#1925,chloe.bernard91709@example.com,paid,2026-07-26 17:11:00 +0200,EUR,79.00,0.00,5.90,15.80,100.70,,1,Ceinture Reversible,79.00,ACC-200
#1926,hugo.martin99557@example.com,paid,2026-07-27 20:15:00 +0200,EUR,49.00,0.00,5.90,9.80,64.70,,1,Bracelet Acier Noir,49.00,BRW-001
#1927,emma.petit4426@example.com,paid,2026-07-27 10:14:00 +0200,EUR,59.00,0.00,5.90,11.80,76.70,,1,Bracelet Cuir Camel,59.00,BRW-002
#1928,sarah.michel22663@example.com,paid,2026-07-27 11:48:00 +0200,EUR,69.00,0.00,5.90,13.80,88.70,,1,Pochette Zippee,69.00,BAG-101
#1929,gabriel.bernard76953@example.com,paid,2026-07-27 19:02:00 +0200,EUR,430.20,47.80,0.00,86.04,516.24,,1,Montre Automatique 38mm,289.00,WTC-010
#1929,,,,,,,,,,,1,Sac Bandouliere Cuir,189.00,BAG-100
#1930,theo.petit66806@example.com,paid,2026-07-27 16:40:00 +0200,EUR,188.00,0.00,0.00,37.60,225.60,,1,Porte-cartes,39.00,ACC-201
#1930,,,,,,,,,,,1,Montre Quartz 34mm,149.00,WTC-011
#1931,jade.thomas93305@example.com,paid,2026-07-27 10:40:00 +0200,EUR,148.00,0.00,0.00,29.60,177.60,,1,Pochette Zippee,69.00,BAG-101
#1931,,,,,,,,,,,1,Ceinture Reversible,79.00,ACC-200
#1932,theo.dubois85201@example.com,paid,2026-07-27 22:21:00 +0200,EUR,437.00,0.00,0.00,87.40,524.40,,1,Bracelet Cuir Camel,59.00,BRW-002
#1932,,,,,,,,,,,2,Sac Bandouliere Cuir,189.00,BAG-100
#1933,emma.garcia36@example.com,paid,2026-07-27 18:36:00 +0200,EUR,59.00,0.00,5.90,11.80,76.70,,1,Bracelet Cuir Camel,59.00,BRW-002
#1934,lucas.thomas91620@example.com,paid,2026-07-27 21:14:00 +0200,EUR,138.00,0.00,0.00,27.60,165.60,,2,Pochette Zippee,69.00,BAG-101
#1935,sarah.lefebvre60115@example.com,paid,2026-07-27 09:42:00 +0200,EUR,59.00,0.00,5.90,11.80,76.70,,1,Bracelet Cuir Camel,59.00,BRW-002
#1936,sarah.bernard90@example.com,paid,2026-07-27 22:28:00 +0200,EUR,69.00,0.00,5.90,13.80,88.70,,1,Pochette Zippee,69.00,BAG-101
#1937,jade.lefebvre11949@example.com,paid,2026-07-27 20:30:00 +0200,EUR,289.00,0.00,0.00,57.80,346.80,,1,Montre Automatique 38mm,289.00,WTC-010
#1938,louis.robert95901@example.com,paid,2026-07-27 14:55:00 +0200,EUR,348.30,38.70,0.00,69.66,417.96,,2,Bracelet Acier Noir,49.00,BRW-001
#1938,,,,,,,,,,,1,Montre Automatique 38mm,289.00,WTC-010
#1939,jade.simon87530@example.com,paid,2026-07-27 10:53:00 +0200,EUR,149.00,0.00,0.00,29.80,178.80,,1,Montre Quartz 34mm,149.00,WTC-011
#1940,manon.moreau5@example.com,paid,2026-07-27 10:13:00 +0200,EUR,170.10,18.90,0.00,34.02,204.12,,1,Sac Bandouliere Cuir,189.00,BAG-100
#1941,paul.laurent3345@example.com,paid,2026-07-27 14:43:00 +0200,EUR,69.00,0.00,5.90,13.80,88.70,,1,Pochette Zippee,69.00,BAG-101
#1942,nathan.garcia11@example.com,paid,2026-07-27 17:05:00 +0200,EUR,358.00,0.00,0.00,71.60,429.60,,1,Pochette Zippee,69.00,BAG-101
#1942,,,,,,,,,,,1,Montre Automatique 38mm,289.00,WTC-010
#1943,arthur.martin81758@example.com,paid,2026-07-27 09:20:00 +0200,EUR,79.00,0.00,5.90,15.80,100.70,,1,Ceinture Reversible,79.00,ACC-200
#1944,hugo.robert60@example.com,paid,2026-07-27 18:31:00 +0200,EUR,78.00,0.00,5.90,15.60,99.50,,2,Porte-cartes,39.00,ACC-201
#1945,gabriel.bernard64@example.com,paid,2026-07-27 11:17:00 +0200,EUR,44.10,4.90,5.90,8.82,58.82,,1,Bracelet Acier Noir,49.00,BRW-001
#1946,nathan.petit2971@example.com,paid,2026-07-27 19:38:00 +0200,EUR,35.10,3.90,5.90,7.02,48.02,,1,Porte-cartes,39.00,ACC-201
#1947,chloe.petit14772@example.com,paid,2026-07-27 22:53:00 +0200,EUR,69.00,0.00,5.90,13.80,88.70,,1,Pochette Zippee,69.00,BAG-101
#1948,chloe.michel94@example.com,paid,2026-07-27 18:10:00 +0200,EUR,59.00,0.00,5.90,11.80,76.70,,1,Bracelet Cuir Camel,59.00,BRW-002
#1949,chloe.lefebvre23416@example.com,paid,2026-07-27 11:20:00 +0200,EUR,62.10,6.90,5.90,12.42,80.42,,1,Pochette Zippee,69.00,BAG-101
#1950,jade.robert9@example.com,paid,2026-07-27 14:26:00 +0200,EUR,178.20,19.80,0.00,35.64,213.84,,1,Bracelet Acier Noir,49.00,BRW-001
#1950,,,,,,,,,,,1,Montre Quartz 34mm,149.00,WTC-011
#1951,arthur.bernard32223@example.com,paid,2026-07-27 11:23:00 +0200,EUR,331.20,36.80,0.00,66.24,397.44,,1,Montre Automatique 38mm,289.00,WTC-010
#1951,,,,,,,,,,,1,Ceinture Reversible,79.00,ACC-200
#1952,camille.martin74281@example.com,paid,2026-07-27 19:39:00 +0200,EUR,49.00,0.00,5.90,9.80,64.70,,1,Bracelet Acier Noir,49.00,BRW-001
#1953,chloe.lefebvre90855@example.com,paid,2026-07-27 17:20:00 +0200,EUR,138.00,0.00,0.00,27.60,165.60,,2,Pochette Zippee,69.00,BAG-101
#1954,chloe.bernard71@example.com,paid,2026-07-27 14:34:00 +0200,EUR,118.00,0.00,0.00,23.60,141.60,,1,Bracelet Acier Noir,49.00,BRW-001
#1954,,,,,,,,,,,1,Pochette Zippee,69.00,BAG-101
#1955,chloe.moreau81805@example.com,paid,2026-07-28 17:39:00 +0200,EUR,69.00,0.00,5.90,13.80,88.70,,1,Pochette Zippee,69.00,BAG-101
#1956,sarah.laurent45@example.com,paid,2026-07-28 19:20:00 +0200,EUR,189.00,0.00,0.00,37.80,226.80,,1,Sac Bandouliere Cuir,189.00,BAG-100
#1957,arthur.durand65639@example.com,refunded,2026-07-28 18:40:00 +0200,EUR,258.00,0.00,0.00,51.60,309.60,201.12,1,Sac Bandouliere Cuir,189.00,BAG-100
#1957,,,,,,,,,,,1,Pochette Zippee,69.00,BAG-101
#1958,nathan.moreau47072@example.com,paid,2026-07-28 18:42:00 +0200,EUR,378.00,0.00,0.00,75.60,453.60,,2,Sac Bandouliere Cuir,189.00,BAG-100
#1959,ines.robert47065@example.com,paid,2026-07-28 15:41:00 +0200,EUR,39.00,0.00,5.90,7.80,52.70,,1,Porte-cartes,39.00,ACC-201
#1960,paul.moreau59358@example.com,paid,2026-07-28 10:30:00 +0200,EUR,59.00,0.00,5.90,11.80,76.70,,1,Bracelet Cuir Camel,59.00,BRW-002
#1961,arthur.simon26079@example.com,paid,2026-07-28 10:51:00 +0200,EUR,69.00,0.00,5.90,13.80,88.70,,1,Pochette Zippee,69.00,BAG-101
#1962,camille.martin84@example.com,paid,2026-07-28 22:05:00 +0200,EUR,106.20,11.80,0.00,21.24,127.44,,1,Bracelet Acier Noir,49.00,BRW-001
#1962,,,,,,,,,,,1,Pochette Zippee,69.00,BAG-101
#1963,chloe.laurent30429@example.com,paid,2026-07-28 21:21:00 +0200,EUR,44.10,4.90,5.90,8.82,58.82,,1,Bracelet Acier Noir,49.00,BRW-001
#1964,arthur.moreau63296@example.com,paid,2026-07-28 13:18:00 +0200,EUR,260.10,28.90,0.00,52.02,312.12,,1,Montre Automatique 38mm,289.00,WTC-010
#1965,lucas.durand69@example.com,paid,2026-07-28 18:01:00 +0200,EUR,79.00,0.00,5.90,15.80,100.70,,1,Ceinture Reversible,79.00,ACC-200
#1966,camille.petit49429@example.com,paid,2026-07-28 08:23:00 +0200,EUR,149.00,0.00,0.00,29.80,178.80,,1,Montre Quartz 34mm,149.00,WTC-011
#1967,lucas.dubois29@example.com,refunded,2026-07-28 10:03:00 +0200,EUR,289.00,0.00,0.00,57.80,346.80,246.67,1,Montre Automatique 38mm,289.00,WTC-010
#1968,camille.lefebvre45@example.com,paid,2026-07-28 21:23:00 +0200,EUR,39.00,0.00,5.90,7.80,52.70,,1,Porte-cartes,39.00,ACC-201
#1969,emma.simon80@example.com,paid,2026-07-28 10:10:00 +0200,EUR,170.10,18.90,0.00,34.02,204.12,,1,Sac Bandouliere Cuir,189.00,BAG-100
#1970,theo.moreau48456@example.com,paid,2026-07-28 21:53:00 +0200,EUR,118.00,0.00,0.00,23.60,141.60,,2,Bracelet Cuir Camel,59.00,BRW-002
#1971,jade.laurent22@example.com,paid,2026-07-28 20:50:00 +0200,EUR,69.00,0.00,5.90,13.80,88.70,,1,Pochette Zippee,69.00,BAG-101
#1972,theo.moreau43304@example.com,paid,2026-07-28 19:26:00 +0200,EUR,59.00,0.00,5.90,11.80,76.70,,1,Bracelet Cuir Camel,59.00,BRW-002
#1973,jade.petit55836@example.com,paid,2026-07-28 15:38:00 +0200,EUR,35.10,3.90,5.90,7.02,48.02,,1,Porte-cartes,39.00,ACC-201
#1974,manon.durand40499@example.com,paid,2026-07-28 18:19:00 +0200,EUR,170.10,18.90,0.00,34.02,204.12,,1,Sac Bandouliere Cuir,189.00,BAG-100
#1975,manon.durand39@example.com,paid,2026-07-28 14:43:00 +0200,EUR,53.10,5.90,5.90,10.62,69.62,,1,Bracelet Cuir Camel,59.00,BRW-002
#1976,louis.garcia96367@example.com,paid,2026-07-28 13:17:00 +0200,EUR,35.10,3.90,5.90,7.02,48.02,,1,Porte-cartes,39.00,ACC-201
#1977,nathan.martin93681@example.com,paid,2026-07-28 10:04:00 +0200,EUR,238.00,0.00,0.00,47.60,285.60,,1,Bracelet Acier Noir,49.00,BRW-001
#1977,,,,,,,,,,,1,Sac Bandouliere Cuir,189.00,BAG-100
#1978,camille.garcia41714@example.com,paid,2026-07-28 15:38:00 +0200,EUR,49.00,0.00,5.90,9.80,64.70,,1,Bracelet Acier Noir,49.00,BRW-001
#1979,hugo.martin47049@example.com,paid,2026-07-28 18:40:00 +0200,EUR,617.00,0.00,0.00,123.40,740.40,,1,Porte-cartes,39.00,ACC-201
#1979,,,,,,,,,,,2,Montre Automatique 38mm,289.00,WTC-010
#1980,arthur.durand2080@example.com,paid,2026-07-28 20:33:00 +0200,EUR,170.10,18.90,0.00,34.02,204.12,,1,Sac Bandouliere Cuir,189.00,BAG-100
#1981,hugo.thomas27356@example.com,paid,2026-07-28 13:12:00 +0200,EUR,35.10,3.90,5.90,7.02,48.02,,1,Porte-cartes,39.00,ACC-201
#1982,camille.dubois86541@example.com,paid,2026-07-28 20:33:00 +0200,EUR,134.10,14.90,0.00,26.82,160.92,,1,Montre Quartz 34mm,149.00,WTC-011
#1983,sarah.garcia17@example.com,paid,2026-07-28 19:17:00 +0200,EUR,298.00,0.00,0.00,59.60,357.60,,2,Montre Quartz 34mm,149.00,WTC-011
#1984,lucas.robert94756@example.com,paid,2026-07-28 22:59:00 +0200,EUR,657.00,0.00,0.00,131.40,788.40,,2,Montre Automatique 38mm,289.00,WTC-010
#1984,,,,,,,,,,,1,Ceinture Reversible,79.00,ACC-200
#1985,jade.simon52@example.com,paid,2026-07-29 09:57:00 +0200,EUR,149.00,0.00,0.00,29.80,178.80,,1,Montre Quartz 34mm,149.00,WTC-011
#1986,camille.petit61696@example.com,paid,2026-07-29 22:24:00 +0200,EUR,49.00,0.00,5.90,9.80,64.70,,1,Bracelet Acier Noir,49.00,BRW-001
#1987,chloe.garcia24@example.com,paid,2026-07-29 17:37:00 +0200,EUR,338.00,0.00,0.00,67.60,405.60,,1,Montre Quartz 34mm,149.00,WTC-011
#1987,,,,,,,,,,,1,Sac Bandouliere Cuir,189.00,BAG-100
#1988,camille.garcia41714@example.com,paid,2026-07-29 16:50:00 +0200,EUR,98.00,0.00,0.00,19.60,117.60,,1,Bracelet Cuir Camel,59.00,BRW-002
#1988,,,,,,,,,,,1,Porte-cartes,39.00,ACC-201
#1989,lucas.petit16056@example.com,paid,2026-07-29 22:49:00 +0200,EUR,287.00,0.00,0.00,57.40,344.40,,1,Montre Quartz 34mm,149.00,WTC-011
#1989,,,,,,,,,,,2,Pochette Zippee,69.00,BAG-101
#1990,nathan.dubois77209@example.com,paid,2026-07-29 08:32:00 +0200,EUR,118.00,0.00,0.00,23.60,141.60,,1,Ceinture Reversible,79.00,ACC-200
#1990,,,,,,,,,,,1,Porte-cartes,39.00,ACC-201
#1991,chloe.durand25509@example.com,paid,2026-07-29 19:22:00 +0200,EUR,170.10,18.90,0.00,34.02,204.12,,1,Sac Bandouliere Cuir,189.00,BAG-100
#1992,louis.leroy95@example.com,paid,2026-07-29 12:39:00 +0200,EUR,39.00,0.00,5.90,7.80,52.70,,1,Porte-cartes,39.00,ACC-201
#1993,arthur.garcia59072@example.com,paid,2026-07-29 09:15:00 +0200,EUR,289.00,0.00,0.00,57.80,346.80,,1,Montre Automatique 38mm,289.00,WTC-010
#1994,arthur.moreau17950@example.com,paid,2026-07-29 17:32:00 +0200,EUR,39.00,0.00,5.90,7.80,52.70,,1,Porte-cartes,39.00,ACC-201
#1995,jade.michel62314@example.com,paid,2026-07-29 09:43:00 +0200,EUR,189.00,0.00,0.00,37.80,226.80,,1,Sac Bandouliere Cuir,189.00,BAG-100
#1996,louis.bernard38@example.com,paid,2026-07-29 11:23:00 +0200,EUR,217.00,0.00,0.00,43.40,260.40,,2,Pochette Zippee,69.00,BAG-101
#1996,,,,,,,,,,,1,Ceinture Reversible,79.00,ACC-200
#1997,manon.garcia97693@example.com,paid,2026-07-29 13:47:00 +0200,EUR,394.20,43.80,0.00,78.84,473.04,,1,Montre Quartz 34mm,149.00,WTC-011
#1997,,,,,,,,,,,1,Montre Automatique 38mm,289.00,WTC-010
#1998,jade.thomas93305@example.com,paid,2026-07-29 20:27:00 +0200,EUR,49.00,0.00,5.90,9.80,64.70,,1,Bracelet Acier Noir,49.00,BRW-001
#1999,louis.thomas76856@example.com,paid,2026-07-29 12:13:00 +0200,EUR,97.20,10.80,0.00,19.44,116.64,,1,Bracelet Acier Noir,49.00,BRW-001
#1999,,,,,,,,,,,1,Bracelet Cuir Camel,59.00,BRW-002
#2000,ines.moreau96@example.com,paid,2026-07-29 16:00:00 +0200,EUR,108.00,0.00,0.00,21.60,129.60,,1,Bracelet Acier Noir,49.00,BRW-001
#2000,,,,,,,,,,,1,Bracelet Cuir Camel,59.00,BRW-002
#2001,manon.moreau63907@example.com,paid,2026-07-29 08:29:00 +0200,EUR,59.00,0.00,5.90,11.80,76.70,,1,Bracelet Cuir Camel,59.00,BRW-002
#2002,camille.leroy49@example.com,paid,2026-07-29 11:22:00 +0200,EUR,377.00,0.00,0.00,75.40,452.40,,1,Ceinture Reversible,79.00,ACC-200
#2002,,,,,,,,,,,2,Montre Quartz 34mm,149.00,WTC-011
#2003,lucas.durand45310@example.com,paid,2026-07-29 15:13:00 +0200,EUR,289.00,0.00,0.00,57.80,346.80,,1,Montre Automatique 38mm,289.00,WTC-010
#2004,louis.dubois15608@example.com,paid,2026-07-29 21:13:00 +0200,EUR,62.10,6.90,5.90,12.42,80.42,,1,Pochette Zippee,69.00,BAG-101
#2005,sarah.robert32263@example.com,paid,2026-07-29 20:38:00 +0200,EUR,59.00,0.00,5.90,11.80,76.70,,1,Bracelet Cuir Camel,59.00,BRW-002
#2006,ines.thomas90732@example.com,paid,2026-07-29 21:02:00 +0200,EUR,69.00,0.00,5.90,13.80,88.70,,1,Pochette Zippee,69.00,BAG-101
#2007,lucas.durand16288@example.com,paid,2026-07-29 09:01:00 +0200,EUR,59.00,0.00,5.90,11.80,76.70,,1,Bracelet Cuir Camel,59.00,BRW-002
#2008,lucas.simon73@example.com,paid,2026-07-29 12:08:00 +0200,EUR,39.00,0.00,5.90,7.80,52.70,,1,Porte-cartes,39.00,ACC-201
#2009,theo.moreau43304@example.com,paid,2026-07-29 20:10:00 +0200,EUR,39.00,0.00,5.90,7.80,52.70,,1,Porte-cartes,39.00,ACC-201
#2010,chloe.laurent41376@example.com,paid,2026-07-29 22:35:00 +0200,EUR,69.00,0.00,5.90,13.80,88.70,,1,Pochette Zippee,69.00,BAG-101
#2011,gabriel.garcia48@example.com,refunded,2026-07-29 14:10:00 +0200,EUR,189.00,0.00,0.00,37.80,226.80,174.68,1,Sac Bandouliere Cuir,189.00,BAG-100
#2012,nathan.garcia85@example.com,paid,2026-07-29 19:14:00 +0200,EUR,438.00,0.00,0.00,87.60,525.60,,1,Montre Quartz 34mm,149.00,WTC-011
#2012,,,,,,,,,,,1,Montre Automatique 38mm,289.00,WTC-010
#2013,ines.lefebvre91087@example.com,paid,2026-07-29 10:29:00 +0200,EUR,69.00,0.00,5.90,13.80,88.70,,1,Pochette Zippee,69.00,BAG-101
#2014,paul.simon55375@example.com,paid,2026-07-30 13:23:00 +0200,EUR,79.00,0.00,5.90,15.80,100.70,,1,Ceinture Reversible,79.00,ACC-200
#2015,paul.garcia58199@example.com,paid,2026-07-30 08:01:00 +0200,EUR,118.00,0.00,0.00,23.60,141.60,,1,Pochette Zippee,69.00,BAG-101
#2015,,,,,,,,,,,1,Bracelet Acier Noir,49.00,BRW-001
#2016,gabriel.bernard15363@example.com,paid,2026-07-30 17:42:00 +0200,EUR,53.10,5.90,5.90,10.62,69.62,,1,Bracelet Cuir Camel,59.00,BRW-002
#2017,lucas.thomas51178@example.com,paid,2026-07-30 18:19:00 +0200,EUR,149.00,0.00,0.00,29.80,178.80,,1,Montre Quartz 34mm,149.00,WTC-011
#2018,ines.garcia37278@example.com,paid,2026-07-30 21:34:00 +0200,EUR,322.20,35.80,0.00,64.44,386.64,,1,Montre Automatique 38mm,289.00,WTC-010
#2018,,,,,,,,,,,1,Pochette Zippee,69.00,BAG-101
#2019,jade.garcia37409@example.com,paid,2026-07-30 21:43:00 +0200,EUR,71.10,7.90,5.90,14.22,91.22,,1,Ceinture Reversible,79.00,ACC-200
#2020,theo.michel17372@example.com,paid,2026-07-30 18:54:00 +0200,EUR,205.20,22.80,0.00,41.04,246.24,,1,Ceinture Reversible,79.00,ACC-200
#2020,,,,,,,,,,,1,Montre Quartz 34mm,149.00,WTC-011
#2021,emma.lefebvre97170@example.com,paid,2026-07-30 10:05:00 +0200,EUR,378.00,0.00,0.00,75.60,453.60,,2,Sac Bandouliere Cuir,189.00,BAG-100
#2022,ines.martin44@example.com,paid,2026-07-30 22:57:00 +0200,EUR,248.00,0.00,0.00,49.60,297.60,,1,Bracelet Cuir Camel,59.00,BRW-002
#2022,,,,,,,,,,,1,Sac Bandouliere Cuir,189.00,BAG-100
#2023,nathan.leroy78223@example.com,paid,2026-07-30 12:02:00 +0200,EUR,39.00,0.00,5.90,7.80,52.70,,1,Porte-cartes,39.00,ACC-201
#2024,ines.moreau14636@example.com,paid,2026-07-30 15:16:00 +0200,EUR,188.00,0.00,0.00,37.60,225.60,,1,Montre Quartz 34mm,149.00,WTC-011
#2024,,,,,,,,,,,1,Porte-cartes,39.00,ACC-201
#2025,nathan.dubois26195@example.com,paid,2026-07-30 13:30:00 +0200,EUR,149.00,0.00,0.00,29.80,178.80,,1,Montre Quartz 34mm,149.00,WTC-011
#2026,lucas.laurent94437@example.com,paid,2026-07-30 11:10:00 +0200,EUR,260.10,28.90,0.00,52.02,312.12,,1,Montre Automatique 38mm,289.00,WTC-010
#2027,chloe.dubois85166@example.com,paid,2026-07-30 15:11:00 +0200,EUR,238.00,0.00,0.00,47.60,285.60,,1,Sac Bandouliere Cuir,189.00,BAG-100
#2027,,,,,,,,,,,1,Bracelet Acier Noir,49.00,BRW-001
#2028,jade.laurent22@example.com,paid,2026-07-30 13:21:00 +0200,EUR,49.00,0.00,5.90,9.80,64.70,,1,Bracelet Acier Noir,49.00,BRW-001
#2029,camille.laurent84926@example.com,paid,2026-07-30 20:08:00 +0200,EUR,79.00,0.00,5.90,15.80,100.70,,1,Ceinture Reversible,79.00,ACC-200
#2030,hugo.thomas29762@example.com,paid,2026-07-30 19:37:00 +0200,EUR,188.00,0.00,0.00,37.60,225.60,,1,Montre Quartz 34mm,149.00,WTC-011
#2030,,,,,,,,,,,1,Porte-cartes,39.00,ACC-201
#2031,nathan.petit85757@example.com,paid,2026-07-30 09:34:00 +0200,EUR,348.00,0.00,0.00,69.60,417.60,,1,Montre Automatique 38mm,289.00,WTC-010
#2031,,,,,,,,,,,1,Bracelet Cuir Camel,59.00,BRW-002
#2032,theo.thomas76128@example.com,paid,2026-07-30 21:45:00 +0200,EUR,39.00,0.00,5.90,7.80,52.70,,1,Porte-cartes,39.00,ACC-201
#2033,ines.garcia40813@example.com,refunded,2026-07-30 13:07:00 +0200,EUR,228.00,0.00,0.00,45.60,273.60,133.21,1,Ceinture Reversible,79.00,ACC-200
#2033,,,,,,,,,,,1,Montre Quartz 34mm,149.00,WTC-011
#2034,lucas.leroy82307@example.com,paid,2026-07-30 21:45:00 +0200,EUR,289.00,0.00,0.00,57.80,346.80,,1,Montre Automatique 38mm,289.00,WTC-010
#2035,lucas.garcia24@example.com,paid,2026-07-30 18:06:00 +0200,EUR,427.00,0.00,0.00,85.40,512.40,,1,Montre Automatique 38mm,289.00,WTC-010
#2035,,,,,,,,,,,2,Pochette Zippee,69.00,BAG-101
#2036,nathan.martin54@example.com,paid,2026-07-30 19:14:00 +0200,EUR,149.00,0.00,0.00,29.80,178.80,,1,Montre Quartz 34mm,149.00,WTC-011
#2037,lucas.bernard21571@example.com,paid,2026-07-30 20:18:00 +0200,EUR,62.10,6.90,5.90,12.42,80.42,,1,Pochette Zippee,69.00,BAG-101
#2038,chloe.laurent50577@example.com,paid,2026-07-30 11:46:00 +0200,EUR,189.00,0.00,0.00,37.80,226.80,,1,Sac Bandouliere Cuir,189.00,BAG-100
#2039,louis.leroy27030@example.com,paid,2026-07-30 10:54:00 +0200,EUR,149.00,0.00,0.00,29.80,178.80,,1,Montre Quartz 34mm,149.00,WTC-011
#2040,paul.robert59@example.com,paid,2026-07-30 09:47:00 +0200,EUR,328.00,0.00,0.00,65.60,393.60,,1,Montre Automatique 38mm,289.00,WTC-010
#2040,,,,,,,,,,,1,Porte-cartes,39.00,ACC-201
#2041,gabriel.martin29@example.com,paid,2026-07-30 08:47:00 +0200,EUR,79.00,0.00,5.90,15.80,100.70,,1,Ceinture Reversible,79.00,ACC-200
#2042,hugo.bernard88516@example.com,paid,2026-07-30 18:31:00 +0200,EUR,260.10,28.90,0.00,52.02,312.12,,1,Montre Automatique 38mm,289.00,WTC-010
#2043,louis.michel38155@example.com,paid,2026-07-31 22:50:00 +0200,EUR,368.00,0.00,0.00,73.60,441.60,,1,Ceinture Reversible,79.00,ACC-200
#2043,,,,,,,,,,,1,Montre Automatique 38mm,289.00,WTC-010
#2044,jade.petit43776@example.com,paid,2026-07-31 22:45:00 +0200,EUR,44.10,4.90,5.90,8.82,58.82,,1,Bracelet Acier Noir,49.00,BRW-001
#2045,jade.lefebvre11475@example.com,paid,2026-07-31 11:17:00 +0200,EUR,149.00,0.00,0.00,29.80,178.80,,1,Montre Quartz 34mm,149.00,WTC-011
#2046,camille.simon81@example.com,paid,2026-07-31 12:00:00 +0200,EUR,298.00,0.00,0.00,59.60,357.60,,2,Montre Quartz 34mm,149.00,WTC-011
#2047,hugo.lefebvre65056@example.com,paid,2026-07-31 22:18:00 +0200,EUR,39.00,0.00,5.90,7.80,52.70,,1,Porte-cartes,39.00,ACC-201
#2048,arthur.durand37@example.com,paid,2026-07-31 16:07:00 +0200,EUR,69.00,0.00,5.90,13.80,88.70,,1,Pochette Zippee,69.00,BAG-101
#2049,theo.robert97@example.com,paid,2026-07-31 19:39:00 +0200,EUR,138.00,0.00,0.00,27.60,165.60,,2,Pochette Zippee,69.00,BAG-101
#2050,lea.petit50@example.com,paid,2026-07-31 19:38:00 +0200,EUR,298.00,0.00,0.00,59.60,357.60,,2,Montre Quartz 34mm,149.00,WTC-011
#2051,jade.garcia37409@example.com,paid,2026-07-31 18:54:00 +0200,EUR,248.00,0.00,0.00,49.60,297.60,,1,Sac Bandouliere Cuir,189.00,BAG-100
#2051,,,,,,,,,,,1,Bracelet Cuir Camel,59.00,BRW-002
#2052,nathan.moreau32422@example.com,paid,2026-07-31 15:54:00 +0200,EUR,69.00,0.00,5.90,13.80,88.70,,1,Pochette Zippee,69.00,BAG-101
#2053,camille.dubois63826@example.com,paid,2026-07-31 21:24:00 +0200,EUR,158.00,0.00,0.00,31.60,189.60,,2,Ceinture Reversible,79.00,ACC-200
#2054,lucas.thomas10528@example.com,paid,2026-07-31 18:00:00 +0200,EUR,62.10,6.90,5.90,12.42,80.42,,1,Pochette Zippee,69.00,BAG-101
#2055,jade.thomas41@example.com,paid,2026-07-31 09:17:00 +0200,EUR,108.00,0.00,0.00,21.60,129.60,,1,Porte-cartes,39.00,ACC-201
#2055,,,,,,,,,,,1,Pochette Zippee,69.00,BAG-101
#2056,manon.lefebvre18@example.com,paid,2026-07-31 19:12:00 +0200,EUR,149.00,0.00,0.00,29.80,178.80,,1,Montre Quartz 34mm,149.00,WTC-011
#2057,emma.durand94012@example.com,paid,2026-07-31 09:23:00 +0200,EUR,59.00,0.00,5.90,11.80,76.70,,1,Bracelet Cuir Camel,59.00,BRW-002
#2058,paul.leroy5@example.com,paid,2026-07-31 18:45:00 +0200,EUR,138.00,0.00,0.00,27.60,165.60,,2,Pochette Zippee,69.00,BAG-101
#2059,camille.simon87263@example.com,paid,2026-07-31 16:06:00 +0200,EUR,35.10,3.90,5.90,7.02,48.02,,1,Porte-cartes,39.00,ACC-201
#2060,hugo.martin99557@example.com,paid,2026-07-31 12:59:00 +0200,EUR,108.00,0.00,0.00,21.60,129.60,,1,Bracelet Acier Noir,49.00,BRW-001
#2060,,,,,,,,,,,1,Bracelet Cuir Camel,59.00,BRW-002
#2061,louis.simon22275@example.com,paid,2026-07-31 18:59:00 +0200,EUR,138.00,0.00,0.00,27.60,165.60,,2,Pochette Zippee,69.00,BAG-101
#2062,jade.durand86@example.com,paid,2026-07-31 16:31:00 +0200,EUR,118.00,0.00,0.00,23.60,141.60,,1,Bracelet Acier Noir,49.00,BRW-001
#2062,,,,,,,,,,,1,Pochette Zippee,69.00,BAG-101
#2063,gabriel.leroy24657@example.com,paid,2026-07-31 17:52:00 +0200,EUR,394.20,43.80,0.00,78.84,473.04,,1,Montre Automatique 38mm,289.00,WTC-010
#2063,,,,,,,,,,,1,Montre Quartz 34mm,149.00,WTC-011
#2064,arthur.martin16552@example.com,paid,2026-07-31 14:27:00 +0200,EUR,59.00,0.00,5.90,11.80,76.70,,1,Bracelet Cuir Camel,59.00,BRW-002
#2065,ines.michel5189@example.com,paid,2026-08-01 18:32:00 +0200,EUR,79.00,0.00,5.90,15.80,100.70,,1,Ceinture Reversible,79.00,ACC-200
#2066,camille.martin36@example.com,paid,2026-08-01 12:17:00 +0200,EUR,59.00,0.00,5.90,11.80,76.70,,1,Bracelet Cuir Camel,59.00,BRW-002
#2067,nathan.leroy78223@example.com,paid,2026-08-01 15:58:00 +0200,EUR,189.00,0.00,0.00,37.80,226.80,,1,Sac Bandouliere Cuir,189.00,BAG-100
#2068,chloe.michel21@example.com,paid,2026-08-01 15:47:00 +0200,EUR,158.00,0.00,0.00,31.60,189.60,,2,Ceinture Reversible,79.00,ACC-200
#2069,lea.leroy57306@example.com,paid,2026-08-01 10:47:00 +0200,EUR,267.00,0.00,0.00,53.40,320.40,,2,Porte-cartes,39.00,ACC-201
#2069,,,,,,,,,,,1,Sac Bandouliere Cuir,189.00,BAG-100
#2070,jade.lefebvre43255@example.com,refunded,2026-08-01 19:22:00 +0200,EUR,134.10,14.90,0.00,26.82,160.92,89.71,1,Montre Quartz 34mm,149.00,WTC-011
#2071,ines.leroy85244@example.com,paid,2026-08-01 22:55:00 +0200,EUR,39.00,0.00,5.90,7.80,52.70,,1,Porte-cartes,39.00,ACC-201
#2072,arthur.durand65639@example.com,paid,2026-08-01 11:53:00 +0200,EUR,149.00,0.00,0.00,29.80,178.80,,1,Montre Quartz 34mm,149.00,WTC-011
#2073,manon.moreau7222@example.com,paid,2026-08-01 13:51:00 +0200,EUR,276.30,30.70,0.00,55.26,331.56,,1,Montre Quartz 34mm,149.00,WTC-011
#2073,,,,,,,,,,,2,Ceinture Reversible,79.00,ACC-200
#2074,camille.martin16152@example.com,paid,2026-08-01 19:57:00 +0200,EUR,170.10,18.90,0.00,34.02,204.12,,1,Sac Bandouliere Cuir,189.00,BAG-100
#2075,lea.leroy40@example.com,paid,2026-08-01 17:41:00 +0200,EUR,260.10,28.90,0.00,52.02,312.12,,1,Montre Automatique 38mm,289.00,WTC-010
#2076,emma.lefebvre71@example.com,paid,2026-08-01 12:37:00 +0200,EUR,69.00,0.00,5.90,13.80,88.70,,1,Pochette Zippee,69.00,BAG-101
#2077,manon.lefebvre60476@example.com,paid,2026-08-01 14:27:00 +0200,EUR,223.20,24.80,0.00,44.64,267.84,,1,Sac Bandouliere Cuir,189.00,BAG-100
#2077,,,,,,,,,,,1,Bracelet Cuir Camel,59.00,BRW-002
#2078,ines.martin83490@example.com,paid,2026-08-01 19:19:00 +0200,EUR,115.20,12.80,0.00,23.04,138.24,,1,Bracelet Acier Noir,49.00,BRW-001
#2078,,,,,,,,,,,1,Ceinture Reversible,79.00,ACC-200
#2079,hugo.garcia26913@example.com,paid,2026-08-01 17:31:00 +0200,EUR,170.10,18.90,0.00,34.02,204.12,,1,Sac Bandouliere Cuir,189.00,BAG-100
#2080,emma.lefebvre71@example.com,paid,2026-08-01 20:08:00 +0200,EUR,142.20,15.80,0.00,28.44,170.64,,2,Ceinture Reversible,79.00,ACC-200
#2081,arthur.leroy1926@example.com,paid,2026-08-01 09:45:00 +0200,EUR,289.00,0.00,0.00,57.80,346.80,,1,Montre Automatique 38mm,289.00,WTC-010
#2082,gabriel.petit92055@example.com,paid,2026-08-01 15:55:00 +0200,EUR,348.00,0.00,0.00,69.60,417.60,,1,Montre Automatique 38mm,289.00,WTC-010
#2082,,,,,,,,,,,1,Bracelet Cuir Camel,59.00,BRW-002
#2083,theo.lefebvre28@example.com,paid,2026-08-01 14:51:00 +0200,EUR,59.00,0.00,5.90,11.80,76.70,,1,Bracelet Cuir Camel,59.00,BRW-002
#2084,paul.leroy72283@example.com,paid,2026-08-01 22:01:00 +0200,EUR,322.20,35.80,0.00,64.44,386.64,,1,Pochette Zippee,69.00,BAG-101
#2084,,,,,,,,,,,1,Montre Automatique 38mm,289.00,WTC-010
#2085,hugo.robert77733@example.com,paid,2026-08-02 20:25:00 +0200,EUR,260.10,28.90,0.00,52.02,312.12,,1,Montre Automatique 38mm,289.00,WTC-010
#2086,theo.moreau43304@example.com,paid,2026-08-02 14:52:00 +0200,EUR,108.00,0.00,0.00,21.60,129.60,,1,Bracelet Acier Noir,49.00,BRW-001
#2086,,,,,,,,,,,1,Bracelet Cuir Camel,59.00,BRW-002
#2087,hugo.durand88@example.com,paid,2026-08-02 08:15:00 +0200,EUR,79.00,0.00,5.90,15.80,100.70,,1,Ceinture Reversible,79.00,ACC-200
#2088,louis.robert56@example.com,paid,2026-08-02 18:44:00 +0200,EUR,49.00,0.00,5.90,9.80,64.70,,1,Bracelet Acier Noir,49.00,BRW-001
#2089,emma.simon80@example.com,paid,2026-08-02 17:14:00 +0200,EUR,228.00,0.00,0.00,45.60,273.60,,1,Ceinture Reversible,79.00,ACC-200
#2089,,,,,,,,,,,1,Montre Quartz 34mm,149.00,WTC-011
#2090,sarah.petit42969@example.com,paid,2026-08-02 18:02:00 +0200,EUR,189.00,0.00,0.00,37.80,226.80,,1,Sac Bandouliere Cuir,189.00,BAG-100
#2091,theo.laurent87663@example.com,paid,2026-08-02 13:46:00 +0200,EUR,71.10,7.90,5.90,14.22,91.22,,1,Ceinture Reversible,79.00,ACC-200
#2092,lea.lefebvre61835@example.com,paid,2026-08-02 09:02:00 +0200,EUR,189.00,0.00,0.00,37.80,226.80,,1,Sac Bandouliere Cuir,189.00,BAG-100
#2093,lea.michel85779@example.com,paid,2026-08-02 12:11:00 +0200,EUR,108.00,0.00,0.00,21.60,129.60,,1,Porte-cartes,39.00,ACC-201
#2093,,,,,,,,,,,1,Pochette Zippee,69.00,BAG-101
#2094,ines.laurent2328@example.com,paid,2026-08-02 13:23:00 +0200,EUR,39.00,0.00,5.90,7.80,52.70,,1,Porte-cartes,39.00,ACC-201
#2095,manon.leroy33588@example.com,paid,2026-08-02 14:45:00 +0200,EUR,59.00,0.00,5.90,11.80,76.70,,1,Bracelet Cuir Camel,59.00,BRW-002
#2096,arthur.lefebvre34287@example.com,paid,2026-08-02 15:00:00 +0200,EUR,149.00,0.00,0.00,29.80,178.80,,1,Montre Quartz 34mm,149.00,WTC-011
#2097,ines.thomas14619@example.com,paid,2026-08-02 21:45:00 +0200,EUR,128.00,0.00,0.00,25.60,153.60,,1,Bracelet Cuir Camel,59.00,BRW-002
#2097,,,,,,,,,,,1,Pochette Zippee,69.00,BAG-101
#2098,ines.martin99@example.com,paid,2026-08-02 09:27:00 +0200,EUR,474.30,52.70,0.00,94.86,569.16,,2,Sac Bandouliere Cuir,189.00,BAG-100
#2098,,,,,,,,,,,1,Montre Quartz 34mm,149.00,WTC-011
#2099,lucas.michel99382@example.com,paid,2026-08-02 16:45:00 +0200,EUR,258.00,0.00,0.00,51.60,309.60,,1,Sac Bandouliere Cuir,189.00,BAG-100
#2099,,,,,,,,,,,1,Pochette Zippee,69.00,BAG-101
#2100,lucas.laurent60989@example.com,paid,2026-08-02 18:18:00 +0200,EUR,330.30,36.70,0.00,66.06,396.36,,2,Porte-cartes,39.00,ACC-201
#2100,,,,,,,,,,,1,Montre Automatique 38mm,289.00,WTC-010
#2101,nathan.garcia16350@example.com,paid,2026-08-02 13:25:00 +0200,EUR,98.00,0.00,0.00,19.60,117.60,,2,Bracelet Acier Noir,49.00,BRW-001
#2102,theo.laurent2540@example.com,paid,2026-08-02 18:29:00 +0200,EUR,149.00,0.00,0.00,29.80,178.80,,1,Montre Quartz 34mm,149.00,WTC-011
#2103,louis.bernard34395@example.com,paid,2026-08-02 11:22:00 +0200,EUR,108.00,0.00,0.00,21.60,129.60,,1,Bracelet Cuir Camel,59.00,BRW-002
#2103,,,,,,,,,,,1,Bracelet Acier Noir,49.00,BRW-001
#2104,lea.moreau18122@example.com,paid,2026-08-02 22:33:00 +0200,EUR,149.00,0.00,0.00,29.80,178.80,,1,Montre Quartz 34mm,149.00,WTC-011
#2105,theo.leroy11@example.com,paid,2026-08-02 20:31:00 +0200,EUR,98.00,0.00,0.00,19.60,117.60,,2,Bracelet Acier Noir,49.00,BRW-001
#2106,hugo.simon16477@example.com,paid,2026-08-02 14:54:00 +0200,EUR,149.00,0.00,0.00,29.80,178.80,,1,Montre Quartz 34mm,149.00,WTC-011
#2107,camille.garcia41714@example.com,paid,2026-08-03 22:44:00 +0200,EUR,49.00,0.00,5.90,9.80,64.70,,1,Bracelet Acier Noir,49.00,BRW-001
#2108,arthur.dubois9@example.com,paid,2026-08-03 19:32:00 +0200,EUR,59.00,0.00,5.90,11.80,76.70,,1,Bracelet Cuir Camel,59.00,BRW-002
#2109,emma.robert57656@example.com,paid,2026-08-03 13:14:00 +0200,EUR,258.00,0.00,0.00,51.60,309.60,,1,Sac Bandouliere Cuir,189.00,BAG-100
#2109,,,,,,,,,,,1,Pochette Zippee,69.00,BAG-101
#2110,lucas.leroy2672@example.com,paid,2026-08-03 17:18:00 +0200,EUR,59.00,0.00,5.90,11.80,76.70,,1,Bracelet Cuir Camel,59.00,BRW-002
#2111,hugo.petit99035@example.com,paid,2026-08-03 09:04:00 +0200,EUR,427.00,0.00,0.00,85.40,512.40,,2,Sac Bandouliere Cuir,189.00,BAG-100
#2111,,,,,,,,,,,1,Bracelet Acier Noir,49.00,BRW-001
#2112,chloe.durand17789@example.com,paid,2026-08-03 15:29:00 +0200,EUR,298.00,0.00,0.00,59.60,357.60,,2,Montre Quartz 34mm,149.00,WTC-011
#2113,lea.garcia43@example.com,paid,2026-08-03 17:47:00 +0200,EUR,149.00,0.00,0.00,29.80,178.80,,1,Montre Quartz 34mm,149.00,WTC-011
#2114,lucas.dubois29@example.com,paid,2026-08-03 13:18:00 +0200,EUR,358.00,0.00,0.00,71.60,429.60,,1,Pochette Zippee,69.00,BAG-101
#2114,,,,,,,,,,,1,Montre Automatique 38mm,289.00,WTC-010
#2115,chloe.durand25509@example.com,paid,2026-08-03 18:16:00 +0200,EUR,49.00,0.00,5.90,9.80,64.70,,1,Bracelet Acier Noir,49.00,BRW-001
#2116,jade.lefebvre43255@example.com,paid,2026-08-03 18:59:00 +0200,EUR,189.00,0.00,0.00,37.80,226.80,,1,Sac Bandouliere Cuir,189.00,BAG-100
#2117,manon.petit97038@example.com,paid,2026-08-03 17:19:00 +0200,EUR,59.00,0.00,5.90,11.80,76.70,,1,Bracelet Cuir Camel,59.00,BRW-002
#2118,chloe.moreau71@example.com,paid,2026-08-03 09:36:00 +0200,EUR,189.00,0.00,0.00,37.80,226.80,,1,Sac Bandouliere Cuir,189.00,BAG-100
#2119,emma.laurent24@example.com,paid,2026-08-03 16:56:00 +0200,EUR,71.10,7.90,5.90,14.22,91.22,,1,Ceinture Reversible,79.00,ACC-200
#2120,arthur.durand70@example.com,paid,2026-08-03 17:13:00 +0200,EUR,79.00,0.00,5.90,15.80,100.70,,1,Ceinture Reversible,79.00,ACC-200
#2121,theo.laurent74@example.com,paid,2026-08-03 22:02:00 +0200,EUR,289.00,0.00,0.00,57.80,346.80,,1,Montre Automatique 38mm,289.00,WTC-010
#2122,louis.bernard38@example.com,paid,2026-08-03 11:02:00 +0200,EUR,149.00,0.00,0.00,29.80,178.80,,1,Montre Quartz 34mm,149.00,WTC-011
#2123,louis.simon65@example.com,paid,2026-08-03 11:47:00 +0200,EUR,189.00,0.00,0.00,37.80,226.80,,1,Sac Bandouliere Cuir,189.00,BAG-100
#2124,nathan.bernard2@example.com,paid,2026-08-03 21:51:00 +0200,EUR,218.00,0.00,0.00,43.60,261.60,,1,Montre Quartz 34mm,149.00,WTC-011
#2124,,,,,,,,,,,1,Pochette Zippee,69.00,BAG-101
#2125,hugo.garcia28122@example.com,paid,2026-08-03 11:45:00 +0200,EUR,218.00,0.00,0.00,43.60,261.60,,1,Montre Quartz 34mm,149.00,WTC-011
#2125,,,,,,,,,,,1,Pochette Zippee,69.00,BAG-101
#2126,gabriel.thomas11402@example.com,paid,2026-08-03 20:59:00 +0200,EUR,158.00,0.00,0.00,31.60,189.60,,2,Ceinture Reversible,79.00,ACC-200
#2127,hugo.robert52548@example.com,paid,2026-08-03 16:08:00 +0200,EUR,304.20,33.80,0.00,60.84,365.04,,1,Sac Bandouliere Cuir,189.00,BAG-100
#2127,,,,,,,,,,,1,Montre Quartz 34mm,149.00,WTC-011
#2128,theo.thomas47066@example.com,paid,2026-08-03 13:38:00 +0200,EUR,134.10,14.90,0.00,26.82,160.92,,1,Montre Quartz 34mm,149.00,WTC-011
#2129,paul.robert31970@example.com,paid,2026-08-03 20:42:00 +0200,EUR,49.00,0.00,5.90,9.80,64.70,,1,Bracelet Acier Noir,49.00,BRW-001
#2130,chloe.durand25509@example.com,paid,2026-08-03 12:26:00 +0200,EUR,217.00,0.00,0.00,43.40,260.40,,1,Ceinture Reversible,79.00,ACC-200
#2130,,,,,,,,,,,2,Pochette Zippee,69.00,BAG-101
#2131,theo.thomas69@example.com,paid,2026-08-03 12:43:00 +0200,EUR,214.20,23.80,0.00,42.84,257.04,,1,Sac Bandouliere Cuir,189.00,BAG-100
#2131,,,,,,,,,,,1,Bracelet Acier Noir,49.00,BRW-001
#2132,lucas.durand34@example.com,paid,2026-08-03 09:55:00 +0200,EUR,49.00,0.00,5.90,9.80,64.70,,1,Bracelet Acier Noir,49.00,BRW-001
#2133,hugo.garcia37905@example.com,paid,2026-08-03 22:55:00 +0200,EUR,304.20,33.80,0.00,60.84,365.04,,1,Bracelet Acier Noir,49.00,BRW-001
#2133,,,,,,,,,,,1,Montre Automatique 38mm,289.00,WTC-010
#2134,lea.martin62094@example.com,paid,2026-08-03 13:24:00 +0200,EUR,134.10,14.90,0.00,26.82,160.92,,1,Montre Quartz 34mm,149.00,WTC-011
#2135,paul.martin46461@example.com,paid,2026-08-03 22:14:00 +0200,EUR,49.00,0.00,5.90,9.80,64.70,,1,Bracelet Acier Noir,49.00,BRW-001
#2136,paul.laurent51@example.com,paid,2026-08-03 18:14:00 +0200,EUR,62.10,6.90,5.90,12.42,80.42,,1,Pochette Zippee,69.00,BAG-101
#2137,louis.thomas49869@example.com,paid,2026-08-03 15:44:00 +0200,EUR,149.00,0.00,0.00,29.80,178.80,,1,Montre Quartz 34mm,149.00,WTC-011
#2138,manon.lefebvre20@example.com,paid,2026-08-04 16:19:00 +0200,EUR,260.10,28.90,0.00,52.02,312.12,,1,Montre Automatique 38mm,289.00,WTC-010
#2139,ines.dubois49621@example.com,paid,2026-08-04 13:32:00 +0200,EUR,258.00,0.00,0.00,51.60,309.60,,1,Sac Bandouliere Cuir,189.00,BAG-100
#2139,,,,,,,,,,,1,Pochette Zippee,69.00,BAG-101
#2140,camille.moreau69171@example.com,paid,2026-08-04 18:36:00 +0200,EUR,328.00,0.00,0.00,65.60,393.60,,1,Montre Automatique 38mm,289.00,WTC-010
#2140,,,,,,,,,,,1,Porte-cartes,39.00,ACC-201
#2141,lucas.robert11956@example.com,refunded,2026-08-04 13:44:00 +0200,EUR,289.00,0.00,0.00,57.80,346.80,237.04,1,Montre Automatique 38mm,289.00,WTC-010
#2142,chloe.leroy24@example.com,paid,2026-08-04 16:11:00 +0200,EUR,35.10,3.90,5.90,7.02,48.02,,1,Porte-cartes,39.00,ACC-201
#2143,manon.leroy44486@example.com,paid,2026-08-04 22:22:00 +0200,EUR,134.10,14.90,0.00,26.82,160.92,,1,Montre Quartz 34mm,149.00,WTC-011
#2144,lucas.thomas69965@example.com,paid,2026-08-04 13:30:00 +0200,EUR,149.00,0.00,0.00,29.80,178.80,,1,Montre Quartz 34mm,149.00,WTC-011
#2145,lucas.thomas10528@example.com,paid,2026-08-04 21:08:00 +0200,EUR,368.00,0.00,0.00,73.60,441.60,,1,Ceinture Reversible,79.00,ACC-200
#2145,,,,,,,,,,,1,Montre Automatique 38mm,289.00,WTC-010
#2146,paul.petit6586@example.com,paid,2026-08-04 11:54:00 +0200,EUR,260.10,28.90,0.00,52.02,312.12,,1,Montre Automatique 38mm,289.00,WTC-010
#2147,jade.laurent1099@example.com,paid,2026-08-04 20:39:00 +0200,EUR,35.10,3.90,5.90,7.02,48.02,,1,Porte-cartes,39.00,ACC-201
#2148,lucas.garcia24@example.com,paid,2026-08-04 19:53:00 +0200,EUR,298.00,0.00,0.00,59.60,357.60,,2,Montre Quartz 34mm,149.00,WTC-011
#2149,camille.robert39@example.com,paid,2026-08-04 08:35:00 +0200,EUR,79.00,0.00,5.90,15.80,100.70,,1,Ceinture Reversible,79.00,ACC-200
#2150,hugo.garcia26913@example.com,paid,2026-08-04 13:22:00 +0200,EUR,78.00,0.00,5.90,15.60,99.50,,2,Porte-cartes,39.00,ACC-201
#2151,nathan.martin33486@example.com,paid,2026-08-04 19:32:00 +0200,EUR,69.00,0.00,5.90,13.80,88.70,,1,Pochette Zippee,69.00,BAG-101
#2152,paul.lefebvre60@example.com,paid,2026-08-04 17:10:00 +0200,EUR,79.00,0.00,5.90,15.80,100.70,,1,Ceinture Reversible,79.00,ACC-200
#2153,louis.dubois4060@example.com,paid,2026-08-04 16:30:00 +0200,EUR,69.00,0.00,5.90,13.80,88.70,,1,Pochette Zippee,69.00,BAG-101
#2154,louis.martin93@example.com,paid,2026-08-04 08:33:00 +0200,EUR,49.00,0.00,5.90,9.80,64.70,,1,Bracelet Acier Noir,49.00,BRW-001
#2155,jade.robert65554@example.com,paid,2026-08-04 14:22:00 +0200,EUR,205.20,22.80,0.00,41.04,246.24,,1,Sac Bandouliere Cuir,189.00,BAG-100
#2155,,,,,,,,,,,1,Porte-cartes,39.00,ACC-201
#2156,theo.laurent87063@example.com,paid,2026-08-04 22:34:00 +0200,EUR,79.00,0.00,5.90,15.80,100.70,,1,Ceinture Reversible,79.00,ACC-200
#2157,gabriel.robert56@example.com,paid,2026-08-04 12:55:00 +0200,EUR,69.00,0.00,5.90,13.80,88.70,,1,Pochette Zippee,69.00,BAG-101
#2158,manon.leroy57@example.com,paid,2026-08-04 16:52:00 +0200,EUR,70.20,7.80,5.90,14.04,90.14,,2,Porte-cartes,39.00,ACC-201
#2159,jade.simon3309@example.com,paid,2026-08-04 17:01:00 +0200,EUR,79.00,0.00,5.90,15.80,100.70,,1,Ceinture Reversible,79.00,ACC-200
#2160,louis.thomas6485@example.com,paid,2026-08-04 22:45:00 +0200,EUR,338.00,0.00,0.00,67.60,405.60,,1,Montre Automatique 38mm,289.00,WTC-010
#2160,,,,,,,,,,,1,Bracelet Acier Noir,49.00,BRW-001
#2161,emma.bernard35797@example.com,paid,2026-08-04 17:43:00 +0200,EUR,366.30,40.70,0.00,73.26,439.56,,1,Montre Automatique 38mm,289.00,WTC-010
#2161,,,,,,,,,,,2,Bracelet Cuir Camel,59.00,BRW-002
#2162,lea.garcia45762@example.com,paid,2026-08-04 17:43:00 +0200,EUR,289.00,0.00,0.00,57.80,346.80,,1,Montre Automatique 38mm,289.00,WTC-010
#2163,nathan.garcia16515@example.com,paid,2026-08-04 21:38:00 +0200,EUR,39.00,0.00,5.90,7.80,52.70,,1,Porte-cartes,39.00,ACC-201
#2164,paul.robert47@example.com,paid,2026-08-04 12:22:00 +0200,EUR,79.00,0.00,5.90,15.80,100.70,,1,Ceinture Reversible,79.00,ACC-200
#2165,paul.thomas7827@example.com,paid,2026-08-04 17:16:00 +0200,EUR,149.00,0.00,0.00,29.80,178.80,,1,Montre Quartz 34mm,149.00,WTC-011
#2166,hugo.robert60@example.com,paid,2026-08-04 18:54:00 +0200,EUR,128.00,0.00,0.00,25.60,153.60,,1,Bracelet Acier Noir,49.00,BRW-001
#2166,,,,,,,,,,,1,Ceinture Reversible,79.00,ACC-200
#2167,hugo.martin23785@example.com,paid,2026-08-04 11:54:00 +0200,EUR,118.00,0.00,0.00,23.60,141.60,,2,Bracelet Cuir Camel,59.00,BRW-002
#2168,lucas.dubois41700@example.com,paid,2026-08-04 19:58:00 +0200,EUR,71.10,7.90,5.90,14.22,91.22,,1,Ceinture Reversible,79.00,ACC-200
#2169,hugo.michel66200@example.com,paid,2026-08-05 17:09:00 +0200,EUR,260.10,28.90,0.00,52.02,312.12,,1,Montre Automatique 38mm,289.00,WTC-010
#2170,sarah.thomas63968@example.com,paid,2026-08-05 20:41:00 +0200,EUR,69.00,0.00,5.90,13.80,88.70,,1,Pochette Zippee,69.00,BAG-101
#2171,gabriel.durand36079@example.com,paid,2026-08-05 08:48:00 +0200,EUR,59.00,0.00,5.90,11.80,76.70,,1,Bracelet Cuir Camel,59.00,BRW-002
#2172,camille.laurent38236@example.com,paid,2026-08-05 19:08:00 +0200,EUR,227.00,0.00,0.00,45.40,272.40,,2,Ceinture Reversible,79.00,ACC-200
#2172,,,,,,,,,,,1,Pochette Zippee,69.00,BAG-101
#2173,chloe.leroy24@example.com,paid,2026-08-05 10:52:00 +0200,EUR,170.10,18.90,0.00,34.02,204.12,,1,Sac Bandouliere Cuir,189.00,BAG-100
#2174,lucas.leroy2672@example.com,paid,2026-08-05 21:26:00 +0200,EUR,260.10,28.90,0.00,52.02,312.12,,1,Montre Automatique 38mm,289.00,WTC-010
#2175,emma.martin24945@example.com,paid,2026-08-05 11:49:00 +0200,EUR,189.00,0.00,0.00,37.80,226.80,,1,Sac Bandouliere Cuir,189.00,BAG-100
#2176,jade.thomas36075@example.com,paid,2026-08-05 09:31:00 +0200,EUR,218.00,0.00,0.00,43.60,261.60,,1,Montre Quartz 34mm,149.00,WTC-011
#2176,,,,,,,,,,,1,Pochette Zippee,69.00,BAG-101
#2177,sarah.laurent60@example.com,paid,2026-08-05 10:02:00 +0200,EUR,338.00,0.00,0.00,67.60,405.60,,1,Montre Quartz 34mm,149.00,WTC-011
#2177,,,,,,,,,,,1,Sac Bandouliere Cuir,189.00,BAG-100
#2178,hugo.simon3214@example.com,paid,2026-08-05 13:34:00 +0200,EUR,188.00,0.00,0.00,37.60,225.60,,1,Porte-cartes,39.00,ACC-201
#2178,,,,,,,,,,,1,Montre Quartz 34mm,149.00,WTC-011
#2179,manon.dubois3726@example.com,paid,2026-08-05 13:00:00 +0200,EUR,358.00,0.00,0.00,71.60,429.60,,1,Montre Automatique 38mm,289.00,WTC-010
#2179,,,,,,,,,,,1,Pochette Zippee,69.00,BAG-101
#2180,louis.lefebvre2557@example.com,paid,2026-08-05 21:54:00 +0200,EUR,378.00,0.00,0.00,75.60,453.60,,2,Sac Bandouliere Cuir,189.00,BAG-100
#2181,emma.dubois57906@example.com,paid,2026-08-05 12:55:00 +0200,EUR,138.00,0.00,0.00,27.60,165.60,,1,Ceinture Reversible,79.00,ACC-200
#2181,,,,,,,,,,,1,Bracelet Cuir Camel,59.00,BRW-002
#2182,manon.laurent37@example.com,paid,2026-08-05 22:48:00 +0200,EUR,106.20,11.80,0.00,21.24,127.44,,1,Bracelet Acier Noir,49.00,BRW-001
#2182,,,,,,,,,,,1,Pochette Zippee,69.00,BAG-101
#2183,chloe.garcia14963@example.com,paid,2026-08-05 13:39:00 +0200,EUR,79.00,0.00,5.90,15.80,100.70,,1,Ceinture Reversible,79.00,ACC-200
#2184,lea.martin98146@example.com,paid,2026-08-05 18:28:00 +0200,EUR,69.00,0.00,5.90,13.80,88.70,,1,Pochette Zippee,69.00,BAG-101
#2185,emma.moreau73840@example.com,paid,2026-08-05 13:00:00 +0200,EUR,236.00,0.00,0.00,47.20,283.20,,2,Porte-cartes,39.00,ACC-201
#2185,,,,,,,,,,,2,Ceinture Reversible,79.00,ACC-200
#2186,manon.moreau7222@example.com,paid,2026-08-05 12:59:00 +0200,EUR,79.00,0.00,5.90,15.80,100.70,,1,Ceinture Reversible,79.00,ACC-200
#2187,jade.robert11929@example.com,paid,2026-08-05 11:34:00 +0200,EUR,59.00,0.00,5.90,11.80,76.70,,1,Bracelet Cuir Camel,59.00,BRW-002
#2188,jade.bernard24058@example.com,paid,2026-08-05 18:04:00 +0200,EUR,59.00,0.00,5.90,11.80,76.70,,1,Bracelet Cuir Camel,59.00,BRW-002
#2189,ines.laurent25059@example.com,paid,2026-08-05 11:30:00 +0200,EUR,44.10,4.90,5.90,8.82,58.82,,1,Bracelet Acier Noir,49.00,BRW-001
#2190,camille.dubois75521@example.com,paid,2026-08-05 11:47:00 +0200,EUR,78.00,0.00,5.90,15.60,99.50,,2,Porte-cartes,39.00,ACC-201
#2191,ines.thomas13675@example.com,paid,2026-08-05 21:01:00 +0200,EUR,149.00,0.00,0.00,29.80,178.80,,1,Montre Quartz 34mm,149.00,WTC-011
#2192,ines.martin462@example.com,paid,2026-08-05 11:55:00 +0200,EUR,69.00,0.00,5.90,13.80,88.70,,1,Pochette Zippee,69.00,BAG-101
#2193,camille.robert39@example.com,paid,2026-08-05 22:06:00 +0200,EUR,79.00,0.00,5.90,15.80,100.70,,1,Ceinture Reversible,79.00,ACC-200
#2194,gabriel.leroy22@example.com,paid,2026-08-05 09:07:00 +0200,EUR,59.00,0.00,5.90,11.80,76.70,,1,Bracelet Cuir Camel,59.00,BRW-002
#2195,ines.laurent56201@example.com,paid,2026-08-05 10:35:00 +0200,EUR,49.00,0.00,5.90,9.80,64.70,,1,Bracelet Acier Noir,49.00,BRW-001
#2196,emma.robert94059@example.com,paid,2026-08-05 19:32:00 +0200,EUR,170.10,18.90,0.00,34.02,204.12,,1,Sac Bandouliere Cuir,189.00,BAG-100
#2197,lea.lefebvre61835@example.com,paid,2026-08-05 08:45:00 +0200,EUR,158.00,0.00,0.00,31.60,189.60,,2,Ceinture Reversible,79.00,ACC-200
#2198,manon.michel70090@example.com,paid,2026-08-05 09:05:00 +0200,EUR,138.00,0.00,0.00,27.60,165.60,,1,Ceinture Reversible,79.00,ACC-200
#2198,,,,,,,,,,,1,Bracelet Cuir Camel,59.00,BRW-002
#2199,louis.laurent15516@example.com,paid,2026-08-06 18:54:00 +0200,EUR,189.00,0.00,0.00,37.80,226.80,,1,Sac Bandouliere Cuir,189.00,BAG-100
#2200,sarah.moreau5818@example.com,paid,2026-08-06 21:16:00 +0200,EUR,177.00,0.00,0.00,35.40,212.40,,1,Ceinture Reversible,79.00,ACC-200
#2200,,,,,,,,,,,2,Bracelet Acier Noir,49.00,BRW-001
#2201,louis.dubois65414@example.com,paid,2026-08-06 15:38:00 +0200,EUR,149.00,0.00,0.00,29.80,178.80,,1,Montre Quartz 34mm,149.00,WTC-011
#2202,hugo.simon74150@example.com,paid,2026-08-06 19:22:00 +0200,EUR,298.00,0.00,0.00,59.60,357.60,,2,Montre Quartz 34mm,149.00,WTC-011
#2203,manon.martin91@example.com,paid,2026-08-06 20:04:00 +0200,EUR,248.00,0.00,0.00,49.60,297.60,,1,Bracelet Cuir Camel,59.00,BRW-002
#2203,,,,,,,,,,,1,Sac Bandouliere Cuir,189.00,BAG-100
#2204,gabriel.robert77@example.com,paid,2026-08-06 12:47:00 +0200,EUR,128.00,0.00,0.00,25.60,153.60,,1,Ceinture Reversible,79.00,ACC-200
#2204,,,,,,,,,,,1,Bracelet Acier Noir,49.00,BRW-001
#2205,paul.moreau18851@example.com,paid,2026-08-06 09:51:00 +0200,EUR,228.00,0.00,0.00,45.60,273.60,,1,Ceinture Reversible,79.00,ACC-200
#2205,,,,,,,,,,,1,Montre Quartz 34mm,149.00,WTC-011
#2206,camille.dubois75521@example.com,paid,2026-08-06 15:45:00 +0200,EUR,59.00,0.00,5.90,11.80,76.70,,1,Bracelet Cuir Camel,59.00,BRW-002
#2207,chloe.moreau24120@example.com,paid,2026-08-06 14:54:00 +0200,EUR,49.00,0.00,5.90,9.80,64.70,,1,Bracelet Acier Noir,49.00,BRW-001
#2208,lea.michel85779@example.com,paid,2026-08-06 09:54:00 +0200,EUR,238.00,0.00,0.00,47.60,285.60,,1,Sac Bandouliere Cuir,189.00,BAG-100
#2208,,,,,,,,,,,1,Bracelet Acier Noir,49.00,BRW-001
#2209,jade.thomas70@example.com,paid,2026-08-06 12:51:00 +0200,EUR,97.20,10.80,0.00,19.44,116.64,,1,Bracelet Cuir Camel,59.00,BRW-002
#2209,,,,,,,,,,,1,Bracelet Acier Noir,49.00,BRW-001
#2210,arthur.durand37@example.com,paid,2026-08-06 22:34:00 +0200,EUR,35.10,3.90,5.90,7.02,48.02,,1,Porte-cartes,39.00,ACC-201
#2211,hugo.moreau85@example.com,paid,2026-08-06 17:25:00 +0200,EUR,348.00,0.00,0.00,69.60,417.60,,1,Montre Automatique 38mm,289.00,WTC-010
#2211,,,,,,,,,,,1,Bracelet Cuir Camel,59.00,BRW-002
#2212,sarah.martin51931@example.com,paid,2026-08-06 16:33:00 +0200,EUR,289.00,0.00,0.00,57.80,346.80,,1,Montre Automatique 38mm,289.00,WTC-010
#2213,paul.thomas82@example.com,refunded,2026-08-06 09:01:00 +0200,EUR,340.20,37.80,0.00,68.04,408.24,285.6,2,Sac Bandouliere Cuir,189.00,BAG-100
#2214,gabriel.petit59900@example.com,paid,2026-08-06 17:24:00 +0200,EUR,71.10,7.90,5.90,14.22,91.22,,1,Ceinture Reversible,79.00,ACC-200
#2215,ines.bernard12399@example.com,refunded,2026-08-06 22:27:00 +0200,EUR,149.00,0.00,0.00,29.80,178.80,126.11,1,Montre Quartz 34mm,149.00,WTC-011
#2216,lucas.dubois76@example.com,paid,2026-08-06 08:57:00 +0200,EUR,328.00,0.00,0.00,65.60,393.60,,1,Montre Automatique 38mm,289.00,WTC-010
#2216,,,,,,,,,,,1,Porte-cartes,39.00,ACC-201
#2217,hugo.lefebvre55@example.com,paid,2026-08-06 22:42:00 +0200,EUR,322.20,35.80,0.00,64.44,386.64,,1,Montre Automatique 38mm,289.00,WTC-010
#2217,,,,,,,,,,,1,Pochette Zippee,69.00,BAG-101
#2218,theo.martin20029@example.com,paid,2026-08-06 10:05:00 +0200,EUR,170.10,18.90,0.00,34.02,204.12,,1,Sac Bandouliere Cuir,189.00,BAG-100
#2219,camille.simon37201@example.com,paid,2026-08-06 10:12:00 +0200,EUR,228.00,0.00,0.00,45.60,273.60,,1,Porte-cartes,39.00,ACC-201
#2219,,,,,,,,,,,1,Sac Bandouliere Cuir,189.00,BAG-100
#2220,ines.moreau14636@example.com,paid,2026-08-06 22:43:00 +0200,EUR,214.20,23.80,0.00,42.84,257.04,,1,Sac Bandouliere Cuir,189.00,BAG-100
#2220,,,,,,,,,,,1,Bracelet Acier Noir,49.00,BRW-001
#2221,paul.moreau59358@example.com,paid,2026-08-06 18:02:00 +0200,EUR,69.00,0.00,5.90,13.80,88.70,,1,Pochette Zippee,69.00,BAG-101
#2222,gabriel.martin29@example.com,paid,2026-08-06 12:45:00 +0200,EUR,478.00,0.00,0.00,95.60,573.60,,1,Montre Automatique 38mm,289.00,WTC-010
#2222,,,,,,,,,,,1,Sac Bandouliere Cuir,189.00,BAG-100
#2223,arthur.lefebvre72@example.com,paid,2026-08-06 21:14:00 +0200,EUR,88.00,0.00,0.00,17.60,105.60,,1,Porte-cartes,39.00,ACC-201
#2223,,,,,,,,,,,1,Bracelet Acier Noir,49.00,BRW-001
#2224,sarah.bernard90@example.com,paid,2026-08-06 11:47:00 +0200,EUR,128.00,0.00,0.00,25.60,153.60,,1,Pochette Zippee,69.00,BAG-101
#2224,,,,,,,,,,,1,Bracelet Cuir Camel,59.00,BRW-002
#2225,gabriel.durand29217@example.com,paid,2026-08-06 21:40:00 +0200,EUR,69.00,0.00,5.90,13.80,88.70,,1,Pochette Zippee,69.00,BAG-101
#2226,manon.moreau5539@example.com,paid,2026-08-06 18:13:00 +0200,EUR,189.00,0.00,0.00,37.80,226.80,,1,Sac Bandouliere Cuir,189.00,BAG-100
#2227,louis.dubois4060@example.com,paid,2026-08-06 14:28:00 +0200,EUR,289.00,0.00,0.00,57.80,346.80,,1,Montre Automatique 38mm,289.00,WTC-010
#2228,sarah.garcia41708@example.com,paid,2026-08-06 15:28:00 +0200,EUR,39.00,0.00,5.90,7.80,52.70,,1,Porte-cartes,39.00,ACC-201
#2229,theo.simon33317@example.com,paid,2026-08-06 08:03:00 +0200,EUR,289.00,0.00,0.00,57.80,346.80,,1,Montre Automatique 38mm,289.00,WTC-010
#2230,hugo.martin47049@example.com,paid,2026-08-06 08:18:00 +0200,EUR,79.00,0.00,5.90,15.80,100.70,,1,Ceinture Reversible,79.00,ACC-200
#2231,chloe.durand59573@example.com,paid,2026-08-06 08:36:00 +0200,EUR,138.00,0.00,0.00,27.60,165.60,,2,Pochette Zippee,69.00,BAG-101
#2232,louis.robert78341@example.com,paid,2026-08-07 14:53:00 +0200,EUR,49.00,0.00,5.90,9.80,64.70,,1,Bracelet Acier Noir,49.00,BRW-001
#2233,ines.moreau96@example.com,paid,2026-08-07 20:50:00 +0200,EUR,79.00,0.00,5.90,15.80,100.70,,1,Ceinture Reversible,79.00,ACC-200
#2234,camille.robert48550@example.com,paid,2026-08-07 17:57:00 +0200,EUR,59.00,0.00,5.90,11.80,76.70,,1,Bracelet Cuir Camel,59.00,BRW-002
#2235,paul.leroy70566@example.com,paid,2026-08-07 10:47:00 +0200,EUR,49.00,0.00,5.90,9.80,64.70,,1,Bracelet Acier Noir,49.00,BRW-001
#2236,gabriel.lefebvre42@example.com,paid,2026-08-07 09:32:00 +0200,EUR,128.00,0.00,0.00,25.60,153.60,,1,Bracelet Acier Noir,49.00,BRW-001
#2236,,,,,,,,,,,1,Ceinture Reversible,79.00,ACC-200
#2237,ines.moreau46@example.com,paid,2026-08-07 11:13:00 +0200,EUR,39.00,0.00,5.90,7.80,52.70,,1,Porte-cartes,39.00,ACC-201
#2238,chloe.bernard98440@example.com,paid,2026-08-07 10:40:00 +0200,EUR,59.00,0.00,5.90,11.80,76.70,,1,Bracelet Cuir Camel,59.00,BRW-002
#2239,hugo.lefebvre7999@example.com,paid,2026-08-07 13:13:00 +0200,EUR,149.00,0.00,0.00,29.80,178.80,,1,Montre Quartz 34mm,149.00,WTC-011
#2240,lea.dubois16@example.com,paid,2026-08-07 10:46:00 +0200,EUR,49.00,0.00,5.90,9.80,64.70,,1,Bracelet Acier Noir,49.00,BRW-001
#2241,arthur.simon85544@example.com,paid,2026-08-07 22:23:00 +0200,EUR,217.00,0.00,0.00,43.40,260.40,,1,Ceinture Reversible,79.00,ACC-200
#2241,,,,,,,,,,,2,Pochette Zippee,69.00,BAG-101
#2242,manon.laurent7@example.com,paid,2026-08-07 16:58:00 +0200,EUR,108.00,0.00,0.00,21.60,129.60,,1,Bracelet Cuir Camel,59.00,BRW-002
#2242,,,,,,,,,,,1,Bracelet Acier Noir,49.00,BRW-001
#2243,arthur.simon69290@example.com,paid,2026-08-07 20:15:00 +0200,EUR,149.00,0.00,0.00,29.80,178.80,,1,Montre Quartz 34mm,149.00,WTC-011
#2244,paul.dubois35861@example.com,paid,2026-08-07 21:45:00 +0200,EUR,79.00,0.00,5.90,15.80,100.70,,1,Ceinture Reversible,79.00,ACC-200
#2245,chloe.bernard74237@example.com,paid,2026-08-07 19:40:00 +0200,EUR,59.00,0.00,5.90,11.80,76.70,,1,Bracelet Cuir Camel,59.00,BRW-002
#2246,manon.leroy94701@example.com,paid,2026-08-07 08:50:00 +0200,EUR,149.00,0.00,0.00,29.80,178.80,,1,Montre Quartz 34mm,149.00,WTC-011
#2247,theo.dubois85201@example.com,paid,2026-08-07 20:02:00 +0200,EUR,189.00,0.00,0.00,37.80,226.80,,1,Sac Bandouliere Cuir,189.00,BAG-100
#2248,ines.durand98778@example.com,paid,2026-08-07 08:56:00 +0200,EUR,79.00,0.00,5.90,15.80,100.70,,1,Ceinture Reversible,79.00,ACC-200
#2249,jade.bernard85883@example.com,paid,2026-08-07 13:29:00 +0200,EUR,39.00,0.00,5.90,7.80,52.70,,1,Porte-cartes,39.00,ACC-201
#2250,nathan.moreau54628@example.com,paid,2026-08-07 10:40:00 +0200,EUR,53.10,5.90,5.90,10.62,69.62,,1,Bracelet Cuir Camel,59.00,BRW-002
#2251,chloe.durand17789@example.com,paid,2026-08-07 22:09:00 +0200,EUR,134.10,14.90,0.00,26.82,160.92,,1,Montre Quartz 34mm,149.00,WTC-011
#2252,jade.michel31456@example.com,paid,2026-08-08 14:15:00 +0200,EUR,330.30,36.70,0.00,66.06,396.36,,1,Montre Automatique 38mm,289.00,WTC-010
#2252,,,,,,,,,,,2,Porte-cartes,39.00,ACC-201
#2253,camille.lefebvre97912@example.com,paid,2026-08-08 13:38:00 +0200,EUR,69.00,0.00,5.90,13.80,88.70,,1,Pochette Zippee,69.00,BAG-101
#2254,theo.petit63453@example.com,paid,2026-08-08 19:53:00 +0200,EUR,289.00,0.00,0.00,57.80,346.80,,1,Montre Automatique 38mm,289.00,WTC-010
#2255,chloe.laurent30429@example.com,paid,2026-08-08 11:16:00 +0200,EUR,367.00,0.00,0.00,73.40,440.40,,2,Porte-cartes,39.00,ACC-201
#2255,,,,,,,,,,,1,Montre Automatique 38mm,289.00,WTC-010
#2256,sarah.simon33@example.com,paid,2026-08-08 21:01:00 +0200,EUR,149.00,0.00,0.00,29.80,178.80,,1,Montre Quartz 34mm,149.00,WTC-011
#2257,arthur.lefebvre94355@example.com,paid,2026-08-08 15:05:00 +0200,EUR,338.00,0.00,0.00,67.60,405.60,,1,Montre Automatique 38mm,289.00,WTC-010
#2257,,,,,,,,,,,1,Bracelet Acier Noir,49.00,BRW-001
#2258,ines.thomas90732@example.com,paid,2026-08-08 16:28:00 +0200,EUR,189.00,0.00,0.00,37.80,226.80,,1,Sac Bandouliere Cuir,189.00,BAG-100
#2259,gabriel.leroy14670@example.com,paid,2026-08-08 13:12:00 +0200,EUR,368.00,0.00,0.00,73.60,441.60,,1,Montre Automatique 38mm,289.00,WTC-010
#2259,,,,,,,,,,,1,Ceinture Reversible,79.00,ACC-200
#2260,manon.laurent96751@example.com,paid,2026-08-08 09:41:00 +0200,EUR,59.00,0.00,5.90,11.80,76.70,,1,Bracelet Cuir Camel,59.00,BRW-002
#2261,jade.martin12933@example.com,refunded,2026-08-08 11:20:00 +0200,EUR,149.00,0.00,0.00,29.80,178.80,114.21,1,Montre Quartz 34mm,149.00,WTC-011
#2262,paul.simon20413@example.com,paid,2026-08-08 13:43:00 +0200,EUR,331.20,36.80,0.00,66.24,397.44,,1,Montre Automatique 38mm,289.00,WTC-010
#2262,,,,,,,,,,,1,Ceinture Reversible,79.00,ACC-200
#2263,emma.lefebvre71@example.com,paid,2026-08-08 12:17:00 +0200,EUR,168.30,18.70,0.00,33.66,201.96,,2,Pochette Zippee,69.00,BAG-101
#2263,,,,,,,,,,,1,Bracelet Acier Noir,49.00,BRW-001
#2264,jade.lefebvre19031@example.com,paid,2026-08-08 13:16:00 +0200,EUR,115.20,12.80,0.00,23.04,138.24,,1,Bracelet Acier Noir,49.00,BRW-001
#2264,,,,,,,,,,,1,Ceinture Reversible,79.00,ACC-200
#2265,theo.simon49816@example.com,paid,2026-08-08 10:53:00 +0200,EUR,149.00,0.00,0.00,29.80,178.80,,1,Montre Quartz 34mm,149.00,WTC-011
#2266,sarah.garcia41708@example.com,paid,2026-08-08 14:39:00 +0200,EUR,59.00,0.00,5.90,11.80,76.70,,1,Bracelet Cuir Camel,59.00,BRW-002
#2267,louis.leroy94632@example.com,paid,2026-08-08 15:30:00 +0200,EUR,189.00,0.00,0.00,37.80,226.80,,1,Sac Bandouliere Cuir,189.00,BAG-100
#2268,manon.petit12927@example.com,paid,2026-08-08 22:09:00 +0200,EUR,39.00,0.00,5.90,7.80,52.70,,1,Porte-cartes,39.00,ACC-201
#2269,gabriel.petit18594@example.com,paid,2026-08-08 21:26:00 +0200,EUR,39.00,0.00,5.90,7.80,52.70,,1,Porte-cartes,39.00,ACC-201
#2270,lea.petit50@example.com,paid,2026-08-08 20:48:00 +0200,EUR,124.20,13.80,0.00,24.84,149.04,,1,Ceinture Reversible,79.00,ACC-200
#2270,,,,,,,,,,,1,Bracelet Cuir Camel,59.00,BRW-002
#2271,jade.thomas57876@example.com,paid,2026-08-08 09:26:00 +0200,EUR,228.00,0.00,0.00,45.60,273.60,,1,Montre Quartz 34mm,149.00,WTC-011
#2271,,,,,,,,,,,1,Ceinture Reversible,79.00,ACC-200
#2272,manon.lefebvre18@example.com,paid,2026-08-08 09:15:00 +0200,EUR,289.00,0.00,0.00,57.80,346.80,,1,Montre Automatique 38mm,289.00,WTC-010
#2273,chloe.simon45280@example.com,paid,2026-08-08 18:25:00 +0200,EUR,49.00,0.00,5.90,9.80,64.70,,1,Bracelet Acier Noir,49.00,BRW-001
#2274,theo.leroy1@example.com,paid,2026-08-08 22:46:00 +0200,EUR,170.10,18.90,0.00,34.02,204.12,,1,Sac Bandouliere Cuir,189.00,BAG-100
#2275,chloe.thomas31373@example.com,paid,2026-08-08 20:09:00 +0200,EUR,260.10,28.90,0.00,52.02,312.12,,1,Montre Automatique 38mm,289.00,WTC-010
#2276,jade.thomas92477@example.com,paid,2026-08-08 21:42:00 +0200,EUR,39.00,0.00,5.90,7.80,52.70,,1,Porte-cartes,39.00,ACC-201
#2277,emma.bernard68896@example.com,paid,2026-08-09 08:08:00 +0200,EUR,248.00,0.00,0.00,49.60,297.60,,1,Bracelet Cuir Camel,59.00,BRW-002
#2277,,,,,,,,,,,1,Sac Bandouliere Cuir,189.00,BAG-100
#2278,theo.lefebvre91@example.com,paid,2026-08-09 22:26:00 +0200,EUR,69.00,0.00,5.90,13.80,88.70,,1,Pochette Zippee,69.00,BAG-101
#2279,chloe.lefebvre28179@example.com,paid,2026-08-09 10:15:00 +0200,EUR,39.00,0.00,5.90,7.80,52.70,,1,Porte-cartes,39.00,ACC-201
#2280,emma.martin37567@example.com,paid,2026-08-09 17:54:00 +0200,EUR,108.00,0.00,0.00,21.60,129.60,,1,Bracelet Acier Noir,49.00,BRW-001
#2280,,,,,,,,,,,1,Bracelet Cuir Camel,59.00,BRW-002
#2281,gabriel.durand29217@example.com,paid,2026-08-09 20:16:00 +0200,EUR,228.00,0.00,0.00,45.60,273.60,,1,Ceinture Reversible,79.00,ACC-200
#2281,,,,,,,,,,,1,Montre Quartz 34mm,149.00,WTC-011
#2282,nathan.leroy78223@example.com,paid,2026-08-09 09:52:00 +0200,EUR,347.00,0.00,0.00,69.40,416.40,,2,Ceinture Reversible,79.00,ACC-200
#2282,,,,,,,,,,,1,Sac Bandouliere Cuir,189.00,BAG-100
#2283,lea.garcia3@example.com,paid,2026-08-09 22:08:00 +0200,EUR,267.00,0.00,0.00,53.40,320.40,,2,Porte-cartes,39.00,ACC-201
#2283,,,,,,,,,,,1,Sac Bandouliere Cuir,189.00,BAG-100
#2284,manon.thomas39461@example.com,paid,2026-08-09 20:02:00 +0200,EUR,39.00,0.00,5.90,7.80,52.70,,1,Porte-cartes,39.00,ACC-201
#2285,lucas.thomas69@example.com,paid,2026-08-09 17:36:00 +0200,EUR,49.00,0.00,5.90,9.80,64.70,,1,Bracelet Acier Noir,49.00,BRW-001
#2286,arthur.laurent57@example.com,paid,2026-08-09 19:16:00 +0200,EUR,79.20,8.80,0.00,15.84,95.04,,1,Porte-cartes,39.00,ACC-201
#2286,,,,,,,,,,,1,Bracelet Acier Noir,49.00,BRW-001
#2287,arthur.durand92@example.com,paid,2026-08-09 08:35:00 +0200,EUR,69.00,0.00,5.90,13.80,88.70,,1,Pochette Zippee,69.00,BAG-101
#2288,emma.dubois65448@example.com,paid,2026-08-09 16:38:00 +0200,EUR,289.00,0.00,0.00,57.80,346.80,,1,Montre Automatique 38mm,289.00,WTC-010
#2289,sarah.garcia94721@example.com,paid,2026-08-09 12:42:00 +0200,EUR,53.10,5.90,5.90,10.62,69.62,,1,Bracelet Cuir Camel,59.00,BRW-002
#2290,jade.lefebvre2847@example.com,paid,2026-08-09 12:01:00 +0200,EUR,149.00,0.00,0.00,29.80,178.80,,1,Montre Quartz 34mm,149.00,WTC-011
#2291,camille.durand14838@example.com,paid,2026-08-09 15:08:00 +0200,EUR,189.00,0.00,0.00,37.80,226.80,,1,Sac Bandouliere Cuir,189.00,BAG-100
#2292,jade.michel31456@example.com,paid,2026-08-09 10:46:00 +0200,EUR,49.00,0.00,5.90,9.80,64.70,,1,Bracelet Acier Noir,49.00,BRW-001
#2293,lea.bernard18727@example.com,paid,2026-08-09 08:46:00 +0200,EUR,106.20,11.80,0.00,21.24,127.44,,2,Bracelet Cuir Camel,59.00,BRW-002
#2294,manon.durand66@example.com,paid,2026-08-09 18:36:00 +0200,EUR,53.10,5.90,5.90,10.62,69.62,,1,Bracelet Cuir Camel,59.00,BRW-002
#2295,louis.simon62@example.com,paid,2026-08-09 19:14:00 +0200,EUR,49.00,0.00,5.90,9.80,64.70,,1,Bracelet Acier Noir,49.00,BRW-001
#2296,sarah.martin64829@example.com,paid,2026-08-09 19:44:00 +0200,EUR,218.00,0.00,0.00,43.60,261.60,,1,Montre Quartz 34mm,149.00,WTC-011
#2296,,,,,,,,,,,1,Pochette Zippee,69.00,BAG-101
#2297,camille.lefebvre54974@example.com,paid,2026-08-09 19:58:00 +0200,EUR,59.00,0.00,5.90,11.80,76.70,,1,Bracelet Cuir Camel,59.00,BRW-002
#2298,gabriel.durand67865@example.com,paid,2026-08-09 16:32:00 +0200,EUR,59.00,0.00,5.90,11.80,76.70,,1,Bracelet Cuir Camel,59.00,BRW-002
#2299,louis.lefebvre11@example.com,paid,2026-08-10 14:24:00 +0200,EUR,189.00,0.00,0.00,37.80,226.80,,1,Sac Bandouliere Cuir,189.00,BAG-100
#2300,gabriel.moreau84136@example.com,paid,2026-08-10 22:52:00 +0200,EUR,328.00,0.00,0.00,65.60,393.60,,1,Montre Automatique 38mm,289.00,WTC-010
#2300,,,,,,,,,,,1,Porte-cartes,39.00,ACC-201
#2301,chloe.laurent32329@example.com,paid,2026-08-10 20:24:00 +0200,EUR,59.00,0.00,5.90,11.80,76.70,,1,Bracelet Cuir Camel,59.00,BRW-002
#2302,manon.dubois96226@example.com,paid,2026-08-10 18:24:00 +0200,EUR,69.00,0.00,5.90,13.80,88.70,,1,Pochette Zippee,69.00,BAG-101
#2303,ines.leroy91290@example.com,paid,2026-08-10 19:22:00 +0200,EUR,79.00,0.00,5.90,15.80,100.70,,1,Ceinture Reversible,79.00,ACC-200
#2304,chloe.laurent50577@example.com,paid,2026-08-10 12:37:00 +0200,EUR,69.00,0.00,5.90,13.80,88.70,,1,Pochette Zippee,69.00,BAG-101
#2305,arthur.robert93@example.com,paid,2026-08-10 12:02:00 +0200,EUR,205.20,22.80,0.00,41.04,246.24,,1,Sac Bandouliere Cuir,189.00,BAG-100
#2305,,,,,,,,,,,1,Porte-cartes,39.00,ACC-201
#2306,nathan.dubois43133@example.com,paid,2026-08-10 13:17:00 +0200,EUR,118.00,0.00,0.00,23.60,141.60,,1,Ceinture Reversible,79.00,ACC-200
#2306,,,,,,,,,,,1,Porte-cartes,39.00,ACC-201
#2307,manon.petit78@example.com,paid,2026-08-10 16:53:00 +0200,EUR,39.00,0.00,5.90,7.80,52.70,,1,Porte-cartes,39.00,ACC-201
#2308,jade.garcia67555@example.com,paid,2026-08-10 21:59:00 +0200,EUR,79.00,0.00,5.90,15.80,100.70,,1,Ceinture Reversible,79.00,ACC-200
#2309,manon.moreau78598@example.com,paid,2026-08-10 12:24:00 +0200,EUR,188.00,0.00,0.00,37.60,225.60,,1,Porte-cartes,39.00,ACC-201
#2309,,,,,,,,,,,1,Montre Quartz 34mm,149.00,WTC-011
#2310,paul.laurent99769@example.com,paid,2026-08-10 20:44:00 +0200,EUR,69.00,0.00,5.90,13.80,88.70,,1,Pochette Zippee,69.00,BAG-101
#2311,theo.robert85828@example.com,paid,2026-08-10 15:08:00 +0200,EUR,248.00,0.00,0.00,49.60,297.60,,1,Sac Bandouliere Cuir,189.00,BAG-100
#2311,,,,,,,,,,,1,Bracelet Cuir Camel,59.00,BRW-002
#2312,theo.simon82842@example.com,paid,2026-08-10 19:57:00 +0200,EUR,118.00,0.00,0.00,23.60,141.60,,1,Pochette Zippee,69.00,BAG-101
#2312,,,,,,,,,,,1,Bracelet Acier Noir,49.00,BRW-001
#2313,chloe.robert17960@example.com,paid,2026-08-10 11:41:00 +0200,EUR,118.00,0.00,0.00,23.60,141.60,,2,Bracelet Cuir Camel,59.00,BRW-002
#2314,chloe.garcia14321@example.com,paid,2026-08-10 08:09:00 +0200,EUR,69.00,0.00,5.90,13.80,88.70,,1,Pochette Zippee,69.00,BAG-101
#2315,jade.dubois93254@example.com,paid,2026-08-10 20:20:00 +0200,EUR,767.00,0.00,0.00,153.40,920.40,,1,Sac Bandouliere Cuir,189.00,BAG-100
#2315,,,,,,,,,,,2,Montre Automatique 38mm,289.00,WTC-010
#2316,lucas.bernard21571@example.com,paid,2026-08-10 22:31:00 +0200,EUR,348.00,0.00,0.00,69.60,417.60,,1,Montre Automatique 38mm,289.00,WTC-010
#2316,,,,,,,,,,,1,Bracelet Cuir Camel,59.00,BRW-002
#2317,sarah.simon26203@example.com,paid,2026-08-10 16:48:00 +0200,EUR,118.00,0.00,0.00,23.60,141.60,,1,Ceinture Reversible,79.00,ACC-200
#2317,,,,,,,,,,,1,Porte-cartes,39.00,ACC-201
#2318,ines.dubois42412@example.com,paid,2026-08-10 22:57:00 +0200,EUR,39.00,0.00,5.90,7.80,52.70,,1,Porte-cartes,39.00,ACC-201
#2319,manon.laurent96751@example.com,paid,2026-08-10 08:29:00 +0200,EUR,39.00,0.00,5.90,7.80,52.70,,1,Porte-cartes,39.00,ACC-201
#2320,jade.thomas57876@example.com,paid,2026-08-10 18:32:00 +0200,EUR,44.10,4.90,5.90,8.82,58.82,,1,Bracelet Acier Noir,49.00,BRW-001
#2321,lea.thomas78478@example.com,paid,2026-08-10 12:31:00 +0200,EUR,62.10,6.90,5.90,12.42,80.42,,1,Pochette Zippee,69.00,BAG-101
#2322,theo.bernard88@example.com,paid,2026-08-10 16:22:00 +0200,EUR,177.00,0.00,0.00,35.40,212.40,,2,Pochette Zippee,69.00,BAG-101
#2322,,,,,,,,,,,1,Porte-cartes,39.00,ACC-201
#2323,nathan.dubois60@example.com,paid,2026-08-10 14:03:00 +0200,EUR,331.20,36.80,0.00,66.24,397.44,,1,Montre Automatique 38mm,289.00,WTC-010
#2323,,,,,,,,,,,1,Ceinture Reversible,79.00,ACC-200
#2324,paul.laurent62@example.com,paid,2026-08-10 14:09:00 +0200,EUR,79.00,0.00,5.90,15.80,100.70,,1,Ceinture Reversible,79.00,ACC-200
#2325,lea.laurent93386@example.com,paid,2026-08-10 09:53:00 +0200,EUR,39.00,0.00,5.90,7.80,52.70,,1,Porte-cartes,39.00,ACC-201
#2326,hugo.thomas58346@example.com,paid,2026-08-10 09:34:00 +0200,EUR,289.00,0.00,0.00,57.80,346.80,,1,Montre Automatique 38mm,289.00,WTC-010
#2327,ines.thomas15601@example.com,paid,2026-08-10 10:14:00 +0200,EUR,189.00,0.00,0.00,37.80,226.80,,1,Sac Bandouliere Cuir,189.00,BAG-100
#2328,gabriel.thomas35270@example.com,paid,2026-08-10 14:34:00 +0200,EUR,170.10,18.90,0.00,34.02,204.12,,1,Sac Bandouliere Cuir,189.00,BAG-100
#2329,arthur.petit96538@example.com,paid,2026-08-10 22:58:00 +0200,EUR,71.10,7.90,5.90,14.22,91.22,,1,Ceinture Reversible,79.00,ACC-200
#2330,emma.simon47254@example.com,paid,2026-08-10 18:42:00 +0200,EUR,106.20,11.80,0.00,21.24,127.44,,1,Pochette Zippee,69.00,BAG-101
#2330,,,,,,,,,,,1,Bracelet Acier Noir,49.00,BRW-001
#2331,arthur.simon65634@example.com,paid,2026-08-10 11:54:00 +0200,EUR,208.00,0.00,0.00,41.60,249.60,,1,Bracelet Cuir Camel,59.00,BRW-002
#2331,,,,,,,,,,,1,Montre Quartz 34mm,149.00,WTC-011
#2332,emma.moreau79279@example.com,paid,2026-08-10 19:42:00 +0200,EUR,149.00,0.00,0.00,29.80,178.80,,1,Montre Quartz 34mm,149.00,WTC-011
#2333,camille.durand32804@example.com,paid,2026-08-10 10:42:00 +0200,EUR,196.20,21.80,0.00,39.24,235.44,,1,Montre Quartz 34mm,149.00,WTC-011
#2333,,,,,,,,,,,1,Pochette Zippee,69.00,BAG-101
#2334,jade.michel31456@example.com,paid,2026-08-10 16:53:00 +0200,EUR,49.00,0.00,5.90,9.80,64.70,,1,Bracelet Acier Noir,49.00,BRW-001
#2335,jade.petit21254@example.com,paid,2026-08-11 19:24:00 +0200,EUR,189.00,0.00,0.00,37.80,226.80,,1,Sac Bandouliere Cuir,189.00,BAG-100
#2336,paul.dubois11@example.com,paid,2026-08-11 15:26:00 +0200,EUR,289.00,0.00,0.00,57.80,346.80,,1,Montre Automatique 38mm,289.00,WTC-010
#2337,lucas.durand16288@example.com,paid,2026-08-11 13:18:00 +0200,EUR,69.00,0.00,5.90,13.80,88.70,,1,Pochette Zippee,69.00,BAG-101
#2338,louis.moreau67977@example.com,paid,2026-08-11 19:07:00 +0200,EUR,49.00,0.00,5.90,9.80,64.70,,1,Bracelet Acier Noir,49.00,BRW-001
#2339,louis.robert56@example.com,paid,2026-08-11 19:03:00 +0200,EUR,108.00,0.00,0.00,21.60,129.60,,1,Porte-cartes,39.00,ACC-201
#2339,,,,,,,,,,,1,Pochette Zippee,69.00,BAG-101
#2340,camille.petit61696@example.com,paid,2026-08-11 12:35:00 +0200,EUR,79.00,0.00,5.90,15.80,100.70,,1,Ceinture Reversible,79.00,ACC-200
#2341,manon.simon39@example.com,paid,2026-08-11 15:41:00 +0200,EUR,222.30,24.70,0.00,44.46,266.76,,2,Bracelet Acier Noir,49.00,BRW-001
#2341,,,,,,,,,,,1,Montre Quartz 34mm,149.00,WTC-011
#2342,sarah.simon52790@example.com,paid,2026-08-11 10:16:00 +0200,EUR,39.00,0.00,5.90,7.80,52.70,,1,Porte-cartes,39.00,ACC-201
#2343,ines.laurent73346@example.com,paid,2026-08-11 19:28:00 +0200,EUR,108.00,0.00,0.00,21.60,129.60,,1,Bracelet Cuir Camel,59.00,BRW-002
#2343,,,,,,,,,,,1,Bracelet Acier Noir,49.00,BRW-001
#2344,chloe.michel91@example.com,paid,2026-08-11 19:45:00 +0200,EUR,149.00,0.00,0.00,29.80,178.80,,1,Montre Quartz 34mm,149.00,WTC-011
#2345,camille.lefebvre54974@example.com,paid,2026-08-11 11:02:00 +0200,EUR,260.10,28.90,0.00,52.02,312.12,,1,Montre Automatique 38mm,289.00,WTC-010
#2346,chloe.simon53767@example.com,paid,2026-08-11 08:55:00 +0200,EUR,59.00,0.00,5.90,11.80,76.70,,1,Bracelet Cuir Camel,59.00,BRW-002
#2347,paul.thomas60126@example.com,paid,2026-08-11 12:29:00 +0200,EUR,378.00,0.00,0.00,75.60,453.60,,2,Sac Bandouliere Cuir,189.00,BAG-100
#2348,paul.martin15884@example.com,paid,2026-08-11 08:24:00 +0200,EUR,134.10,14.90,0.00,26.82,160.92,,1,Montre Quartz 34mm,149.00,WTC-011
#2349,sarah.durand99@example.com,paid,2026-08-11 16:31:00 +0200,EUR,53.10,5.90,5.90,10.62,69.62,,1,Bracelet Cuir Camel,59.00,BRW-002
#2350,lucas.simon41624@example.com,paid,2026-08-11 20:31:00 +0200,EUR,62.10,6.90,5.90,12.42,80.42,,1,Pochette Zippee,69.00,BAG-101
#2351,lea.bernard954@example.com,paid,2026-08-11 09:16:00 +0200,EUR,313.20,34.80,0.00,62.64,375.84,,1,Bracelet Cuir Camel,59.00,BRW-002
#2351,,,,,,,,,,,1,Montre Automatique 38mm,289.00,WTC-010
#2352,sarah.garcia71827@example.com,paid,2026-08-11 10:23:00 +0200,EUR,378.00,0.00,0.00,75.60,453.60,,2,Sac Bandouliere Cuir,189.00,BAG-100
#2353,jade.michel82@example.com,paid,2026-08-11 14:56:00 +0200,EUR,177.00,0.00,0.00,35.40,212.40,,2,Pochette Zippee,69.00,BAG-101
#2353,,,,,,,,,,,1,Porte-cartes,39.00,ACC-201
#2354,manon.leroy6@example.com,paid,2026-08-11 17:35:00 +0200,EUR,39.00,0.00,5.90,7.80,52.70,,1,Porte-cartes,39.00,ACC-201
#2355,nathan.garcia11@example.com,paid,2026-08-11 10:21:00 +0200,EUR,232.20,25.80,0.00,46.44,278.64,,1,Pochette Zippee,69.00,BAG-101
#2355,,,,,,,,,,,1,Sac Bandouliere Cuir,189.00,BAG-100
#2356,nathan.lefebvre78194@example.com,paid,2026-08-11 13:47:00 +0200,EUR,59.00,0.00,5.90,11.80,76.70,,1,Bracelet Cuir Camel,59.00,BRW-002
#2357,camille.laurent48118@example.com,paid,2026-08-11 09:00:00 +0200,EUR,79.20,8.80,0.00,15.84,95.04,,1,Porte-cartes,39.00,ACC-201
#2357,,,,,,,,,,,1,Bracelet Acier Noir,49.00,BRW-001
#2358,ines.martin83490@example.com,paid,2026-08-11 09:20:00 +0200,EUR,170.10,18.90,0.00,34.02,204.12,,1,Sac Bandouliere Cuir,189.00,BAG-100
#2359,lucas.petit16056@example.com,paid,2026-08-11 08:28:00 +0200,EUR,53.10,5.90,5.90,10.62,69.62,,1,Bracelet Cuir Camel,59.00,BRW-002
#2360,emma.dubois65448@example.com,paid,2026-08-11 12:38:00 +0200,EUR,62.10,6.90,5.90,12.42,80.42,,1,Pochette Zippee,69.00,BAG-101
#2361,paul.leroy70566@example.com,paid,2026-08-11 21:03:00 +0200,EUR,49.00,0.00,5.90,9.80,64.70,,1,Bracelet Acier Noir,49.00,BRW-001
#2362,chloe.simon92@example.com,paid,2026-08-11 19:56:00 +0200,EUR,118.00,0.00,0.00,23.60,141.60,,1,Ceinture Reversible,79.00,ACC-200
#2362,,,,,,,,,,,1,Porte-cartes,39.00,ACC-201
#2363,lea.bernard12@example.com,paid,2026-08-11 17:40:00 +0200,EUR,98.00,0.00,0.00,19.60,117.60,,1,Porte-cartes,39.00,ACC-201
#2363,,,,,,,,,,,1,Bracelet Cuir Camel,59.00,BRW-002
#2364,jade.garcia41520@example.com,paid,2026-08-11 19:07:00 +0200,EUR,188.00,0.00,0.00,37.60,225.60,,1,Porte-cartes,39.00,ACC-201
#2364,,,,,,,,,,,1,Montre Quartz 34mm,149.00,WTC-011
#2365,sarah.durand99@example.com,paid,2026-08-11 11:53:00 +0200,EUR,637.00,0.00,0.00,127.40,764.40,,1,Bracelet Cuir Camel,59.00,BRW-002
#2365,,,,,,,,,,,2,Montre Automatique 38mm,289.00,WTC-010
#2366,manon.laurent52675@example.com,paid,2026-08-11 17:22:00 +0200,EUR,69.00,0.00,5.90,13.80,88.70,,1,Pochette Zippee,69.00,BAG-101
#2367,gabriel.dubois39567@example.com,paid,2026-08-11 15:54:00 +0200,EUR,149.00,0.00,0.00,29.80,178.80,,1,Montre Quartz 34mm,149.00,WTC-011
#2368,chloe.bernard71@example.com,paid,2026-08-11 08:02:00 +0200,EUR,59.00,0.00,5.90,11.80,76.70,,1,Bracelet Cuir Camel,59.00,BRW-002
#2369,camille.michel69522@example.com,paid,2026-08-11 17:53:00 +0200,EUR,39.00,0.00,5.90,7.80,52.70,,1,Porte-cartes,39.00,ACC-201
#2370,theo.robert85828@example.com,paid,2026-08-12 14:12:00 +0200,EUR,189.00,0.00,0.00,37.80,226.80,,1,Sac Bandouliere Cuir,189.00,BAG-100
#2371,camille.moreau47394@example.com,paid,2026-08-12 22:25:00 +0200,EUR,49.00,0.00,5.90,9.80,64.70,,1,Bracelet Acier Noir,49.00,BRW-001
#2372,louis.leroy94723@example.com,paid,2026-08-12 15:33:00 +0200,EUR,39.00,0.00,5.90,7.80,52.70,,1,Porte-cartes,39.00,ACC-201
#2373,nathan.lefebvre52026@example.com,paid,2026-08-12 12:47:00 +0200,EUR,134.10,14.90,0.00,26.82,160.92,,1,Montre Quartz 34mm,149.00,WTC-011
#2374,chloe.bernard53440@example.com,paid,2026-08-12 17:15:00 +0200,EUR,39.00,0.00,5.90,7.80,52.70,,1,Porte-cartes,39.00,ACC-201
#2375,hugo.michel91517@example.com,paid,2026-08-12 17:06:00 +0200,EUR,78.00,0.00,5.90,15.60,99.50,,2,Porte-cartes,39.00,ACC-201
#2376,arthur.martin5186@example.com,paid,2026-08-12 12:40:00 +0200,EUR,39.00,0.00,5.90,7.80,52.70,,1,Porte-cartes,39.00,ACC-201
#2377,sarah.bernard90@example.com,paid,2026-08-12 11:47:00 +0200,EUR,189.00,0.00,0.00,37.80,226.80,,1,Sac Bandouliere Cuir,189.00,BAG-100
#2378,theo.laurent2433@example.com,paid,2026-08-12 09:07:00 +0200,EUR,124.20,13.80,0.00,24.84,149.04,,2,Pochette Zippee,69.00,BAG-101
#2379,chloe.lefebvre91@example.com,paid,2026-08-12 19:37:00 +0200,EUR,59.00,0.00,5.90,11.80,76.70,,1,Bracelet Cuir Camel,59.00,BRW-002
#2380,nathan.bernard91133@example.com,paid,2026-08-12 16:20:00 +0200,EUR,338.00,0.00,0.00,67.60,405.60,,1,Sac Bandouliere Cuir,189.00,BAG-100
#2380,,,,,,,,,,,1,Montre Quartz 34mm,149.00,WTC-011
#2381,louis.michel38155@example.com,paid,2026-08-12 10:06:00 +0200,EUR,71.10,7.90,5.90,14.22,91.22,,1,Ceinture Reversible,79.00,ACC-200
#2382,jade.petit90330@example.com,paid,2026-08-12 10:33:00 +0200,EUR,69.00,0.00,5.90,13.80,88.70,,1,Pochette Zippee,69.00,BAG-101
#2383,manon.dubois19755@example.com,paid,2026-08-12 10:44:00 +0200,EUR,138.00,0.00,0.00,27.60,165.60,,2,Pochette Zippee,69.00,BAG-101
#2384,gabriel.leroy86715@example.com,paid,2026-08-12 22:12:00 +0200,EUR,71.10,7.90,5.90,14.22,91.22,,1,Ceinture Reversible,79.00,ACC-200
#2385,gabriel.moreau37732@example.com,paid,2026-08-12 13:44:00 +0200,EUR,69.00,0.00,5.90,13.80,88.70,,1,Pochette Zippee,69.00,BAG-101
#2386,ines.petit47111@example.com,paid,2026-08-12 09:16:00 +0200,EUR,39.00,0.00,5.90,7.80,52.70,,1,Porte-cartes,39.00,ACC-201
#2387,lea.simon4@example.com,refunded,2026-08-12 22:36:00 +0200,EUR,39.00,0.00,5.90,7.80,52.70,28.9,1,Porte-cartes,39.00,ACC-201
#2388,camille.garcia41714@example.com,paid,2026-08-12 12:49:00 +0200,EUR,228.00,0.00,0.00,45.60,273.60,,1,Porte-cartes,39.00,ACC-201
#2388,,,,,,,,,,,1,Sac Bandouliere Cuir,189.00,BAG-100
#2389,lucas.durand8776@example.com,paid,2026-08-12 17:19:00 +0200,EUR,478.00,0.00,0.00,95.60,573.60,,1,Montre Automatique 38mm,289.00,WTC-010
#2389,,,,,,,,,,,1,Sac Bandouliere Cuir,189.00,BAG-100
#2390,manon.simon31449@example.com,paid,2026-08-12 11:32:00 +0200,EUR,339.30,37.70,0.00,67.86,407.16,,1,Ceinture Reversible,79.00,ACC-200
#2390,,,,,,,,,,,2,Montre Quartz 34mm,149.00,WTC-011
#2391,gabriel.martin21164@example.com,paid,2026-08-12 09:56:00 +0200,EUR,39.00,0.00,5.90,7.80,52.70,,1,Porte-cartes,39.00,ACC-201
#2392,gabriel.dubois56631@example.com,paid,2026-08-12 19:51:00 +0200,EUR,298.00,0.00,0.00,59.60,357.60,,2,Montre Quartz 34mm,149.00,WTC-011
#2393,paul.leroy72283@example.com,paid,2026-08-12 13:07:00 +0200,EUR,133.20,14.80,0.00,26.64,159.84,,1,Pochette Zippee,69.00,BAG-101
#2393,,,,,,,,,,,1,Ceinture Reversible,79.00,ACC-200
#2394,sarah.simon72@example.com,paid,2026-08-12 17:01:00 +0200,EUR,79.00,0.00,5.90,15.80,100.70,,1,Ceinture Reversible,79.00,ACC-200
#2395,manon.garcia28162@example.com,paid,2026-08-13 15:35:00 +0200,EUR,118.00,0.00,0.00,23.60,141.60,,2,Bracelet Cuir Camel,59.00,BRW-002
#2396,jade.garcia91009@example.com,refunded,2026-08-13 08:52:00 +0200,EUR,260.10,28.90,0.00,52.02,312.12,221.98,1,Montre Automatique 38mm,289.00,WTC-010
#2397,chloe.garcia14963@example.com,paid,2026-08-13 13:58:00 +0200,EUR,69.00,0.00,5.90,13.80,88.70,,1,Pochette Zippee,69.00,BAG-101
#2398,gabriel.moreau700@example.com,paid,2026-08-13 08:44:00 +0200,EUR,69.00,0.00,5.90,13.80,88.70,,1,Pochette Zippee,69.00,BAG-101
#2399,chloe.moreau87255@example.com,paid,2026-08-13 13:12:00 +0200,EUR,79.00,0.00,5.90,15.80,100.70,,1,Ceinture Reversible,79.00,ACC-200
#2400,hugo.martin28@example.com,paid,2026-08-13 22:24:00 +0200,EUR,108.00,0.00,0.00,21.60,129.60,,1,Porte-cartes,39.00,ACC-201
#2400,,,,,,,,,,,1,Pochette Zippee,69.00,BAG-101
#2401,paul.moreau30@example.com,paid,2026-08-13 13:21:00 +0200,EUR,59.00,0.00,5.90,11.80,76.70,,1,Bracelet Cuir Camel,59.00,BRW-002
#2402,theo.lefebvre72@example.com,paid,2026-08-13 13:18:00 +0200,EUR,169.20,18.80,0.00,33.84,203.04,,1,Montre Quartz 34mm,149.00,WTC-011
#2402,,,,,,,,,,,1,Porte-cartes,39.00,ACC-201
#2403,ines.laurent73346@example.com,paid,2026-08-13 10:17:00 +0200,EUR,59.00,0.00,5.90,11.80,76.70,,1,Bracelet Cuir Camel,59.00,BRW-002
#2404,lea.michel25@example.com,paid,2026-08-13 21:18:00 +0200,EUR,189.00,0.00,0.00,37.80,226.80,,1,Sac Bandouliere Cuir,189.00,BAG-100
#2405,arthur.leroy10@example.com,paid,2026-08-13 12:19:00 +0200,EUR,106.20,11.80,0.00,21.24,127.44,,1,Ceinture Reversible,79.00,ACC-200
#2405,,,,,,,,,,,1,Porte-cartes,39.00,ACC-201
#2406,sarah.garcia58514@example.com,paid,2026-08-13 16:37:00 +0200,EUR,268.00,0.00,0.00,53.60,321.60,,1,Sac Bandouliere Cuir,189.00,BAG-100
#2406,,,,,,,,,,,1,Ceinture Reversible,79.00,ACC-200
#2407,sarah.martin99775@example.com,paid,2026-08-13 11:23:00 +0200,EUR,258.00,0.00,0.00,51.60,309.60,,1,Sac Bandouliere Cuir,189.00,BAG-100
#2407,,,,,,,,,,,1,Pochette Zippee,69.00,BAG-101
#2408,chloe.petit14772@example.com,paid,2026-08-13 18:27:00 +0200,EUR,260.10,28.90,0.00,52.02,312.12,,1,Montre Automatique 38mm,289.00,WTC-010
#2409,lucas.robert97200@example.com,paid,2026-08-13 13:40:00 +0200,EUR,69.00,0.00,5.90,13.80,88.70,,1,Pochette Zippee,69.00,BAG-101
#2410,arthur.durand2080@example.com,paid,2026-08-13 12:45:00 +0200,EUR,128.00,0.00,0.00,25.60,153.60,,1,Pochette Zippee,69.00,BAG-101
#2410,,,,,,,,,,,1,Bracelet Cuir Camel,59.00,BRW-002
#2411,sarah.simon91986@example.com,paid,2026-08-13 17:25:00 +0200,EUR,59.00,0.00,5.90,11.80,76.70,,1,Bracelet Cuir Camel,59.00,BRW-002
#2412,lea.bernard51723@example.com,paid,2026-08-13 12:48:00 +0200,EUR,39.00,0.00,5.90,7.80,52.70,,1,Porte-cartes,39.00,ACC-201
#2413,theo.durand32184@example.com,paid,2026-08-13 12:19:00 +0200,EUR,328.00,0.00,0.00,65.60,393.60,,1,Montre Automatique 38mm,289.00,WTC-010
#2413,,,,,,,,,,,1,Porte-cartes,39.00,ACC-201
#2414,gabriel.petit59900@example.com,paid,2026-08-13 12:32:00 +0200,EUR,260.10,28.90,0.00,52.02,312.12,,1,Montre Automatique 38mm,289.00,WTC-010
#2415,camille.lefebvre45@example.com,paid,2026-08-13 09:54:00 +0200,EUR,149.00,0.00,0.00,29.80,178.80,,1,Montre Quartz 34mm,149.00,WTC-011
#2416,lea.bernard51723@example.com,paid,2026-08-13 10:56:00 +0200,EUR,69.00,0.00,5.90,13.80,88.70,,1,Pochette Zippee,69.00,BAG-101
#2417,jade.dubois93254@example.com,refunded,2026-08-13 13:13:00 +0200,EUR,178.20,19.80,0.00,35.64,213.84,111.86,1,Montre Quartz 34mm,149.00,WTC-011
#2417,,,,,,,,,,,1,Bracelet Acier Noir,49.00,BRW-001
#2418,paul.laurent65496@example.com,paid,2026-08-13 09:55:00 +0200,EUR,108.00,0.00,0.00,21.60,129.60,,1,Pochette Zippee,69.00,BAG-101
#2418,,,,,,,,,,,1,Porte-cartes,39.00,ACC-201
#2419,chloe.michel94117@example.com,paid,2026-08-13 20:00:00 +0200,EUR,189.00,0.00,0.00,37.80,226.80,,1,Sac Bandouliere Cuir,189.00,BAG-100
#2420,gabriel.durand29217@example.com,paid,2026-08-13 13:40:00 +0200,EUR,149.00,0.00,0.00,29.80,178.80,,1,Montre Quartz 34mm,149.00,WTC-011
#2421,lucas.robert82453@example.com,paid,2026-08-13 08:45:00 +0200,EUR,304.20,33.80,0.00,60.84,365.04,,1,Sac Bandouliere Cuir,189.00,BAG-100
#2421,,,,,,,,,,,1,Montre Quartz 34mm,149.00,WTC-011
#2422,lea.bernard31356@example.com,paid,2026-08-13 09:03:00 +0200,EUR,39.00,0.00,5.90,7.80,52.70,,1,Porte-cartes,39.00,ACC-201
#2423,ines.bernard22853@example.com,paid,2026-08-13 13:22:00 +0200,EUR,79.00,0.00,5.90,15.80,100.70,,1,Ceinture Reversible,79.00,ACC-200
#2424,lucas.thomas91620@example.com,paid,2026-08-13 19:27:00 +0200,EUR,69.00,0.00,5.90,13.80,88.70,,1,Pochette Zippee,69.00,BAG-101
#2425,theo.leroy11@example.com,paid,2026-08-13 11:22:00 +0200,EUR,79.00,0.00,5.90,15.80,100.70,,1,Ceinture Reversible,79.00,ACC-200
#2426,theo.dubois50992@example.com,paid,2026-08-13 18:36:00 +0200,EUR,69.00,0.00,5.90,13.80,88.70,,1,Pochette Zippee,69.00,BAG-101
#2427,ines.martin65795@example.com,paid,2026-08-13 12:21:00 +0200,EUR,79.00,0.00,5.90,15.80,100.70,,1,Ceinture Reversible,79.00,ACC-200
#2428,manon.martin91@example.com,paid,2026-08-13 19:57:00 +0200,EUR,49.00,0.00,5.90,9.80,64.70,,1,Bracelet Acier Noir,49.00,BRW-001
#2429,arthur.durand99185@example.com,paid,2026-08-14 09:38:00 +0200,EUR,115.20,12.80,0.00,23.04,138.24,,1,Ceinture Reversible,79.00,ACC-200
#2429,,,,,,,,,,,1,Bracelet Acier Noir,49.00,BRW-001
#2430,theo.petit63453@example.com,paid,2026-08-14 16:01:00 +0200,EUR,71.10,7.90,5.90,14.22,91.22,,1,Ceinture Reversible,79.00,ACC-200
#2431,theo.petit58@example.com,paid,2026-08-14 14:35:00 +0200,EUR,289.00,0.00,0.00,57.80,346.80,,1,Montre Automatique 38mm,289.00,WTC-010
#2432,gabriel.petit59900@example.com,paid,2026-08-14 11:56:00 +0200,EUR,39.00,0.00,5.90,7.80,52.70,,1,Porte-cartes,39.00,ACC-201
#2433,arthur.simon25207@example.com,paid,2026-08-14 17:08:00 +0200,EUR,358.00,0.00,0.00,71.60,429.60,,1,Montre Automatique 38mm,289.00,WTC-010
#2433,,,,,,,,,,,1,Pochette Zippee,69.00,BAG-101
#2434,chloe.thomas8959@example.com,paid,2026-08-14 10:04:00 +0200,EUR,170.10,18.90,0.00,34.02,204.12,,1,Sac Bandouliere Cuir,189.00,BAG-100
#2435,manon.laurent40542@example.com,paid,2026-08-14 20:28:00 +0200,EUR,69.00,0.00,5.90,13.80,88.70,,1,Pochette Zippee,69.00,BAG-101
#2436,manon.laurent7@example.com,paid,2026-08-14 13:02:00 +0200,EUR,134.10,14.90,0.00,26.82,160.92,,1,Montre Quartz 34mm,149.00,WTC-011
#2437,manon.michel95367@example.com,paid,2026-08-14 14:03:00 +0200,EUR,49.00,0.00,5.90,9.80,64.70,,1,Bracelet Acier Noir,49.00,BRW-001
#2438,louis.bernard7380@example.com,paid,2026-08-14 22:24:00 +0200,EUR,79.00,0.00,5.90,15.80,100.70,,1,Ceinture Reversible,79.00,ACC-200
#2439,arthur.durand92@example.com,paid,2026-08-14 10:48:00 +0200,EUR,189.00,0.00,0.00,37.80,226.80,,1,Sac Bandouliere Cuir,189.00,BAG-100
#2440,gabriel.dubois61448@example.com,paid,2026-08-14 12:03:00 +0200,EUR,35.10,3.90,5.90,7.02,48.02,,1,Porte-cartes,39.00,ACC-201
#2441,ines.durand61427@example.com,paid,2026-08-14 10:44:00 +0200,EUR,248.00,0.00,0.00,49.60,297.60,,1,Bracelet Cuir Camel,59.00,BRW-002
#2441,,,,,,,,,,,1,Sac Bandouliere Cuir,189.00,BAG-100
#2442,lea.bernard31356@example.com,paid,2026-08-14 14:28:00 +0200,EUR,69.00,0.00,5.90,13.80,88.70,,1,Pochette Zippee,69.00,BAG-101
#2443,paul.martin15884@example.com,paid,2026-08-14 12:05:00 +0200,EUR,49.00,0.00,5.90,9.80,64.70,,1,Bracelet Acier Noir,49.00,BRW-001
#2444,nathan.michel48835@example.com,paid,2026-08-14 11:57:00 +0200,EUR,149.00,0.00,0.00,29.80,178.80,,1,Montre Quartz 34mm,149.00,WTC-011
#2445,emma.laurent24@example.com,paid,2026-08-14 19:30:00 +0200,EUR,59.00,0.00,5.90,11.80,76.70,,1,Bracelet Cuir Camel,59.00,BRW-002
#2446,arthur.petit7294@example.com,paid,2026-08-14 10:14:00 +0200,EUR,322.20,35.80,0.00,64.44,386.64,,1,Pochette Zippee,69.00,BAG-101
#2446,,,,,,,,,,,1,Montre Automatique 38mm,289.00,WTC-010
#2447,chloe.lefebvre46929@example.com,paid,2026-08-14 21:18:00 +0200,EUR,289.00,0.00,0.00,57.80,346.80,,1,Montre Automatique 38mm,289.00,WTC-010
#2448,chloe.thomas31373@example.com,paid,2026-08-14 12:17:00 +0200,EUR,49.00,0.00,5.90,9.80,64.70,,1,Bracelet Acier Noir,49.00,BRW-001
#2449,nathan.dubois26195@example.com,paid,2026-08-15 20:22:00 +0200,EUR,69.00,0.00,5.90,13.80,88.70,,1,Pochette Zippee,69.00,BAG-101
#2450,hugo.michel91517@example.com,paid,2026-08-15 09:18:00 +0200,EUR,368.00,0.00,0.00,73.60,441.60,,1,Montre Automatique 38mm,289.00,WTC-010
#2450,,,,,,,,,,,1,Ceinture Reversible,79.00,ACC-200
#2451,manon.dubois31@example.com,paid,2026-08-15 15:42:00 +0200,EUR,71.10,7.90,5.90,14.22,91.22,,1,Ceinture Reversible,79.00,ACC-200
#2452,emma.laurent37468@example.com,paid,2026-08-15 15:34:00 +0200,EUR,289.00,0.00,0.00,57.80,346.80,,1,Montre Automatique 38mm,289.00,WTC-010
#2453,lea.leroy20480@example.com,paid,2026-08-15 17:37:00 +0200,EUR,79.00,0.00,5.90,15.80,100.70,,1,Ceinture Reversible,79.00,ACC-200
#2454,camille.simon23610@example.com,paid,2026-08-15 13:14:00 +0200,EUR,767.00,0.00,0.00,153.40,920.40,,2,Montre Automatique 38mm,289.00,WTC-010
#2454,,,,,,,,,,,1,Sac Bandouliere Cuir,189.00,BAG-100
#2455,lucas.thomas32908@example.com,paid,2026-08-15 11:28:00 +0200,EUR,49.00,0.00,5.90,9.80,64.70,,1,Bracelet Acier Noir,49.00,BRW-001
#2456,gabriel.moreau95640@example.com,paid,2026-08-15 18:52:00 +0200,EUR,59.00,0.00,5.90,11.80,76.70,,1,Bracelet Cuir Camel,59.00,BRW-002
#2457,paul.laurent62@example.com,paid,2026-08-15 16:30:00 +0200,EUR,49.00,0.00,5.90,9.80,64.70,,1,Bracelet Acier Noir,49.00,BRW-001
#2458,emma.dubois94878@example.com,paid,2026-08-15 22:32:00 +0200,EUR,98.00,0.00,0.00,19.60,117.60,,2,Bracelet Acier Noir,49.00,BRW-001
#2459,camille.petit61696@example.com,paid,2026-08-15 16:14:00 +0200,EUR,407.00,0.00,0.00,81.40,488.40,,2,Bracelet Cuir Camel,59.00,BRW-002
#2459,,,,,,,,,,,1,Montre Automatique 38mm,289.00,WTC-010
#2460,chloe.thomas13031@example.com,paid,2026-08-15 20:13:00 +0200,EUR,79.00,0.00,5.90,15.80,100.70,,1,Ceinture Reversible,79.00,ACC-200
#2461,louis.lefebvre84887@example.com,paid,2026-08-15 14:18:00 +0200,EUR,59.00,0.00,5.90,11.80,76.70,,1,Bracelet Cuir Camel,59.00,BRW-002
#2462,chloe.simon9@example.com,paid,2026-08-15 16:19:00 +0200,EUR,157.00,0.00,0.00,31.40,188.40,,1,Porte-cartes,39.00,ACC-201
#2462,,,,,,,,,,,2,Bracelet Cuir Camel,59.00,BRW-002
#2463,nathan.robert45225@example.com,paid,2026-08-15 10:31:00 +0200,EUR,49.00,0.00,5.90,9.80,64.70,,1,Bracelet Acier Noir,49.00,BRW-001
#2464,camille.durand1665@example.com,paid,2026-08-15 19:55:00 +0200,EUR,578.00,0.00,0.00,115.60,693.60,,2,Montre Automatique 38mm,289.00,WTC-010
#2465,gabriel.lefebvre94183@example.com,paid,2026-08-15 08:15:00 +0200,EUR,260.10,28.90,0.00,52.02,312.12,,1,Montre Automatique 38mm,289.00,WTC-010
#2466,ines.durand57081@example.com,paid,2026-08-15 15:22:00 +0200,EUR,79.00,0.00,5.90,15.80,100.70,,1,Ceinture Reversible,79.00,ACC-200
#2467,manon.dubois45865@example.com,refunded,2026-08-15 11:03:00 +0200,EUR,338.00,0.00,0.00,67.60,405.60,183.0,1,Montre Automatique 38mm,289.00,WTC-010
#2467,,,,,,,,,,,1,Bracelet Acier Noir,49.00,BRW-001
#2468,ines.moreau46@example.com,paid,2026-08-15 22:18:00 +0200,EUR,39.00,0.00,5.90,7.80,52.70,,1,Porte-cartes,39.00,ACC-201
#2469,jade.petit92@example.com,paid,2026-08-15 17:50:00 +0200,EUR,98.00,0.00,0.00,19.60,117.60,,2,Bracelet Acier Noir,49.00,BRW-001
#2470,ines.moreau14636@example.com,paid,2026-08-15 11:22:00 +0200,EUR,49.00,0.00,5.90,9.80,64.70,,1,Bracelet Acier Noir,49.00,BRW-001
#2471,louis.moreau40170@example.com,paid,2026-08-16 10:21:00 +0200,EUR,189.00,0.00,0.00,37.80,226.80,,1,Sac Bandouliere Cuir,189.00,BAG-100
#2472,hugo.robert33500@example.com,paid,2026-08-16 18:14:00 +0200,EUR,44.10,4.90,5.90,8.82,58.82,,1,Bracelet Acier Noir,49.00,BRW-001
#2473,arthur.bernard55110@example.com,paid,2026-08-16 12:58:00 +0200,EUR,218.00,0.00,0.00,43.60,261.60,,1,Pochette Zippee,69.00,BAG-101
#2473,,,,,,,,,,,1,Montre Quartz 34mm,149.00,WTC-011
#2474,lea.durand17576@example.com,paid,2026-08-16 09:33:00 +0200,EUR,189.00,0.00,0.00,37.80,226.80,,1,Sac Bandouliere Cuir,189.00,BAG-100
#2475,gabriel.lefebvre41@example.com,paid,2026-08-16 12:17:00 +0200,EUR,79.00,0.00,5.90,15.80,100.70,,1,Ceinture Reversible,79.00,ACC-200
#2476,theo.petit24970@example.com,paid,2026-08-16 10:47:00 +0200,EUR,39.00,0.00,5.90,7.80,52.70,,1,Porte-cartes,39.00,ACC-201
#2477,lea.petit50@example.com,paid,2026-08-16 12:40:00 +0200,EUR,368.00,0.00,0.00,73.60,441.60,,1,Ceinture Reversible,79.00,ACC-200
#2477,,,,,,,,,,,1,Montre Automatique 38mm,289.00,WTC-010
#2478,paul.thomas50409@example.com,paid,2026-08-16 10:41:00 +0200,EUR,128.00,0.00,0.00,25.60,153.60,,1,Pochette Zippee,69.00,BAG-101
#2478,,,,,,,,,,,1,Bracelet Cuir Camel,59.00,BRW-002
#2479,lucas.simon73@example.com,paid,2026-08-16 18:41:00 +0200,EUR,79.00,0.00,5.90,15.80,100.70,,1,Ceinture Reversible,79.00,ACC-200
#2480,camille.simon81@example.com,paid,2026-08-16 14:52:00 +0200,EUR,49.00,0.00,5.90,9.80,64.70,,1,Bracelet Acier Noir,49.00,BRW-001
#2481,lea.laurent30191@example.com,paid,2026-08-16 15:31:00 +0200,EUR,59.00,0.00,5.90,11.80,76.70,,1,Bracelet Cuir Camel,59.00,BRW-002
#2482,manon.petit97038@example.com,paid,2026-08-16 22:08:00 +0200,EUR,189.00,0.00,0.00,37.80,226.80,,1,Sac Bandouliere Cuir,189.00,BAG-100
#2483,jade.michel62314@example.com,paid,2026-08-16 15:30:00 +0200,EUR,189.00,0.00,0.00,37.80,226.80,,1,Sac Bandouliere Cuir,189.00,BAG-100
#2484,chloe.garcia13@example.com,paid,2026-08-16 18:45:00 +0200,EUR,35.10,3.90,5.90,7.02,48.02,,1,Porte-cartes,39.00,ACC-201
#2485,theo.martin80260@example.com,paid,2026-08-16 16:41:00 +0200,EUR,79.00,0.00,5.90,15.80,100.70,,1,Ceinture Reversible,79.00,ACC-200
#2486,gabriel.garcia86070@example.com,paid,2026-08-16 18:39:00 +0200,EUR,149.00,0.00,0.00,29.80,178.80,,1,Montre Quartz 34mm,149.00,WTC-011
#2487,manon.laurent96751@example.com,refunded,2026-08-16 08:00:00 +0200,EUR,59.00,0.00,5.90,11.80,76.70,37.66,1,Bracelet Cuir Camel,59.00,BRW-002
#2488,gabriel.simon80132@example.com,paid,2026-08-16 16:20:00 +0200,EUR,53.10,5.90,5.90,10.62,69.62,,1,Bracelet Cuir Camel,59.00,BRW-002
#2489,manon.leroy67882@example.com,paid,2026-08-16 15:22:00 +0200,EUR,189.00,0.00,0.00,37.80,226.80,,1,Sac Bandouliere Cuir,189.00,BAG-100
#2490,paul.bernard90@example.com,paid,2026-08-16 15:35:00 +0200,EUR,39.00,0.00,5.90,7.80,52.70,,1,Porte-cartes,39.00,ACC-201
#2491,arthur.garcia84306@example.com,paid,2026-08-16 08:47:00 +0200,EUR,208.00,0.00,0.00,41.60,249.60,,1,Bracelet Cuir Camel,59.00,BRW-002
#2491,,,,,,,,,,,1,Montre Quartz 34mm,149.00,WTC-011
#2492,paul.durand46386@example.com,paid,2026-08-16 13:05:00 +0200,EUR,108.00,0.00,0.00,21.60,129.60,,1,Bracelet Acier Noir,49.00,BRW-001
#2492,,,,,,,,,,,1,Bracelet Cuir Camel,59.00,BRW-002
#2493,gabriel.leroy35279@example.com,paid,2026-08-17 11:25:00 +0200,EUR,218.00,0.00,0.00,43.60,261.60,,1,Pochette Zippee,69.00,BAG-101
#2493,,,,,,,,,,,1,Montre Quartz 34mm,149.00,WTC-011
#2494,gabriel.leroy26507@example.com,paid,2026-08-17 21:33:00 +0200,EUR,128.00,0.00,0.00,25.60,153.60,,1,Pochette Zippee,69.00,BAG-101
#2494,,,,,,,,,,,1,Bracelet Cuir Camel,59.00,BRW-002
#2495,emma.robert76068@example.com,paid,2026-08-17 22:00:00 +0200,EUR,69.00,0.00,5.90,13.80,88.70,,1,Pochette Zippee,69.00,BAG-101
#2496,hugo.thomas29762@example.com,paid,2026-08-17 09:02:00 +0200,EUR,59.00,0.00,5.90,11.80,76.70,,1,Bracelet Cuir Camel,59.00,BRW-002
#2497,chloe.laurent30020@example.com,paid,2026-08-17 17:31:00 +0200,EUR,170.10,18.90,0.00,34.02,204.12,,1,Sac Bandouliere Cuir,189.00,BAG-100
#2498,lucas.simon73@example.com,paid,2026-08-17 12:06:00 +0200,EUR,149.00,0.00,0.00,29.80,178.80,,1,Montre Quartz 34mm,149.00,WTC-011
#2499,theo.simon60988@example.com,paid,2026-08-17 13:16:00 +0200,EUR,338.00,0.00,0.00,67.60,405.60,,1,Montre Automatique 38mm,289.00,WTC-010
#2499,,,,,,,,,,,1,Bracelet Acier Noir,49.00,BRW-001
#2500,chloe.laurent32329@example.com,paid,2026-08-17 18:36:00 +0200,EUR,158.00,0.00,0.00,31.60,189.60,,2,Ceinture Reversible,79.00,ACC-200
#2501,lucas.durand78249@example.com,paid,2026-08-17 20:52:00 +0200,EUR,258.00,0.00,0.00,51.60,309.60,,1,Sac Bandouliere Cuir,189.00,BAG-100
#2501,,,,,,,,,,,1,Pochette Zippee,69.00,BAG-101
#2502,lucas.lefebvre89683@example.com,paid,2026-08-17 19:39:00 +0200,EUR,62.10,6.90,5.90,12.42,80.42,,1,Pochette Zippee,69.00,BAG-101
#2503,hugo.simon6398@example.com,paid,2026-08-17 08:19:00 +0200,EUR,49.00,0.00,5.90,9.80,64.70,,1,Bracelet Acier Noir,49.00,BRW-001
#2504,theo.simon65@example.com,paid,2026-08-17 18:59:00 +0200,EUR,189.00,0.00,0.00,37.80,226.80,,1,Sac Bandouliere Cuir,189.00,BAG-100
#2505,gabriel.simon37011@example.com,paid,2026-08-17 09:12:00 +0200,EUR,313.20,34.80,0.00,62.64,375.84,,1,Montre Automatique 38mm,289.00,WTC-010
#2505,,,,,,,,,,,1,Bracelet Cuir Camel,59.00,BRW-002
#2506,lea.michel23524@example.com,paid,2026-08-17 19:32:00 +0200,EUR,149.00,0.00,0.00,29.80,178.80,,1,Montre Quartz 34mm,149.00,WTC-011
#2507,emma.bernard14952@example.com,paid,2026-08-17 10:53:00 +0200,EUR,39.00,0.00,5.90,7.80,52.70,,1,Porte-cartes,39.00,ACC-201
#2508,jade.bernard24058@example.com,paid,2026-08-17 15:42:00 +0200,EUR,189.00,0.00,0.00,37.80,226.80,,1,Sac Bandouliere Cuir,189.00,BAG-100
#2509,nathan.robert18443@example.com,paid,2026-08-17 16:08:00 +0200,EUR,79.00,0.00,5.90,15.80,100.70,,1,Ceinture Reversible,79.00,ACC-200
#2510,chloe.durand17789@example.com,paid,2026-08-17 21:50:00 +0200,EUR,39.00,0.00,5.90,7.80,52.70,,1,Porte-cartes,39.00,ACC-201
#2511,lea.michel23557@example.com,paid,2026-08-17 20:13:00 +0200,EUR,39.00,0.00,5.90,7.80,52.70,,1,Porte-cartes,39.00,ACC-201
#2512,manon.moreau76717@example.com,paid,2026-08-17 08:36:00 +0200,EUR,478.00,0.00,0.00,95.60,573.60,,1,Sac Bandouliere Cuir,189.00,BAG-100
#2512,,,,,,,,,,,1,Montre Automatique 38mm,289.00,WTC-010
#2513,louis.martin47@example.com,paid,2026-08-17 09:59:00 +0200,EUR,258.00,0.00,0.00,51.60,309.60,,1,Pochette Zippee,69.00,BAG-101
#2513,,,,,,,,,,,1,Sac Bandouliere Cuir,189.00,BAG-100
#2514,emma.garcia41032@example.com,paid,2026-08-17 18:25:00 +0200,EUR,35.10,3.90,5.90,7.02,48.02,,1,Porte-cartes,39.00,ACC-201
#2515,lea.garcia1096@example.com,paid,2026-08-17 09:17:00 +0200,EUR,71.10,7.90,5.90,14.22,91.22,,1,Ceinture Reversible,79.00,ACC-200
#2516,nathan.michel6093@example.com,paid,2026-08-17 12:36:00 +0200,EUR,148.00,0.00,0.00,29.60,177.60,,1,Pochette Zippee,69.00,BAG-101
#2516,,,,,,,,,,,1,Ceinture Reversible,79.00,ACC-200
#2517,louis.dubois4060@example.com,paid,2026-08-17 22:28:00 +0200,EUR,149.00,0.00,0.00,29.80,178.80,,1,Montre Quartz 34mm,149.00,WTC-011
#2518,ines.simon97660@example.com,paid,2026-08-17 11:51:00 +0200,EUR,39.00,0.00,5.90,7.80,52.70,,1,Porte-cartes,39.00,ACC-201
#2519,paul.durand31@example.com,paid,2026-08-17 10:01:00 +0200,EUR,289.00,0.00,0.00,57.80,346.80,,1,Montre Automatique 38mm,289.00,WTC-010
#2520,lucas.martin98378@example.com,paid,2026-08-17 14:57:00 +0200,EUR,88.20,9.80,0.00,17.64,105.84,,1,Bracelet Cuir Camel,59.00,BRW-002
#2520,,,,,,,,,,,1,Porte-cartes,39.00,ACC-201
#2521,lucas.robert51141@example.com,paid,2026-08-17 22:06:00 +0200,EUR,298.00,0.00,0.00,59.60,357.60,,2,Montre Quartz 34mm,149.00,WTC-011
#2522,lea.durand34863@example.com,paid,2026-08-17 22:03:00 +0200,EUR,59.00,0.00,5.90,11.80,76.70,,1,Bracelet Cuir Camel,59.00,BRW-002
#2523,emma.leroy68852@example.com,paid,2026-08-17 18:40:00 +0200,EUR,149.00,0.00,0.00,29.80,178.80,,1,Montre Quartz 34mm,149.00,WTC-011
#2524,theo.simon82842@example.com,paid,2026-08-17 12:04:00 +0200,EUR,438.00,0.00,0.00,87.60,525.60,,1,Montre Automatique 38mm,289.00,WTC-010
#2524,,,,,,,,,,,1,Montre Quartz 34mm,149.00,WTC-011
#2525,arthur.petit13782@example.com,paid,2026-08-17 11:10:00 +0200,EUR,69.00,0.00,5.90,13.80,88.70,,1,Pochette Zippee,69.00,BAG-101
#2526,louis.moreau14529@example.com,paid,2026-08-18 20:57:00 +0200,EUR,124.20,13.80,0.00,24.84,149.04,,2,Pochette Zippee,69.00,BAG-101
#2527,lea.leroy88@example.com,paid,2026-08-18 12:55:00 +0200,EUR,118.00,0.00,0.00,23.60,141.60,,1,Ceinture Reversible,79.00,ACC-200
#2527,,,,,,,,,,,1,Porte-cartes,39.00,ACC-201
#2528,nathan.martin92002@example.com,paid,2026-08-18 21:49:00 +0200,EUR,149.00,0.00,0.00,29.80,178.80,,1,Montre Quartz 34mm,149.00,WTC-011
#2529,chloe.leroy34626@example.com,paid,2026-08-18 20:38:00 +0200,EUR,44.10,4.90,5.90,8.82,58.82,,1,Bracelet Acier Noir,49.00,BRW-001
#2530,gabriel.moreau700@example.com,paid,2026-08-18 19:08:00 +0200,EUR,35.10,3.90,5.90,7.02,48.02,,1,Porte-cartes,39.00,ACC-201
#2531,emma.garcia7671@example.com,paid,2026-08-18 09:10:00 +0200,EUR,149.00,0.00,0.00,29.80,178.80,,1,Montre Quartz 34mm,149.00,WTC-011
#2532,louis.thomas49869@example.com,paid,2026-08-18 22:54:00 +0200,EUR,59.00,0.00,5.90,11.80,76.70,,1,Bracelet Cuir Camel,59.00,BRW-002
#2533,theo.bernard2590@example.com,paid,2026-08-18 19:50:00 +0200,EUR,62.10,6.90,5.90,12.42,80.42,,1,Pochette Zippee,69.00,BAG-101
#2534,emma.bernard75403@example.com,paid,2026-08-18 12:11:00 +0200,EUR,149.00,0.00,0.00,29.80,178.80,,1,Montre Quartz 34mm,149.00,WTC-011
#2535,hugo.leroy39865@example.com,paid,2026-08-18 17:44:00 +0200,EUR,228.00,0.00,0.00,45.60,273.60,,1,Ceinture Reversible,79.00,ACC-200
#2535,,,,,,,,,,,1,Montre Quartz 34mm,149.00,WTC-011
#2536,ines.robert70478@example.com,paid,2026-08-18 15:03:00 +0200,EUR,69.00,0.00,5.90,13.80,88.70,,1,Pochette Zippee,69.00,BAG-101
#2537,theo.michel61@example.com,paid,2026-08-18 18:57:00 +0200,EUR,59.00,0.00,5.90,11.80,76.70,,1,Bracelet Cuir Camel,59.00,BRW-002
#2538,lucas.thomas74696@example.com,paid,2026-08-18 13:51:00 +0200,EUR,39.00,0.00,5.90,7.80,52.70,,1,Porte-cartes,39.00,ACC-201
#2539,sarah.petit27875@example.com,paid,2026-08-18 12:15:00 +0200,EUR,69.00,0.00,5.90,13.80,88.70,,1,Pochette Zippee,69.00,BAG-101
#2540,hugo.simon32340@example.com,paid,2026-08-18 17:08:00 +0200,EUR,59.00,0.00,5.90,11.80,76.70,,1,Bracelet Cuir Camel,59.00,BRW-002
#2541,manon.durand39@example.com,paid,2026-08-18 14:14:00 +0200,EUR,578.00,0.00,0.00,115.60,693.60,,2,Montre Automatique 38mm,289.00,WTC-010
#2542,chloe.laurent98@example.com,paid,2026-08-18 16:33:00 +0200,EUR,59.00,0.00,5.90,11.80,76.70,,1,Bracelet Cuir Camel,59.00,BRW-002
#2543,louis.bernard67516@example.com,paid,2026-08-18 09:21:00 +0200,EUR,189.00,0.00,0.00,37.80,226.80,,1,Sac Bandouliere Cuir,189.00,BAG-100
#2544,louis.garcia31@example.com,paid,2026-08-18 16:55:00 +0200,EUR,170.10,18.90,0.00,34.02,204.12,,1,Sac Bandouliere Cuir,189.00,BAG-100
#2545,camille.simon37201@example.com,paid,2026-08-18 21:29:00 +0200,EUR,149.00,0.00,0.00,29.80,178.80,,1,Montre Quartz 34mm,149.00,WTC-011
#2546,chloe.thomas5653@example.com,paid,2026-08-18 17:00:00 +0200,EUR,189.00,0.00,0.00,37.80,226.80,,1,Sac Bandouliere Cuir,189.00,BAG-100
#2547,hugo.michel91517@example.com,paid,2026-08-18 19:27:00 +0200,EUR,238.00,0.00,0.00,47.60,285.60,,1,Sac Bandouliere Cuir,189.00,BAG-100
#2547,,,,,,,,,,,1,Bracelet Acier Noir,49.00,BRW-001
#2548,sarah.lefebvre97477@example.com,paid,2026-08-18 20:05:00 +0200,EUR,49.00,0.00,5.90,9.80,64.70,,1,Bracelet Acier Noir,49.00,BRW-001
#2549,lucas.michel99382@example.com,paid,2026-08-18 12:19:00 +0200,EUR,49.00,0.00,5.90,9.80,64.70,,1,Bracelet Acier Noir,49.00,BRW-001
#2550,hugo.lefebvre65056@example.com,paid,2026-08-18 16:41:00 +0200,EUR,69.00,0.00,5.90,13.80,88.70,,1,Pochette Zippee,69.00,BAG-101
#2551,camille.garcia97789@example.com,paid,2026-08-18 16:12:00 +0200,EUR,667.00,0.00,0.00,133.40,800.40,,2,Sac Bandouliere Cuir,189.00,BAG-100
#2551,,,,,,,,,,,1,Montre Automatique 38mm,289.00,WTC-010
#2552,manon.petit12927@example.com,paid,2026-08-18 20:31:00 +0200,EUR,79.00,0.00,5.90,15.80,100.70,,1,Ceinture Reversible,79.00,ACC-200
#2553,camille.petit38904@example.com,paid,2026-08-18 09:13:00 +0200,EUR,49.00,0.00,5.90,9.80,64.70,,1,Bracelet Acier Noir,49.00,BRW-001
#2554,camille.garcia96169@example.com,paid,2026-08-18 14:18:00 +0200,EUR,118.00,0.00,0.00,23.60,141.60,,2,Bracelet Cuir Camel,59.00,BRW-002
#2555,lea.lefebvre24703@example.com,paid,2026-08-18 20:46:00 +0200,EUR,59.00,0.00,5.90,11.80,76.70,,1,Bracelet Cuir Camel,59.00,BRW-002
#2556,arthur.garcia59072@example.com,refunded,2026-08-18 08:54:00 +0200,EUR,289.00,0.00,0.00,57.80,346.80,251.04,1,Montre Automatique 38mm,289.00,WTC-010
#2557,camille.garcia14@example.com,paid,2026-08-18 11:23:00 +0200,EUR,289.00,0.00,0.00,57.80,346.80,,1,Montre Automatique 38mm,289.00,WTC-010
#2558,lucas.durand50@example.com,paid,2026-08-18 15:32:00 +0200,EUR,138.00,0.00,0.00,27.60,165.60,,2,Pochette Zippee,69.00,BAG-101
#2559,lea.dubois34444@example.com,paid,2026-08-18 14:26:00 +0200,EUR,49.00,0.00,5.90,9.80,64.70,,1,Bracelet Acier Noir,49.00,BRW-001
#2560,hugo.michel96327@example.com,paid,2026-08-19 08:14:00 +0200,EUR,69.00,0.00,5.90,13.80,88.70,,1,Pochette Zippee,69.00,BAG-101
#2561,lea.garcia88919@example.com,paid,2026-08-19 09:46:00 +0200,EUR,108.00,0.00,0.00,21.60,129.60,,1,Porte-cartes,39.00,ACC-201
#2561,,,,,,,,,,,1,Pochette Zippee,69.00,BAG-101
#2562,lucas.petit75865@example.com,paid,2026-08-19 13:59:00 +0200,EUR,478.00,0.00,0.00,95.60,573.60,,1,Sac Bandouliere Cuir,189.00,BAG-100
#2562,,,,,,,,,,,1,Montre Automatique 38mm,289.00,WTC-010
#2563,gabriel.laurent73882@example.com,paid,2026-08-19 20:35:00 +0200,EUR,767.00,0.00,0.00,153.40,920.40,,1,Sac Bandouliere Cuir,189.00,BAG-100
#2563,,,,,,,,,,,2,Montre Automatique 38mm,289.00,WTC-010
#2564,sarah.petit11@example.com,paid,2026-08-19 13:09:00 +0200,EUR,49.00,0.00,5.90,9.80,64.70,,1,Bracelet Acier Noir,49.00,BRW-001
#2565,chloe.bernard55455@example.com,paid,2026-08-19 22:53:00 +0200,EUR,289.00,0.00,0.00,57.80,346.80,,1,Montre Automatique 38mm,289.00,WTC-010
#2566,manon.thomas29661@example.com,paid,2026-08-19 16:33:00 +0200,EUR,158.00,0.00,0.00,31.60,189.60,,2,Ceinture Reversible,79.00,ACC-200
#2567,ines.dubois79@example.com,paid,2026-08-19 09:49:00 +0200,EUR,268.00,0.00,0.00,53.60,321.60,,1,Sac Bandouliere Cuir,189.00,BAG-100
#2567,,,,,,,,,,,1,Ceinture Reversible,79.00,ACC-200
#2568,manon.garcia15@example.com,paid,2026-08-19 21:33:00 +0200,EUR,258.00,0.00,0.00,51.60,309.60,,1,Sac Bandouliere Cuir,189.00,BAG-100
#2568,,,,,,,,,,,1,Pochette Zippee,69.00,BAG-101
#2569,theo.durand32184@example.com,paid,2026-08-19 14:31:00 +0200,EUR,53.10,5.90,5.90,10.62,69.62,,1,Bracelet Cuir Camel,59.00,BRW-002
#2570,theo.leroy41396@example.com,paid,2026-08-19 09:46:00 +0200,EUR,79.00,0.00,5.90,15.80,100.70,,1,Ceinture Reversible,79.00,ACC-200
#2571,paul.laurent51261@example.com,paid,2026-08-19 08:35:00 +0200,EUR,59.00,0.00,5.90,11.80,76.70,,1,Bracelet Cuir Camel,59.00,BRW-002
#2572,lea.durand90840@example.com,paid,2026-08-19 16:11:00 +0200,EUR,49.00,0.00,5.90,9.80,64.70,,1,Bracelet Acier Noir,49.00,BRW-001
#2573,chloe.michel13057@example.com,paid,2026-08-19 15:02:00 +0200,EUR,79.00,0.00,5.90,15.80,100.70,,1,Ceinture Reversible,79.00,ACC-200
#2574,gabriel.garcia89736@example.com,paid,2026-08-19 19:36:00 +0200,EUR,214.20,23.80,0.00,42.84,257.04,,1,Sac Bandouliere Cuir,189.00,BAG-100
#2574,,,,,,,,,,,1,Bracelet Acier Noir,49.00,BRW-001
#2575,camille.martin71920@example.com,paid,2026-08-19 16:58:00 +0200,EUR,62.10,6.90,5.90,12.42,80.42,,1,Pochette Zippee,69.00,BAG-101
#2576,emma.bernard3337@example.com,paid,2026-08-19 14:37:00 +0200,EUR,260.10,28.90,0.00,52.02,312.12,,1,Montre Automatique 38mm,289.00,WTC-010
#2577,louis.dubois4060@example.com,paid,2026-08-19 11:10:00 +0200,EUR,49.00,0.00,5.90,9.80,64.70,,1,Bracelet Acier Noir,49.00,BRW-001
#2578,lucas.durand50@example.com,paid,2026-08-19 17:07:00 +0200,EUR,118.00,0.00,0.00,23.60,141.60,,2,Bracelet Cuir Camel,59.00,BRW-002
#2579,jade.laurent16232@example.com,paid,2026-08-19 16:38:00 +0200,EUR,189.00,0.00,0.00,37.80,226.80,,1,Sac Bandouliere Cuir,189.00,BAG-100
#2580,lucas.moreau72243@example.com,paid,2026-08-19 12:57:00 +0200,EUR,520.20,57.80,0.00,104.04,624.24,,2,Montre Automatique 38mm,289.00,WTC-010
#2581,manon.petit9@example.com,paid,2026-08-19 16:53:00 +0200,EUR,170.10,18.90,0.00,34.02,204.12,,1,Sac Bandouliere Cuir,189.00,BAG-100
#2582,camille.durand43293@example.com,paid,2026-08-19 14:05:00 +0200,EUR,59.00,0.00,5.90,11.80,76.70,,1,Bracelet Cuir Camel,59.00,BRW-002
#2583,manon.robert81732@example.com,paid,2026-08-19 13:27:00 +0200,EUR,338.00,0.00,0.00,67.60,405.60,,1,Montre Quartz 34mm,149.00,WTC-011
#2583,,,,,,,,,,,1,Sac Bandouliere Cuir,189.00,BAG-100
#2584,camille.dubois75521@example.com,paid,2026-08-19 17:05:00 +0200,EUR,169.20,18.80,0.00,33.84,203.04,,1,Porte-cartes,39.00,ACC-201
#2584,,,,,,,,,,,1,Montre Quartz 34mm,149.00,WTC-011
#2585,lucas.dubois49045@example.com,paid,2026-08-19 09:29:00 +0200,EUR,79.00,0.00,5.90,15.80,100.70,,1,Ceinture Reversible,79.00,ACC-200
#2586,emma.robert2967@example.com,paid,2026-08-19 08:22:00 +0200,EUR,487.00,0.00,0.00,97.40,584.40,,2,Montre Quartz 34mm,149.00,WTC-011
#2586,,,,,,,,,,,1,Sac Bandouliere Cuir,189.00,BAG-100
#2587,paul.moreau59358@example.com,paid,2026-08-19 21:22:00 +0200,EUR,188.00,0.00,0.00,37.60,225.60,,1,Montre Quartz 34mm,149.00,WTC-011
#2587,,,,,,,,,,,1,Porte-cartes,39.00,ACC-201
#2588,lea.thomas78478@example.com,paid,2026-08-19 21:31:00 +0200,EUR,188.00,0.00,0.00,37.60,225.60,,1,Montre Quartz 34mm,149.00,WTC-011
#2588,,,,,,,,,,,1,Porte-cartes,39.00,ACC-201
#2589,lucas.laurent15168@example.com,paid,2026-08-19 21:00:00 +0200,EUR,289.00,0.00,0.00,57.80,346.80,,1,Montre Automatique 38mm,289.00,WTC-010
#2590,paul.robert31970@example.com,paid,2026-08-19 14:29:00 +0200,EUR,71.10,7.90,5.90,14.22,91.22,,1,Ceinture Reversible,79.00,ACC-200
#2591,lea.lefebvre85230@example.com,paid,2026-08-19 21:23:00 +0200,EUR,124.20,13.80,0.00,24.84,149.04,,1,Ceinture Reversible,79.00,ACC-200
#2591,,,,,,,,,,,1,Bracelet Cuir Camel,59.00,BRW-002
#2592,theo.durand32184@example.com,paid,2026-08-19 14:39:00 +0200,EUR,39.00,0.00,5.90,7.80,52.70,,1,Porte-cartes,39.00,ACC-201
#2593,lea.bernard99755@example.com,paid,2026-08-20 17:58:00 +0200,EUR,358.00,0.00,0.00,71.60,429.60,,1,Montre Automatique 38mm,289.00,WTC-010
#2593,,,,,,,,,,,1,Pochette Zippee,69.00,BAG-101
#2594,emma.laurent31543@example.com,paid,2026-08-20 08:29:00 +0200,EUR,137.00,0.00,0.00,27.40,164.40,,2,Bracelet Acier Noir,49.00,BRW-001
#2594,,,,,,,,,,,1,Porte-cartes,39.00,ACC-201
#2595,sarah.leroy11045@example.com,paid,2026-08-20 16:30:00 +0200,EUR,49.00,0.00,5.90,9.80,64.70,,1,Bracelet Acier Noir,49.00,BRW-001
#2596,hugo.robert77733@example.com,paid,2026-08-20 09:25:00 +0200,EUR,69.00,0.00,5.90,13.80,88.70,,1,Pochette Zippee,69.00,BAG-101
#2597,lea.moreau42@example.com,paid,2026-08-20 22:02:00 +0200,EUR,189.00,0.00,0.00,37.80,226.80,,1,Sac Bandouliere Cuir,189.00,BAG-100
#2598,paul.simon89115@example.com,paid,2026-08-20 10:45:00 +0200,EUR,71.10,7.90,5.90,14.22,91.22,,1,Ceinture Reversible,79.00,ACC-200
#2599,lea.durand77071@example.com,paid,2026-08-20 20:25:00 +0200,EUR,79.00,0.00,5.90,15.80,100.70,,1,Ceinture Reversible,79.00,ACC-200
#2600,ines.dubois49621@example.com,paid,2026-08-20 18:39:00 +0200,EUR,53.10,5.90,5.90,10.62,69.62,,1,Bracelet Cuir Camel,59.00,BRW-002
#2601,lucas.thomas74696@example.com,paid,2026-08-20 22:53:00 +0200,EUR,149.00,0.00,0.00,29.80,178.80,,1,Montre Quartz 34mm,149.00,WTC-011
#2602,gabriel.thomas93813@example.com,paid,2026-08-20 19:27:00 +0200,EUR,189.00,0.00,0.00,37.80,226.80,,1,Sac Bandouliere Cuir,189.00,BAG-100
#2603,theo.lefebvre21883@example.com,paid,2026-08-20 20:09:00 +0200,EUR,647.00,0.00,0.00,129.40,776.40,,2,Montre Automatique 38mm,289.00,WTC-010
#2603,,,,,,,,,,,1,Pochette Zippee,69.00,BAG-101
#2604,emma.martin24945@example.com,paid,2026-08-20 13:05:00 +0200,EUR,49.00,0.00,5.90,9.80,64.70,,1,Bracelet Acier Noir,49.00,BRW-001
#2605,sarah.bernard93783@example.com,paid,2026-08-20 18:34:00 +0200,EUR,59.00,0.00,5.90,11.80,76.70,,1,Bracelet Cuir Camel,59.00,BRW-002
#2606,emma.simon75398@example.com,paid,2026-08-20 18:26:00 +0200,EUR,128.00,0.00,0.00,25.60,153.60,,1,Ceinture Reversible,79.00,ACC-200
#2606,,,,,,,,,,,1,Bracelet Acier Noir,49.00,BRW-001
#2607,louis.simon65@example.com,paid,2026-08-20 11:50:00 +0200,EUR,149.00,0.00,0.00,29.80,178.80,,1,Montre Quartz 34mm,149.00,WTC-011
#2608,camille.garcia7433@example.com,paid,2026-08-20 09:31:00 +0200,EUR,44.10,4.90,5.90,8.82,58.82,,1,Bracelet Acier Noir,49.00,BRW-001
#2609,gabriel.garcia86070@example.com,paid,2026-08-20 16:42:00 +0200,EUR,217.00,0.00,0.00,43.40,260.40,,2,Pochette Zippee,69.00,BAG-101
#2609,,,,,,,,,,,1,Ceinture Reversible,79.00,ACC-200
#2610,sarah.petit9@example.com,paid,2026-08-20 17:31:00 +0200,EUR,304.20,33.80,0.00,60.84,365.04,,1,Sac Bandouliere Cuir,189.00,BAG-100
#2610,,,,,,,,,,,1,Montre Quartz 34mm,149.00,WTC-011
#2611,jade.thomas13790@example.com,paid,2026-08-20 16:45:00 +0200,EUR,189.00,0.00,0.00,37.80,226.80,,1,Sac Bandouliere Cuir,189.00,BAG-100
#2612,emma.dubois65448@example.com,paid,2026-08-20 09:04:00 +0200,EUR,79.00,0.00,5.90,15.80,100.70,,1,Ceinture Reversible,79.00,ACC-200
#2613,gabriel.robert87768@example.com,paid,2026-08-20 11:33:00 +0200,EUR,59.00,0.00,5.90,11.80,76.70,,1,Bracelet Cuir Camel,59.00,BRW-002
#2614,emma.leroy38313@example.com,paid,2026-08-20 22:43:00 +0200,EUR,170.10,18.90,0.00,34.02,204.12,,1,Sac Bandouliere Cuir,189.00,BAG-100
#2615,jade.bernard36181@example.com,paid,2026-08-20 08:48:00 +0200,EUR,228.00,0.00,0.00,45.60,273.60,,1,Ceinture Reversible,79.00,ACC-200
#2615,,,,,,,,,,,1,Montre Quartz 34mm,149.00,WTC-011
#2616,louis.simon11@example.com,paid,2026-08-20 12:00:00 +0200,EUR,289.00,0.00,0.00,57.80,346.80,,1,Montre Automatique 38mm,289.00,WTC-010
#2617,camille.bernard93749@example.com,paid,2026-08-20 20:23:00 +0200,EUR,289.00,0.00,0.00,57.80,346.80,,1,Montre Automatique 38mm,289.00,WTC-010
#2618,manon.dubois53@example.com,paid,2026-08-20 18:42:00 +0200,EUR,289.00,0.00,0.00,57.80,346.80,,1,Montre Automatique 38mm,289.00,WTC-010
#2619,hugo.laurent42@example.com,paid,2026-08-20 16:28:00 +0200,EUR,79.00,0.00,5.90,15.80,100.70,,1,Ceinture Reversible,79.00,ACC-200
#2620,jade.lefebvre82708@example.com,refunded,2026-08-20 16:12:00 +0200,EUR,53.10,5.90,5.90,10.62,69.62,34.92,1,Bracelet Cuir Camel,59.00,BRW-002
#2621,louis.leroy94723@example.com,paid,2026-08-20 22:49:00 +0200,EUR,39.00,0.00,5.90,7.80,52.70,,1,Porte-cartes,39.00,ACC-201
#2622,lucas.dubois29@example.com,paid,2026-08-20 11:30:00 +0200,EUR,39.00,0.00,5.90,7.80,52.70,,1,Porte-cartes,39.00,ACC-201
#2623,theo.garcia11554@example.com,paid,2026-08-20 16:18:00 +0200,EUR,39.00,0.00,5.90,7.80,52.70,,1,Porte-cartes,39.00,ACC-201
#2624,manon.laurent15509@example.com,paid,2026-08-20 21:11:00 +0200,EUR,133.20,14.80,0.00,26.64,159.84,,1,Pochette Zippee,69.00,BAG-101
#2624,,,,,,,,,,,1,Ceinture Reversible,79.00,ACC-200
#2625,manon.durand39@example.com,paid,2026-08-20 16:23:00 +0200,EUR,49.00,0.00,5.90,9.80,64.70,,1,Bracelet Acier Noir,49.00,BRW-001
#2626,lea.garcia1096@example.com,paid,2026-08-21 12:25:00 +0200,EUR,198.00,0.00,0.00,39.60,237.60,,1,Montre Quartz 34mm,149.00,WTC-011
#2626,,,,,,,,,,,1,Bracelet Acier Noir,49.00,BRW-001
#2627,gabriel.martin99639@example.com,paid,2026-08-21 15:41:00 +0200,EUR,149.00,0.00,0.00,29.80,178.80,,1,Montre Quartz 34mm,149.00,WTC-011
#2628,arthur.durand99185@example.com,paid,2026-08-21 15:15:00 +0200,EUR,394.20,43.80,0.00,78.84,473.04,,1,Montre Quartz 34mm,149.00,WTC-011
#2628,,,,,,,,,,,1,Montre Automatique 38mm,289.00,WTC-010
#2629,hugo.robert60@example.com,paid,2026-08-21 18:51:00 +0200,EUR,59.00,0.00,5.90,11.80,76.70,,1,Bracelet Cuir Camel,59.00,BRW-002
#2630,lucas.moreau59079@example.com,paid,2026-08-21 14:51:00 +0200,EUR,158.00,0.00,0.00,31.60,189.60,,2,Ceinture Reversible,79.00,ACC-200
#2631,lucas.durand8776@example.com,paid,2026-08-21 08:39:00 +0200,EUR,228.00,0.00,0.00,45.60,273.60,,1,Sac Bandouliere Cuir,189.00,BAG-100
#2631,,,,,,,,,,,1,Porte-cartes,39.00,ACC-201
#2632,emma.garcia82039@example.com,paid,2026-08-21 16:10:00 +0200,EUR,289.00,0.00,0.00,57.80,346.80,,1,Montre Automatique 38mm,289.00,WTC-010
#2633,emma.leroy21507@example.com,paid,2026-08-21 17:38:00 +0200,EUR,170.10,18.90,0.00,34.02,204.12,,1,Sac Bandouliere Cuir,189.00,BAG-100
#2634,ines.durand93121@example.com,paid,2026-08-21 19:02:00 +0200,EUR,217.00,0.00,0.00,43.40,260.40,,2,Pochette Zippee,69.00,BAG-101
#2634,,,,,,,,,,,1,Ceinture Reversible,79.00,ACC-200
#2635,manon.leroy6@example.com,paid,2026-08-21 16:05:00 +0200,EUR,358.00,0.00,0.00,71.60,429.60,,1,Montre Automatique 38mm,289.00,WTC-010
#2635,,,,,,,,,,,1,Pochette Zippee,69.00,BAG-101
#2636,hugo.michel93128@example.com,paid,2026-08-21 08:26:00 +0200,EUR,340.20,37.80,0.00,68.04,408.24,,2,Sac Bandouliere Cuir,189.00,BAG-100
#2637,jade.thomas5796@example.com,paid,2026-08-21 15:39:00 +0200,EUR,59.00,0.00,5.90,11.80,76.70,,1,Bracelet Cuir Camel,59.00,BRW-002
#2638,louis.thomas95851@example.com,paid,2026-08-21 22:10:00 +0200,EUR,189.00,0.00,0.00,37.80,226.80,,1,Sac Bandouliere Cuir,189.00,BAG-100
#2639,jade.michel48264@example.com,paid,2026-08-21 15:31:00 +0200,EUR,138.00,0.00,0.00,27.60,165.60,,1,Bracelet Cuir Camel,59.00,BRW-002
#2639,,,,,,,,,,,1,Ceinture Reversible,79.00,ACC-200
#2640,sarah.simon91986@example.com,paid,2026-08-21 10:36:00 +0200,EUR,328.00,0.00,0.00,65.60,393.60,,1,Porte-cartes,39.00,ACC-201
#2640,,,,,,,,,,,1,Montre Automatique 38mm,289.00,WTC-010
#2641,lucas.thomas91620@example.com,paid,2026-08-21 14:21:00 +0200,EUR,214.20,23.80,0.00,42.84,257.04,,1,Bracelet Acier Noir,49.00,BRW-001
#2641,,,,,,,,,,,1,Sac Bandouliere Cuir,189.00,BAG-100
#2642,sarah.bernard47279@example.com,paid,2026-08-21 11:05:00 +0200,EUR,35.10,3.90,5.90,7.02,48.02,,1,Porte-cartes,39.00,ACC-201
#2643,gabriel.petit88597@example.com,paid,2026-08-21 10:01:00 +0200,EUR,108.00,0.00,0.00,21.60,129.60,,1,Bracelet Cuir Camel,59.00,BRW-002
#2643,,,,,,,,,,,1,Bracelet Acier Noir,49.00,BRW-001
#2644,ines.durand98778@example.com,paid,2026-08-21 21:26:00 +0200,EUR,39.00,0.00,5.90,7.80,52.70,,1,Porte-cartes,39.00,ACC-201
#2645,chloe.durand80@example.com,paid,2026-08-21 11:01:00 +0200,EUR,170.10,18.90,0.00,34.02,204.12,,1,Sac Bandouliere Cuir,189.00,BAG-100
#2646,sarah.laurent45@example.com,paid,2026-08-21 11:18:00 +0200,EUR,520.20,57.80,0.00,104.04,624.24,,2,Montre Automatique 38mm,289.00,WTC-010
#2647,emma.dubois74@example.com,paid,2026-08-21 20:17:00 +0200,EUR,69.00,0.00,5.90,13.80,88.70,,1,Pochette Zippee,69.00,BAG-101
#2648,louis.bernard50968@example.com,paid,2026-08-22 13:14:00 +0200,EUR,53.10,5.90,5.90,10.62,69.62,,1,Bracelet Cuir Camel,59.00,BRW-002
#2649,manon.durand40499@example.com,paid,2026-08-22 09:56:00 +0200,EUR,149.00,0.00,0.00,29.80,178.80,,1,Montre Quartz 34mm,149.00,WTC-011
#2650,lea.thomas3245@example.com,paid,2026-08-22 08:51:00 +0200,EUR,98.00,0.00,0.00,19.60,117.60,,2,Bracelet Acier Noir,49.00,BRW-001
#2651,ines.thomas54819@example.com,paid,2026-08-22 08:55:00 +0200,EUR,53.10,5.90,5.90,10.62,69.62,,1,Bracelet Cuir Camel,59.00,BRW-002
#2652,louis.leroy76017@example.com,paid,2026-08-22 22:54:00 +0200,EUR,59.00,0.00,5.90,11.80,76.70,,1,Bracelet Cuir Camel,59.00,BRW-002
#2653,louis.thomas30343@example.com,paid,2026-08-22 16:16:00 +0200,EUR,39.00,0.00,5.90,7.80,52.70,,1,Porte-cartes,39.00,ACC-201
#2654,emma.leroy68852@example.com,paid,2026-08-22 10:07:00 +0200,EUR,49.00,0.00,5.90,9.80,64.70,,1,Bracelet Acier Noir,49.00,BRW-001
#2655,theo.laurent2433@example.com,paid,2026-08-22 17:21:00 +0200,EUR,208.00,0.00,0.00,41.60,249.60,,1,Bracelet Cuir Camel,59.00,BRW-002
#2655,,,,,,,,,,,1,Montre Quartz 34mm,149.00,WTC-011
#2656,louis.lefebvre1785@example.com,refunded,2026-08-22 17:25:00 +0200,EUR,168.30,18.70,0.00,33.66,201.96,160.41,1,Pochette Zippee,69.00,BAG-101
#2656,,,,,,,,,,,2,Bracelet Cuir Camel,59.00,BRW-002
#2657,jade.thomas5796@example.com,paid,2026-08-22 19:12:00 +0200,EUR,79.00,0.00,5.90,15.80,100.70,,1,Ceinture Reversible,79.00,ACC-200
#2658,jade.simon70557@example.com,paid,2026-08-22 13:40:00 +0200,EUR,331.20,36.80,0.00,66.24,397.44,,1,Montre Automatique 38mm,289.00,WTC-010
#2658,,,,,,,,,,,1,Ceinture Reversible,79.00,ACC-200
#2659,louis.simon9703@example.com,paid,2026-08-22 12:29:00 +0200,EUR,260.10,28.90,0.00,52.02,312.12,,1,Montre Automatique 38mm,289.00,WTC-010
#2660,lucas.michel9195@example.com,paid,2026-08-22 09:57:00 +0200,EUR,69.00,0.00,5.90,13.80,88.70,,1,Pochette Zippee,69.00,BAG-101
#2661,theo.moreau31514@example.com,paid,2026-08-22 17:40:00 +0200,EUR,59.00,0.00,5.90,11.80,76.70,,1,Bracelet Cuir Camel,59.00,BRW-002
#2662,lucas.lefebvre89683@example.com,paid,2026-08-22 08:37:00 +0200,EUR,228.00,0.00,0.00,45.60,273.60,,1,Ceinture Reversible,79.00,ACC-200
#2662,,,,,,,,,,,1,Montre Quartz 34mm,149.00,WTC-011
#2663,hugo.garcia81048@example.com,paid,2026-08-22 12:20:00 +0200,EUR,247.00,0.00,0.00,49.40,296.40,,2,Bracelet Acier Noir,49.00,BRW-001
#2663,,,,,,,,,,,1,Montre Quartz 34mm,149.00,WTC-011
#2664,lea.durand40768@example.com,paid,2026-08-22 11:07:00 +0200,EUR,44.10,4.90,5.90,8.82,58.82,,1,Bracelet Acier Noir,49.00,BRW-001
#2665,louis.dubois15608@example.com,paid,2026-08-22 12:53:00 +0200,EUR,149.00,0.00,0.00,29.80,178.80,,1,Montre Quartz 34mm,149.00,WTC-011
#2666,manon.moreau47551@example.com,paid,2026-08-22 20:10:00 +0200,EUR,128.00,0.00,0.00,25.60,153.60,,1,Bracelet Cuir Camel,59.00,BRW-002
#2666,,,,,,,,,,,1,Pochette Zippee,69.00,BAG-101
#2667,gabriel.robert70462@example.com,paid,2026-08-22 22:31:00 +0200,EUR,49.00,0.00,5.90,9.80,64.70,,1,Bracelet Acier Noir,49.00,BRW-001
#2668,manon.dubois31@example.com,paid,2026-08-22 09:07:00 +0200,EUR,106.20,11.80,0.00,21.24,127.44,,1,Porte-cartes,39.00,ACC-201
#2668,,,,,,,,,,,1,Ceinture Reversible,79.00,ACC-200
#2669,theo.bernard33012@example.com,paid,2026-08-22 21:07:00 +0200,EUR,49.00,0.00,5.90,9.80,64.70,,1,Bracelet Acier Noir,49.00,BRW-001
#2670,manon.petit78@example.com,paid,2026-08-22 16:14:00 +0200,EUR,71.10,7.90,5.90,14.22,91.22,,1,Ceinture Reversible,79.00,ACC-200
#2671,gabriel.martin95@example.com,paid,2026-08-23 10:34:00 +0200,EUR,289.00,0.00,0.00,57.80,346.80,,1,Montre Automatique 38mm,289.00,WTC-010
#2672,hugo.moreau45@example.com,paid,2026-08-23 08:44:00 +0200,EUR,118.00,0.00,0.00,23.60,141.60,,2,Bracelet Cuir Camel,59.00,BRW-002
#2673,nathan.dubois83936@example.com,paid,2026-08-23 18:06:00 +0200,EUR,69.00,0.00,5.90,13.80,88.70,,1,Pochette Zippee,69.00,BAG-101
#2674,theo.bernard59@example.com,paid,2026-08-23 20:55:00 +0200,EUR,71.10,7.90,5.90,14.22,91.22,,1,Ceinture Reversible,79.00,ACC-200
#2675,nathan.moreau14165@example.com,paid,2026-08-23 21:54:00 +0200,EUR,59.00,0.00,5.90,11.80,76.70,,1,Bracelet Cuir Camel,59.00,BRW-002
#2676,camille.michel32425@example.com,paid,2026-08-23 17:51:00 +0200,EUR,59.00,0.00,5.90,11.80,76.70,,1,Bracelet Cuir Camel,59.00,BRW-002
#2677,emma.dubois65448@example.com,refunded,2026-08-23 16:23:00 +0200,EUR,189.00,0.00,0.00,37.80,226.80,133.76,1,Sac Bandouliere Cuir,189.00,BAG-100
#2678,louis.simon65@example.com,paid,2026-08-23 12:16:00 +0200,EUR,260.10,28.90,0.00,52.02,312.12,,1,Montre Automatique 38mm,289.00,WTC-010
#2679,emma.robert63858@example.com,paid,2026-08-23 11:16:00 +0200,EUR,149.00,0.00,0.00,29.80,178.80,,1,Montre Quartz 34mm,149.00,WTC-011
#2680,hugo.thomas14006@example.com,paid,2026-08-23 16:29:00 +0200,EUR,148.00,0.00,0.00,29.60,177.60,,1,Ceinture Reversible,79.00,ACC-200
#2680,,,,,,,,,,,1,Pochette Zippee,69.00,BAG-101
#2681,lucas.thomas12692@example.com,paid,2026-08-23 12:10:00 +0200,EUR,108.00,0.00,0.00,21.60,129.60,,1,Pochette Zippee,69.00,BAG-101
#2681,,,,,,,,,,,1,Porte-cartes,39.00,ACC-201
#2682,manon.leroy71504@example.com,paid,2026-08-23 21:55:00 +0200,EUR,71.10,7.90,5.90,14.22,91.22,,1,Ceinture Reversible,79.00,ACC-200
#2683,lucas.laurent42186@example.com,paid,2026-08-23 11:37:00 +0200,EUR,39.00,0.00,5.90,7.80,52.70,,1,Porte-cartes,39.00,ACC-201
#2684,arthur.thomas69846@example.com,paid,2026-08-23 11:46:00 +0200,EUR,189.00,0.00,0.00,37.80,226.80,,1,Sac Bandouliere Cuir,189.00,BAG-100
#2685,hugo.martin99557@example.com,paid,2026-08-23 09:28:00 +0200,EUR,149.00,0.00,0.00,29.80,178.80,,1,Montre Quartz 34mm,149.00,WTC-011
#2686,emma.michel47032@example.com,paid,2026-08-23 13:02:00 +0200,EUR,69.00,0.00,5.90,13.80,88.70,,1,Pochette Zippee,69.00,BAG-101
#2687,theo.thomas61754@example.com,paid,2026-08-23 22:12:00 +0200,EUR,49.00,0.00,5.90,9.80,64.70,,1,Bracelet Acier Noir,49.00,BRW-001
#2688,nathan.michel6059@example.com,paid,2026-08-23 16:29:00 +0200,EUR,98.00,0.00,0.00,19.60,117.60,,2,Bracelet Acier Noir,49.00,BRW-001
#2689,nathan.dubois60@example.com,paid,2026-08-23 16:02:00 +0200,EUR,138.00,0.00,0.00,27.60,165.60,,2,Pochette Zippee,69.00,BAG-101
#2690,emma.lefebvre72786@example.com,paid,2026-08-23 09:09:00 +0200,EUR,189.00,0.00,0.00,37.80,226.80,,1,Sac Bandouliere Cuir,189.00,BAG-100
#2691,lea.leroy34081@example.com,paid,2026-08-23 19:56:00 +0200,EUR,188.00,0.00,0.00,37.60,225.60,,1,Montre Quartz 34mm,149.00,WTC-011
#2691,,,,,,,,,,,1,Porte-cartes,39.00,ACC-201
#2692,louis.leroy728@example.com,paid,2026-08-23 20:24:00 +0200,EUR,328.00,0.00,0.00,65.60,393.60,,1,Porte-cartes,39.00,ACC-201
#2692,,,,,,,,,,,1,Montre Automatique 38mm,289.00,WTC-010
#2693,camille.durand45663@example.com,paid,2026-08-23 13:14:00 +0200,EUR,289.00,0.00,0.00,57.80,346.80,,1,Montre Automatique 38mm,289.00,WTC-010
#2694,gabriel.michel44277@example.com,paid,2026-08-24 12:52:00 +0200,EUR,133.20,14.80,0.00,26.64,159.84,,1,Ceinture Reversible,79.00,ACC-200
#2694,,,,,,,,,,,1,Pochette Zippee,69.00,BAG-101
#2695,arthur.dubois71684@example.com,paid,2026-08-24 19:54:00 +0200,EUR,187.20,20.80,0.00,37.44,224.64,,1,Montre Quartz 34mm,149.00,WTC-011
#2695,,,,,,,,,,,1,Bracelet Cuir Camel,59.00,BRW-002
#2696,manon.martin91@example.com,paid,2026-08-24 11:33:00 +0200,EUR,189.00,0.00,0.00,37.80,226.80,,1,Sac Bandouliere Cuir,189.00,BAG-100
#2697,chloe.robert67820@example.com,paid,2026-08-24 09:21:00 +0200,EUR,59.00,0.00,5.90,11.80,76.70,,1,Bracelet Cuir Camel,59.00,BRW-002
#2698,gabriel.moreau3599@example.com,paid,2026-08-24 16:50:00 +0200,EUR,106.20,11.80,0.00,21.24,127.44,,1,Pochette Zippee,69.00,BAG-101
#2698,,,,,,,,,,,1,Bracelet Acier Noir,49.00,BRW-001
#2699,nathan.laurent38437@example.com,paid,2026-08-24 09:31:00 +0200,EUR,289.00,0.00,0.00,57.80,346.80,,1,Montre Automatique 38mm,289.00,WTC-010
#2700,camille.simon35157@example.com,refunded,2026-08-24 19:52:00 +0200,EUR,312.30,34.70,0.00,62.46,374.76,197.95,2,Montre Quartz 34mm,149.00,WTC-011
#2700,,,,,,,,,,,1,Bracelet Acier Noir,49.00,BRW-001
#2701,lea.leroy34081@example.com,paid,2026-08-24 22:55:00 +0200,EUR,69.00,0.00,5.90,13.80,88.70,,1,Pochette Zippee,69.00,BAG-101
#2702,ines.lefebvre77327@example.com,paid,2026-08-24 09:05:00 +0200,EUR,196.20,21.80,0.00,39.24,235.44,,1,Pochette Zippee,69.00,BAG-101
#2702,,,,,,,,,,,1,Montre Quartz 34mm,149.00,WTC-011
#2703,lea.moreau38173@example.com,paid,2026-08-24 13:00:00 +0200,EUR,108.00,0.00,0.00,21.60,129.60,,1,Pochette Zippee,69.00,BAG-101
#2703,,,,,,,,,,,1,Porte-cartes,39.00,ACC-201
#2704,chloe.garcia1367@example.com,paid,2026-08-24 18:53:00 +0200,EUR,44.10,4.90,5.90,8.82,58.82,,1,Bracelet Acier Noir,49.00,BRW-001
#2705,camille.petit38829@example.com,paid,2026-08-24 15:02:00 +0200,EUR,39.00,0.00,5.90,7.80,52.70,,1,Porte-cartes,39.00,ACC-201
#2706,emma.lefebvre52227@example.com,paid,2026-08-24 10:08:00 +0200,EUR,189.00,0.00,0.00,37.80,226.80,,1,Sac Bandouliere Cuir,189.00,BAG-100
#2707,hugo.garcia37905@example.com,paid,2026-08-24 13:45:00 +0200,EUR,118.00,0.00,0.00,23.60,141.60,,1,Pochette Zippee,69.00,BAG-101
#2707,,,,,,,,,,,1,Bracelet Acier Noir,49.00,BRW-001
#2708,louis.robert95901@example.com,paid,2026-08-24 18:22:00 +0200,EUR,108.00,0.00,0.00,21.60,129.60,,1,Porte-cartes,39.00,ACC-201
#2708,,,,,,,,,,,1,Pochette Zippee,69.00,BAG-101
#2709,sarah.laurent7798@example.com,paid,2026-08-24 21:05:00 +0200,EUR,71.10,7.90,5.90,14.22,91.22,,1,Ceinture Reversible,79.00,ACC-200
#2710,nathan.moreau47072@example.com,paid,2026-08-24 16:48:00 +0200,EUR,59.00,0.00,5.90,11.80,76.70,,1,Bracelet Cuir Camel,59.00,BRW-002
#2711,lea.thomas95381@example.com,paid,2026-08-24 16:53:00 +0200,EUR,53.10,5.90,5.90,10.62,69.62,,1,Bracelet Cuir Camel,59.00,BRW-002
#2712,sarah.garcia65@example.com,paid,2026-08-24 10:01:00 +0200,EUR,35.10,3.90,5.90,7.02,48.02,,1,Porte-cartes,39.00,ACC-201
#2713,lucas.lefebvre32270@example.com,paid,2026-08-24 13:48:00 +0200,EUR,49.00,0.00,5.90,9.80,64.70,,1,Bracelet Acier Noir,49.00,BRW-001
#2714,louis.martin18480@example.com,paid,2026-08-24 22:25:00 +0200,EUR,289.00,0.00,0.00,57.80,346.80,,1,Montre Automatique 38mm,289.00,WTC-010
#2715,nathan.laurent39110@example.com,paid,2026-08-24 09:06:00 +0200,EUR,289.00,0.00,0.00,57.80,346.80,,1,Montre Automatique 38mm,289.00,WTC-010
#2716,chloe.robert35625@example.com,paid,2026-08-24 20:03:00 +0200,EUR,149.00,0.00,0.00,29.80,178.80,,1,Montre Quartz 34mm,149.00,WTC-011
#2717,hugo.leroy12916@example.com,paid,2026-08-24 12:34:00 +0200,EUR,79.00,0.00,5.90,15.80,100.70,,1,Ceinture Reversible,79.00,ACC-200
#2718,lea.bernard11167@example.com,paid,2026-08-24 10:45:00 +0200,EUR,134.10,14.90,0.00,26.82,160.92,,1,Montre Quartz 34mm,149.00,WTC-011
#2719,hugo.simon74150@example.com,paid,2026-08-24 19:09:00 +0200,EUR,149.00,0.00,0.00,29.80,178.80,,1,Montre Quartz 34mm,149.00,WTC-011
#2720,lucas.laurent75971@example.com,paid,2026-08-24 18:29:00 +0200,EUR,39.00,0.00,5.90,7.80,52.70,,1,Porte-cartes,39.00,ACC-201
#2721,lucas.martin10842@example.com,paid,2026-08-24 09:48:00 +0200,EUR,118.00,0.00,0.00,23.60,141.60,,2,Bracelet Cuir Camel,59.00,BRW-002
#2722,camille.martin90@example.com,paid,2026-08-24 20:21:00 +0200,EUR,35.10,3.90,5.90,7.02,48.02,,1,Porte-cartes,39.00,ACC-201
#2723,camille.simon35157@example.com,paid,2026-08-24 22:54:00 +0200,EUR,69.00,0.00,5.90,13.80,88.70,,1,Pochette Zippee,69.00,BAG-101
#2724,chloe.moreau24120@example.com,paid,2026-08-24 10:33:00 +0200,EUR,195.30,21.70,0.00,39.06,234.36,,2,Pochette Zippee,69.00,BAG-101
#2724,,,,,,,,,,,1,Ceinture Reversible,79.00,ACC-200
#2725,paul.moreau26259@example.com,paid,2026-08-24 18:41:00 +0200,EUR,98.00,0.00,0.00,19.60,117.60,,2,Bracelet Acier Noir,49.00,BRW-001
#2726,sarah.simon91986@example.com,paid,2026-08-24 15:37:00 +0200,EUR,78.00,0.00,5.90,15.60,99.50,,2,Porte-cartes,39.00,ACC-201
#2727,arthur.michel17099@example.com,paid,2026-08-24 11:56:00 +0200,EUR,258.30,28.70,0.00,51.66,309.96,,2,Bracelet Acier Noir,49.00,BRW-001
#2727,,,,,,,,,,,1,Sac Bandouliere Cuir,189.00,BAG-100
#2728,louis.thomas87360@example.com,paid,2026-08-24 10:01:00 +0200,EUR,149.00,0.00,0.00,29.80,178.80,,1,Montre Quartz 34mm,149.00,WTC-011
#2729,gabriel.durand69438@example.com,paid,2026-08-24 11:47:00 +0200,EUR,189.00,0.00,0.00,37.80,226.80,,1,Sac Bandouliere Cuir,189.00,BAG-100
#2730,sarah.thomas90181@example.com,paid,2026-08-24 21:03:00 +0200,EUR,49.00,0.00,5.90,9.80,64.70,,1,Bracelet Acier Noir,49.00,BRW-001
#2731,sarah.petit43846@example.com,paid,2026-08-24 09:10:00 +0200,EUR,170.10,18.90,0.00,34.02,204.12,,1,Sac Bandouliere Cuir,189.00,BAG-100
#2732,hugo.robert77733@example.com,paid,2026-08-25 20:52:00 +0200,EUR,149.00,0.00,0.00,29.80,178.80,,1,Montre Quartz 34mm,149.00,WTC-011
#2733,lucas.dubois63433@example.com,paid,2026-08-25 19:10:00 +0200,EUR,189.00,0.00,0.00,37.80,226.80,,1,Sac Bandouliere Cuir,189.00,BAG-100
#2734,jade.robert84956@example.com,paid,2026-08-25 11:42:00 +0200,EUR,69.00,0.00,5.90,13.80,88.70,,1,Pochette Zippee,69.00,BAG-101
#2735,louis.leroy94723@example.com,paid,2026-08-25 10:00:00 +0200,EUR,358.00,0.00,0.00,71.60,429.60,,1,Pochette Zippee,69.00,BAG-101
#2735,,,,,,,,,,,1,Montre Automatique 38mm,289.00,WTC-010
#2736,theo.bernard33012@example.com,paid,2026-08-25 17:27:00 +0200,EUR,158.00,0.00,0.00,31.60,189.60,,2,Ceinture Reversible,79.00,ACC-200
#2737,camille.bernard55910@example.com,paid,2026-08-25 10:53:00 +0200,EUR,322.20,35.80,0.00,64.44,386.64,,1,Pochette Zippee,69.00,BAG-101
#2737,,,,,,,,,,,1,Montre Automatique 38mm,289.00,WTC-010
#2738,sarah.simon27056@example.com,paid,2026-08-25 18:37:00 +0200,EUR,35.10,3.90,5.90,7.02,48.02,,1,Porte-cartes,39.00,ACC-201
#2739,emma.michel47032@example.com,paid,2026-08-25 19:08:00 +0200,EUR,39.00,0.00,5.90,7.80,52.70,,1,Porte-cartes,39.00,ACC-201
#2740,emma.moreau61726@example.com,paid,2026-08-25 09:32:00 +0200,EUR,578.00,0.00,0.00,115.60,693.60,,2,Montre Automatique 38mm,289.00,WTC-010
#2741,sarah.garcia58514@example.com,paid,2026-08-25 13:30:00 +0200,EUR,555.30,61.70,0.00,111.06,666.36,,2,Montre Automatique 38mm,289.00,WTC-010
#2741,,,,,,,,,,,1,Porte-cartes,39.00,ACC-201
#2742,chloe.martin36668@example.com,paid,2026-08-25 08:57:00 +0200,EUR,69.00,0.00,5.90,13.80,88.70,,1,Pochette Zippee,69.00,BAG-101
#2743,camille.michel69522@example.com,paid,2026-08-25 21:43:00 +0200,EUR,170.10,18.90,0.00,34.02,204.12,,1,Sac Bandouliere Cuir,189.00,BAG-100
#2744,camille.martin16152@example.com,paid,2026-08-25 19:17:00 +0200,EUR,228.00,0.00,0.00,45.60,273.60,,1,Ceinture Reversible,79.00,ACC-200
#2744,,,,,,,,,,,1,Montre Quartz 34mm,149.00,WTC-011
#2745,arthur.martin5186@example.com,paid,2026-08-25 16:15:00 +0200,EUR,79.00,0.00,5.90,15.80,100.70,,1,Ceinture Reversible,79.00,ACC-200
#2746,lucas.simon6631@example.com,paid,2026-08-25 13:44:00 +0200,EUR,187.00,0.00,0.00,37.40,224.40,,1,Bracelet Acier Noir,49.00,BRW-001
#2746,,,,,,,,,,,2,Pochette Zippee,69.00,BAG-101
#2747,camille.petit87812@example.com,paid,2026-08-25 16:32:00 +0200,EUR,134.10,14.90,0.00,26.82,160.92,,1,Montre Quartz 34mm,149.00,WTC-011
#2748,arthur.laurent39338@example.com,paid,2026-08-25 14:01:00 +0200,EUR,53.10,5.90,5.90,10.62,69.62,,1,Bracelet Cuir Camel,59.00,BRW-002
#2749,nathan.dubois43133@example.com,paid,2026-08-25 17:12:00 +0200,EUR,35.10,3.90,5.90,7.02,48.02,,1,Porte-cartes,39.00,ACC-201
#2750,nathan.durand13994@example.com,paid,2026-08-25 17:28:00 +0200,EUR,578.00,0.00,0.00,115.60,693.60,,2,Montre Automatique 38mm,289.00,WTC-010
#2751,chloe.garcia62@example.com,paid,2026-08-25 10:04:00 +0200,EUR,69.00,0.00,5.90,13.80,88.70,,1,Pochette Zippee,69.00,BAG-101
#2752,lucas.garcia76@example.com,paid,2026-08-25 18:04:00 +0200,EUR,79.00,0.00,5.90,15.80,100.70,,1,Ceinture Reversible,79.00,ACC-200
#2753,paul.lefebvre60@example.com,paid,2026-08-25 17:11:00 +0200,EUR,148.00,0.00,0.00,29.60,177.60,,1,Pochette Zippee,69.00,BAG-101
#2753,,,,,,,,,,,1,Ceinture Reversible,79.00,ACC-200
#2754,gabriel.garcia37690@example.com,paid,2026-08-25 19:19:00 +0200,EUR,39.00,0.00,5.90,7.80,52.70,,1,Porte-cartes,39.00,ACC-201
#2755,manon.bernard88655@example.com,paid,2026-08-25 14:24:00 +0200,EUR,69.00,0.00,5.90,13.80,88.70,,1,Pochette Zippee,69.00,BAG-101
#2756,lucas.petit39398@example.com,paid,2026-08-25 19:22:00 +0200,EUR,69.00,0.00,5.90,13.80,88.70,,1,Pochette Zippee,69.00,BAG-101
#2757,manon.moreau7222@example.com,paid,2026-08-25 16:04:00 +0200,EUR,44.10,4.90,5.90,8.82,58.82,,1,Bracelet Acier Noir,49.00,BRW-001
#2758,chloe.laurent75647@example.com,paid,2026-08-25 08:35:00 +0200,EUR,53.10,5.90,5.90,10.62,69.62,,1,Bracelet Cuir Camel,59.00,BRW-002
#2759,paul.leroy6959@example.com,paid,2026-08-25 19:45:00 +0200,EUR,205.20,22.80,0.00,41.04,246.24,,1,Sac Bandouliere Cuir,189.00,BAG-100
#2759,,,,,,,,,,,1,Porte-cartes,39.00,ACC-201
#2760,lucas.petit65213@example.com,paid,2026-08-25 20:06:00 +0200,EUR,69.00,0.00,5.90,13.80,88.70,,1,Pochette Zippee,69.00,BAG-101
#2761,manon.laurent34480@example.com,paid,2026-08-25 15:22:00 +0200,EUR,228.00,0.00,0.00,45.60,273.60,,1,Montre Quartz 34mm,149.00,WTC-011
#2761,,,,,,,,,,,1,Ceinture Reversible,79.00,ACC-200
#2762,hugo.thomas82580@example.com,paid,2026-08-25 22:43:00 +0200,EUR,39.00,0.00,5.90,7.80,52.70,,1,Porte-cartes,39.00,ACC-201
#2763,arthur.simon8852@example.com,paid,2026-08-26 08:19:00 +0200,EUR,59.00,0.00,5.90,11.80,76.70,,1,Bracelet Cuir Camel,59.00,BRW-002
#2764,gabriel.robert87768@example.com,paid,2026-08-26 09:01:00 +0200,EUR,59.00,0.00,5.90,11.80,76.70,,1,Bracelet Cuir Camel,59.00,BRW-002
#2765,louis.bernard51363@example.com,paid,2026-08-26 22:51:00 +0200,EUR,35.10,3.90,5.90,7.02,48.02,,1,Porte-cartes,39.00,ACC-201
#2766,louis.thomas95851@example.com,paid,2026-08-26 20:19:00 +0200,EUR,69.00,0.00,5.90,13.80,88.70,,1,Pochette Zippee,69.00,BAG-101
#2767,manon.petit66046@example.com,paid,2026-08-26 09:03:00 +0200,EUR,115.20,12.80,0.00,23.04,138.24,,1,Pochette Zippee,69.00,BAG-101
#2767,,,,,,,,,,,1,Bracelet Cuir Camel,59.00,BRW-002
#2768,chloe.lefebvre94671@example.com,paid,2026-08-26 12:57:00 +0200,EUR,134.10,14.90,0.00,26.82,160.92,,1,Montre Quartz 34mm,149.00,WTC-011
#2769,lucas.robert26218@example.com,paid,2026-08-26 20:01:00 +0200,EUR,134.10,14.90,0.00,26.82,160.92,,1,Montre Quartz 34mm,149.00,WTC-011
#2770,louis.moreau67977@example.com,paid,2026-08-26 20:50:00 +0200,EUR,59.00,0.00,5.90,11.80,76.70,,1,Bracelet Cuir Camel,59.00,BRW-002
#2771,jade.laurent18050@example.com,paid,2026-08-26 11:51:00 +0200,EUR,62.10,6.90,5.90,12.42,80.42,,1,Pochette Zippee,69.00,BAG-101
#2772,gabriel.leroy96753@example.com,paid,2026-08-26 16:20:00 +0200,EUR,358.00,0.00,0.00,71.60,429.60,,1,Montre Automatique 38mm,289.00,WTC-010
#2772,,,,,,,,,,,1,Pochette Zippee,69.00,BAG-101
#2773,jade.leroy38@example.com,paid,2026-08-26 08:50:00 +0200,EUR,39.00,0.00,5.90,7.80,52.70,,1,Porte-cartes,39.00,ACC-201
#2774,louis.simon6934@example.com,paid,2026-08-26 14:21:00 +0200,EUR,49.00,0.00,5.90,9.80,64.70,,1,Bracelet Acier Noir,49.00,BRW-001
#2775,camille.martin90@example.com,paid,2026-08-26 22:16:00 +0200,EUR,170.10,18.90,0.00,34.02,204.12,,1,Sac Bandouliere Cuir,189.00,BAG-100
#2776,ines.simon81620@example.com,paid,2026-08-26 12:58:00 +0200,EUR,49.00,0.00,5.90,9.80,64.70,,1,Bracelet Acier Noir,49.00,BRW-001
#2777,ines.leroy2237@example.com,paid,2026-08-26 15:14:00 +0200,EUR,208.00,0.00,0.00,41.60,249.60,,1,Bracelet Cuir Camel,59.00,BRW-002
#2777,,,,,,,,,,,1,Montre Quartz 34mm,149.00,WTC-011
#2778,lucas.durand69@example.com,paid,2026-08-26 12:39:00 +0200,EUR,138.00,0.00,0.00,27.60,165.60,,2,Pochette Zippee,69.00,BAG-101
#2779,lea.bernard94921@example.com,paid,2026-08-26 14:25:00 +0200,EUR,118.00,0.00,0.00,23.60,141.60,,2,Bracelet Cuir Camel,59.00,BRW-002
#2780,gabriel.durand69438@example.com,paid,2026-08-26 14:27:00 +0200,EUR,149.00,0.00,0.00,29.80,178.80,,1,Montre Quartz 34mm,149.00,WTC-011
#2781,chloe.laurent98@example.com,paid,2026-08-26 19:04:00 +0200,EUR,39.00,0.00,5.90,7.80,52.70,,1,Porte-cartes,39.00,ACC-201
#2782,gabriel.robert65918@example.com,paid,2026-08-26 18:25:00 +0200,EUR,177.30,19.70,0.00,35.46,212.76,,1,Ceinture Reversible,79.00,ACC-200
#2782,,,,,,,,,,,2,Bracelet Cuir Camel,59.00,BRW-002
#2783,paul.thomas50409@example.com,paid,2026-08-26 16:59:00 +0200,EUR,289.00,0.00,0.00,57.80,346.80,,1,Montre Automatique 38mm,289.00,WTC-010
#2784,hugo.leroy12916@example.com,paid,2026-08-26 12:12:00 +0200,EUR,217.00,0.00,0.00,43.40,260.40,,1,Ceinture Reversible,79.00,ACC-200
#2784,,,,,,,,,,,2,Pochette Zippee,69.00,BAG-101
#2785,theo.robert41575@example.com,paid,2026-08-26 11:08:00 +0200,EUR,260.10,28.90,0.00,52.02,312.12,,1,Montre Automatique 38mm,289.00,WTC-010
#2786,chloe.durand74212@example.com,paid,2026-08-26 11:18:00 +0200,EUR,149.00,0.00,0.00,29.80,178.80,,1,Montre Quartz 34mm,149.00,WTC-011
#2787,louis.leroy67647@example.com,paid,2026-08-26 21:33:00 +0200,EUR,39.00,0.00,5.90,7.80,52.70,,1,Porte-cartes,39.00,ACC-201
#2788,gabriel.leroy22740@example.com,paid,2026-08-26 08:12:00 +0200,EUR,39.00,0.00,5.90,7.80,52.70,,1,Porte-cartes,39.00,ACC-201
#2789,paul.martin46461@example.com,paid,2026-08-26 15:50:00 +0200,EUR,98.00,0.00,0.00,19.60,117.60,,1,Bracelet Cuir Camel,59.00,BRW-002
#2789,,,,,,,,,,,1,Porte-cartes,39.00,ACC-201
#2790,hugo.petit99035@example.com,paid,2026-08-26 18:29:00 +0200,EUR,79.00,0.00,5.90,15.80,100.70,,1,Ceinture Reversible,79.00,ACC-200
#2791,louis.bernard67516@example.com,paid,2026-08-26 22:19:00 +0200,EUR,53.10,5.90,5.90,10.62,69.62,,1,Bracelet Cuir Camel,59.00,BRW-002
#2792,arthur.robert55@example.com,paid,2026-08-26 22:22:00 +0200,EUR,62.10,6.90,5.90,12.42,80.42,,1,Pochette Zippee,69.00,BAG-101
#2793,arthur.bernard2193@example.com,paid,2026-08-26 08:18:00 +0200,EUR,149.00,0.00,0.00,29.80,178.80,,1,Montre Quartz 34mm,149.00,WTC-011
#2794,ines.laurent54824@example.com,paid,2026-08-26 20:02:00 +0200,EUR,189.00,0.00,0.00,37.80,226.80,,1,Sac Bandouliere Cuir,189.00,BAG-100
#2795,camille.durand14838@example.com,paid,2026-08-26 13:07:00 +0200,EUR,295.20,32.80,0.00,59.04,354.24,,1,Montre Automatique 38mm,289.00,WTC-010
#2795,,,,,,,,,,,1,Porte-cartes,39.00,ACC-201
#2796,lea.michel43@example.com,paid,2026-08-26 09:36:00 +0200,EUR,378.00,0.00,0.00,75.60,453.60,,2,Sac Bandouliere Cuir,189.00,BAG-100
#2797,arthur.robert44822@example.com,paid,2026-08-26 16:30:00 +0200,EUR,189.00,0.00,0.00,37.80,226.80,,1,Sac Bandouliere Cuir,189.00,BAG-100
#2798,gabriel.laurent76740@example.com,paid,2026-08-27 15:23:00 +0200,EUR,39.00,0.00,5.90,7.80,52.70,,1,Porte-cartes,39.00,ACC-201
#2799,sarah.thomas14897@example.com,paid,2026-08-27 12:07:00 +0200,EUR,53.10,5.90,5.90,10.62,69.62,,1,Bracelet Cuir Camel,59.00,BRW-002
#2800,hugo.michel82@example.com,paid,2026-08-27 13:26:00 +0200,EUR,149.00,0.00,0.00,29.80,178.80,,1,Montre Quartz 34mm,149.00,WTC-011
#2801,paul.dubois39@example.com,paid,2026-08-27 18:25:00 +0200,EUR,378.00,0.00,0.00,75.60,453.60,,2,Sac Bandouliere Cuir,189.00,BAG-100
#2802,chloe.dubois85166@example.com,paid,2026-08-27 19:08:00 +0200,EUR,289.00,0.00,0.00,57.80,346.80,,1,Montre Automatique 38mm,289.00,WTC-010
#2803,lucas.dubois76@example.com,paid,2026-08-27 18:51:00 +0200,EUR,115.20,12.80,0.00,23.04,138.24,,1,Bracelet Cuir Camel,59.00,BRW-002
#2803,,,,,,,,,,,1,Pochette Zippee,69.00,BAG-101
#2804,paul.petit97963@example.com,paid,2026-08-27 16:07:00 +0200,EUR,59.00,0.00,5.90,11.80,76.70,,1,Bracelet Cuir Camel,59.00,BRW-002
#2805,lucas.thomas72246@example.com,paid,2026-08-27 08:50:00 +0200,EUR,189.00,0.00,0.00,37.80,226.80,,1,Sac Bandouliere Cuir,189.00,BAG-100
#2806,emma.michel96532@example.com,paid,2026-08-27 13:26:00 +0200,EUR,189.00,0.00,0.00,37.80,226.80,,1,Sac Bandouliere Cuir,189.00,BAG-100
#2807,arthur.bernard9336@example.com,paid,2026-08-27 11:12:00 +0200,EUR,289.00,0.00,0.00,57.80,346.80,,1,Montre Automatique 38mm,289.00,WTC-010
#2808,sarah.lefebvre43501@example.com,paid,2026-08-27 18:50:00 +0200,EUR,487.00,0.00,0.00,97.40,584.40,,2,Montre Quartz 34mm,149.00,WTC-011
#2808,,,,,,,,,,,1,Sac Bandouliere Cuir,189.00,BAG-100
#2809,lucas.moreau23425@example.com,paid,2026-08-27 09:05:00 +0200,EUR,205.20,22.80,0.00,41.04,246.24,,1,Sac Bandouliere Cuir,189.00,BAG-100
#2809,,,,,,,,,,,1,Porte-cartes,39.00,ACC-201
#2810,paul.thomas37@example.com,paid,2026-08-27 15:17:00 +0200,EUR,587.00,0.00,0.00,117.40,704.40,,2,Montre Quartz 34mm,149.00,WTC-011
#2810,,,,,,,,,,,1,Montre Automatique 38mm,289.00,WTC-010
#2811,sarah.moreau50603@example.com,paid,2026-08-27 21:29:00 +0200,EUR,79.00,0.00,5.90,15.80,100.70,,1,Ceinture Reversible,79.00,ACC-200
#2812,paul.petit28155@example.com,paid,2026-08-27 09:54:00 +0200,EUR,69.00,0.00,5.90,13.80,88.70,,1,Pochette Zippee,69.00,BAG-101
#2813,chloe.martin36668@example.com,paid,2026-08-27 15:57:00 +0200,EUR,287.00,0.00,0.00,57.40,344.40,,1,Montre Quartz 34mm,149.00,WTC-011
#2813,,,,,,,,,,,2,Pochette Zippee,69.00,BAG-101
#2814,jade.lefebvre11949@example.com,paid,2026-08-27 22:00:00 +0200,EUR,59.00,0.00,5.90,11.80,76.70,,1,Bracelet Cuir Camel,59.00,BRW-002
#2815,camille.dubois86541@example.com,paid,2026-08-27 13:33:00 +0200,EUR,289.00,0.00,0.00,57.80,346.80,,1,Montre Automatique 38mm,289.00,WTC-010
#2816,ines.durand98778@example.com,refunded,2026-08-27 15:36:00 +0200,EUR,289.00,0.00,0.00,57.80,346.80,190.86,1,Montre Automatique 38mm,289.00,WTC-010
#2817,lucas.lefebvre42@example.com,paid,2026-08-27 18:30:00 +0200,EUR,331.20,36.80,0.00,66.24,397.44,,1,Ceinture Reversible,79.00,ACC-200
#2817,,,,,,,,,,,1,Montre Automatique 38mm,289.00,WTC-010
#2818,theo.dubois29669@example.com,paid,2026-08-27 10:24:00 +0200,EUR,79.00,0.00,5.90,15.80,100.70,,1,Ceinture Reversible,79.00,ACC-200
#2819,ines.thomas25483@example.com,paid,2026-08-27 13:46:00 +0200,EUR,59.00,0.00,5.90,11.80,76.70,,1,Bracelet Cuir Camel,59.00,BRW-002
#2820,lea.moreau24891@example.com,paid,2026-08-27 17:47:00 +0200,EUR,69.00,0.00,5.90,13.80,88.70,,1,Pochette Zippee,69.00,BAG-101
#2821,jade.bernard2052@example.com,paid,2026-08-27 15:09:00 +0200,EUR,71.10,7.90,5.90,14.22,91.22,,1,Ceinture Reversible,79.00,ACC-200
#2822,louis.durand98559@example.com,paid,2026-08-27 09:19:00 +0200,EUR,39.00,0.00,5.90,7.80,52.70,,1,Porte-cartes,39.00,ACC-201
#2823,nathan.durand20526@example.com,paid,2026-08-27 17:56:00 +0200,EUR,79.00,0.00,5.90,15.80,100.70,,1,Ceinture Reversible,79.00,ACC-200
#2824,lea.lefebvre71377@example.com,paid,2026-08-27 21:33:00 +0200,EUR,132.30,14.70,0.00,26.46,158.76,,2,Porte-cartes,39.00,ACC-201
#2824,,,,,,,,,,,1,Pochette Zippee,69.00,BAG-101
#2825,chloe.simon7486@example.com,paid,2026-08-27 12:57:00 +0200,EUR,88.20,9.80,0.00,17.64,105.84,,1,Porte-cartes,39.00,ACC-201
#2825,,,,,,,,,,,1,Bracelet Cuir Camel,59.00,BRW-002
#2826,lucas.dubois16322@example.com,paid,2026-08-28 19:23:00 +0200,EUR,600.30,66.70,0.00,120.06,720.36,,2,Sac Bandouliere Cuir,189.00,BAG-100
#2826,,,,,,,,,,,1,Montre Automatique 38mm,289.00,WTC-010
#2827,paul.leroy6959@example.com,paid,2026-08-28 16:26:00 +0200,EUR,49.00,0.00,5.90,9.80,64.70,,1,Bracelet Acier Noir,49.00,BRW-001
#2828,lea.michel25@example.com,paid,2026-08-28 19:12:00 +0200,EUR,88.20,9.80,0.00,17.64,105.84,,1,Bracelet Cuir Camel,59.00,BRW-002
#2828,,,,,,,,,,,1,Porte-cartes,39.00,ACC-201
#2829,arthur.durand94@example.com,paid,2026-08-28 15:12:00 +0200,EUR,189.00,0.00,0.00,37.80,226.80,,1,Sac Bandouliere Cuir,189.00,BAG-100
#2830,arthur.simon65634@example.com,paid,2026-08-28 21:12:00 +0200,EUR,258.30,28.70,0.00,51.66,309.96,,2,Bracelet Acier Noir,49.00,BRW-001
#2830,,,,,,,,,,,1,Sac Bandouliere Cuir,189.00,BAG-100
#2831,lucas.moreau17@example.com,paid,2026-08-28 19:55:00 +0200,EUR,71.10,7.90,5.90,14.22,91.22,,1,Ceinture Reversible,79.00,ACC-200
#2832,theo.simon43421@example.com,paid,2026-08-28 20:57:00 +0200,EUR,59.00,0.00,5.90,11.80,76.70,,1,Bracelet Cuir Camel,59.00,BRW-002
#2833,lea.durand22526@example.com,paid,2026-08-28 20:03:00 +0200,EUR,106.20,11.80,0.00,21.24,127.44,,2,Bracelet Cuir Camel,59.00,BRW-002
#2834,gabriel.martin95@example.com,paid,2026-08-28 16:40:00 +0200,EUR,228.00,0.00,0.00,45.60,273.60,,1,Sac Bandouliere Cuir,189.00,BAG-100
#2834,,,,,,,,,,,1,Porte-cartes,39.00,ACC-201
#2835,manon.dubois96226@example.com,paid,2026-08-28 14:29:00 +0200,EUR,189.00,0.00,0.00,37.80,226.80,,1,Sac Bandouliere Cuir,189.00,BAG-100
#2836,nathan.lefebvre87799@example.com,refunded,2026-08-28 08:05:00 +0200,EUR,53.10,5.90,5.90,10.62,69.62,41.42,1,Bracelet Cuir Camel,59.00,BRW-002
#2837,emma.garcia78124@example.com,paid,2026-08-28 22:21:00 +0200,EUR,69.00,0.00,5.90,13.80,88.70,,1,Pochette Zippee,69.00,BAG-101
#2838,camille.bernard6824@example.com,paid,2026-08-28 16:17:00 +0200,EUR,657.00,0.00,0.00,131.40,788.40,,1,Ceinture Reversible,79.00,ACC-200
#2838,,,,,,,,,,,2,Montre Automatique 38mm,289.00,WTC-010
#2839,chloe.lefebvre74561@example.com,paid,2026-08-28 21:34:00 +0200,EUR,169.20,18.80,0.00,33.84,203.04,,1,Porte-cartes,39.00,ACC-201
#2839,,,,,,,,,,,1,Montre Quartz 34mm,149.00,WTC-011
#2840,jade.robert11929@example.com,paid,2026-08-28 13:21:00 +0200,EUR,118.00,0.00,0.00,23.60,141.60,,2,Bracelet Cuir Camel,59.00,BRW-002
#2841,gabriel.leroy26507@example.com,paid,2026-08-28 19:00:00 +0200,EUR,49.00,0.00,5.90,9.80,64.70,,1,Bracelet Acier Noir,49.00,BRW-001
#2842,camille.laurent84926@example.com,paid,2026-08-28 16:25:00 +0200,EUR,59.00,0.00,5.90,11.80,76.70,,1,Bracelet Cuir Camel,59.00,BRW-002
#2843,lucas.dubois76@example.com,paid,2026-08-28 19:54:00 +0200,EUR,115.20,12.80,0.00,23.04,138.24,,1,Bracelet Cuir Camel,59.00,BRW-002
#2843,,,,,,,,,,,1,Pochette Zippee,69.00,BAG-101
#2844,manon.petit74@example.com,paid,2026-08-28 13:54:00 +0200,EUR,289.00,0.00,0.00,57.80,346.80,,1,Montre Automatique 38mm,289.00,WTC-010
#2845,lucas.simon73@example.com,paid,2026-08-28 12:00:00 +0200,EUR,170.10,18.90,0.00,34.02,204.12,,1,Sac Bandouliere Cuir,189.00,BAG-100
#2846,lea.leroy27841@example.com,paid,2026-08-28 22:27:00 +0200,EUR,39.00,0.00,5.90,7.80,52.70,,1,Porte-cartes,39.00,ACC-201
#2847,lucas.bernard97039@example.com,paid,2026-08-28 18:37:00 +0200,EUR,79.00,0.00,5.90,15.80,100.70,,1,Ceinture Reversible,79.00,ACC-200
#2848,sarah.martin99716@example.com,paid,2026-08-28 17:16:00 +0200,EUR,138.00,0.00,0.00,27.60,165.60,,2,Pochette Zippee,69.00,BAG-101
#2849,lucas.lefebvre32270@example.com,paid,2026-08-28 22:18:00 +0200,EUR,35.10,3.90,5.90,7.02,48.02,,1,Porte-cartes,39.00,ACC-201
#2850,hugo.garcia4810@example.com,paid,2026-08-28 16:01:00 +0200,EUR,108.00,0.00,0.00,21.60,129.60,,1,Pochette Zippee,69.00,BAG-101
#2850,,,,,,,,,,,1,Porte-cartes,39.00,ACC-201
#2851,jade.laurent66390@example.com,paid,2026-08-28 21:30:00 +0200,EUR,189.00,0.00,0.00,37.80,226.80,,1,Sac Bandouliere Cuir,189.00,BAG-100
#2852,lucas.leroy46165@example.com,paid,2026-08-29 13:41:00 +0200,EUR,128.00,0.00,0.00,25.60,153.60,,1,Ceinture Reversible,79.00,ACC-200
#2852,,,,,,,,,,,1,Bracelet Acier Noir,49.00,BRW-001
#2853,sarah.robert67359@example.com,paid,2026-08-29 19:48:00 +0200,EUR,578.00,0.00,0.00,115.60,693.60,,2,Montre Automatique 38mm,289.00,WTC-010
#2854,paul.dubois21389@example.com,paid,2026-08-29 11:48:00 +0200,EUR,149.00,0.00,0.00,29.80,178.80,,1,Montre Quartz 34mm,149.00,WTC-011
#2855,emma.garcia18@example.com,paid,2026-08-29 19:39:00 +0200,EUR,71.10,7.90,5.90,14.22,91.22,,1,Ceinture Reversible,79.00,ACC-200
#2856,camille.lefebvre30321@example.com,paid,2026-08-29 12:50:00 +0200,EUR,189.00,0.00,0.00,37.80,226.80,,1,Sac Bandouliere Cuir,189.00,BAG-100
#2857,sarah.thomas14897@example.com,paid,2026-08-29 16:27:00 +0200,EUR,69.00,0.00,5.90,13.80,88.70,,1,Pochette Zippee,69.00,BAG-101
#2858,hugo.simon32061@example.com,paid,2026-08-29 14:51:00 +0200,EUR,238.00,0.00,0.00,47.60,285.60,,1,Bracelet Acier Noir,49.00,BRW-001
#2858,,,,,,,,,,,1,Sac Bandouliere Cuir,189.00,BAG-100
#2859,nathan.leroy68498@example.com,paid,2026-08-29 15:52:00 +0200,EUR,438.00,0.00,0.00,87.60,525.60,,1,Montre Automatique 38mm,289.00,WTC-010
#2859,,,,,,,,,,,1,Montre Quartz 34mm,149.00,WTC-011
#2860,sarah.durand99@example.com,paid,2026-08-29 14:18:00 +0200,EUR,69.00,0.00,5.90,13.80,88.70,,1,Pochette Zippee,69.00,BAG-101
#2861,paul.martin22@example.com,paid,2026-08-29 13:10:00 +0200,EUR,35.10,3.90,5.90,7.02,48.02,,1,Porte-cartes,39.00,ACC-201
#2862,theo.bernard33012@example.com,paid,2026-08-29 13:04:00 +0200,EUR,118.00,0.00,0.00,23.60,141.60,,1,Porte-cartes,39.00,ACC-201
#2862,,,,,,,,,,,1,Ceinture Reversible,79.00,ACC-200
#2863,chloe.garcia24@example.com,paid,2026-08-29 15:19:00 +0200,EUR,289.00,0.00,0.00,57.80,346.80,,1,Montre Automatique 38mm,289.00,WTC-010
#2864,lea.leroy99158@example.com,paid,2026-08-29 17:06:00 +0200,EUR,71.10,7.90,5.90,14.22,91.22,,1,Ceinture Reversible,79.00,ACC-200
#2865,chloe.petit39@example.com,paid,2026-08-29 10:51:00 +0200,EUR,69.00,0.00,5.90,13.80,88.70,,1,Pochette Zippee,69.00,BAG-101
#2866,nathan.moreau97260@example.com,refunded,2026-08-29 10:14:00 +0200,EUR,189.00,0.00,0.00,37.80,226.80,131.54,1,Sac Bandouliere Cuir,189.00,BAG-100
#2867,arthur.garcia59072@example.com,paid,2026-08-29 15:33:00 +0200,EUR,98.00,0.00,0.00,19.60,117.60,,2,Bracelet Acier Noir,49.00,BRW-001
#2868,hugo.garcia94168@example.com,paid,2026-08-29 09:57:00 +0200,EUR,289.00,0.00,0.00,57.80,346.80,,1,Montre Automatique 38mm,289.00,WTC-010
#2869,lea.petit41827@example.com,paid,2026-08-29 11:48:00 +0200,EUR,39.00,0.00,5.90,7.80,52.70,,1,Porte-cartes,39.00,ACC-201
#2870,ines.leroy45@example.com,paid,2026-08-29 17:31:00 +0200,EUR,238.00,0.00,0.00,47.60,285.60,,1,Sac Bandouliere Cuir,189.00,BAG-100
#2870,,,,,,,,,,,1,Bracelet Acier Noir,49.00,BRW-001
#2871,manon.dubois96226@example.com,paid,2026-08-29 18:27:00 +0200,EUR,228.00,0.00,0.00,45.60,273.60,,1,Porte-cartes,39.00,ACC-201
#2871,,,,,,,,,,,1,Sac Bandouliere Cuir,189.00,BAG-100
#2872,arthur.bernard9336@example.com,paid,2026-08-29 09:46:00 +0200,EUR,39.00,0.00,5.90,7.80,52.70,,1,Porte-cartes,39.00,ACC-201
#2873,lucas.simon51649@example.com,paid,2026-08-29 11:26:00 +0200,EUR,79.00,0.00,5.90,15.80,100.70,,1,Ceinture Reversible,79.00,ACC-200
#2874,louis.leroy83530@example.com,paid,2026-08-29 16:21:00 +0200,EUR,78.00,0.00,5.90,15.60,99.50,,2,Porte-cartes,39.00,ACC-201
#2875,jade.petit81@example.com,paid,2026-08-29 12:43:00 +0200,EUR,59.00,0.00,5.90,11.80,76.70,,1,Bracelet Cuir Camel,59.00,BRW-002
#2876,hugo.garcia4810@example.com,paid,2026-08-30 18:27:00 +0200,EUR,228.00,0.00,0.00,45.60,273.60,,1,Ceinture Reversible,79.00,ACC-200
#2876,,,,,,,,,,,1,Montre Quartz 34mm,149.00,WTC-011
#2877,louis.garcia53871@example.com,paid,2026-08-30 14:35:00 +0200,EUR,337.00,0.00,0.00,67.40,404.40,,1,Porte-cartes,39.00,ACC-201
#2877,,,,,,,,,,,2,Montre Quartz 34mm,149.00,WTC-011
#2878,jade.simon87530@example.com,refunded,2026-08-30 20:09:00 +0200,EUR,218.00,0.00,0.00,43.60,261.60,161.74,1,Pochette Zippee,69.00,BAG-101
#2878,,,,,,,,,,,1,Montre Quartz 34mm,149.00,WTC-011
#2879,ines.martin99@example.com,paid,2026-08-30 17:58:00 +0200,EUR,268.00,0.00,0.00,53.60,321.60,,1,Ceinture Reversible,79.00,ACC-200
#2879,,,,,,,,,,,1,Sac Bandouliere Cuir,189.00,BAG-100
#2880,paul.moreau16@example.com,paid,2026-08-30 10:37:00 +0200,EUR,78.00,0.00,5.90,15.60,99.50,,2,Porte-cartes,39.00,ACC-201
#2881,theo.garcia32148@example.com,paid,2026-08-30 18:39:00 +0200,EUR,59.00,0.00,5.90,11.80,76.70,,1,Bracelet Cuir Camel,59.00,BRW-002
#2882,ines.garcia15306@example.com,paid,2026-08-30 17:58:00 +0200,EUR,187.20,20.80,0.00,37.44,224.64,,1,Montre Quartz 34mm,149.00,WTC-011
#2882,,,,,,,,,,,1,Bracelet Cuir Camel,59.00,BRW-002
#2883,gabriel.leroy61241@example.com,paid,2026-08-30 10:36:00 +0200,EUR,44.10,4.90,5.90,8.82,58.82,,1,Bracelet Acier Noir,49.00,BRW-001
#2884,gabriel.michel93182@example.com,paid,2026-08-30 12:00:00 +0200,EUR,198.00,0.00,0.00,39.60,237.60,,1,Montre Quartz 34mm,149.00,WTC-011
#2884,,,,,,,,,,,1,Bracelet Acier Noir,49.00,BRW-001
#2885,manon.martin88197@example.com,paid,2026-08-30 08:03:00 +0200,EUR,247.00,0.00,0.00,49.40,296.40,,2,Bracelet Acier Noir,49.00,BRW-001
#2885,,,,,,,,,,,1,Montre Quartz 34mm,149.00,WTC-011
#2886,chloe.durand17789@example.com,paid,2026-08-30 11:35:00 +0200,EUR,149.00,0.00,0.00,29.80,178.80,,1,Montre Quartz 34mm,149.00,WTC-011
#2887,hugo.martin28@example.com,paid,2026-08-30 11:37:00 +0200,EUR,248.00,0.00,0.00,49.60,297.60,,1,Sac Bandouliere Cuir,189.00,BAG-100
#2887,,,,,,,,,,,1,Bracelet Cuir Camel,59.00,BRW-002
#2888,jade.simon3309@example.com,paid,2026-08-30 22:35:00 +0200,EUR,447.00,0.00,0.00,89.40,536.40,,2,Ceinture Reversible,79.00,ACC-200
#2888,,,,,,,,,,,1,Montre Automatique 38mm,289.00,WTC-010
#2889,nathan.petit31655@example.com,paid,2026-08-30 14:40:00 +0200,EUR,108.00,0.00,0.00,21.60,129.60,,1,Bracelet Cuir Camel,59.00,BRW-002
#2889,,,,,,,,,,,1,Bracelet Acier Noir,49.00,BRW-001
#2890,gabriel.moreau3599@example.com,paid,2026-08-30 20:54:00 +0200,EUR,69.00,0.00,5.90,13.80,88.70,,1,Pochette Zippee,69.00,BAG-101
#2891,arthur.robert44822@example.com,paid,2026-08-30 21:10:00 +0200,EUR,59.00,0.00,5.90,11.80,76.70,,1,Bracelet Cuir Camel,59.00,BRW-002
#2892,theo.michel61@example.com,paid,2026-08-30 17:44:00 +0200,EUR,39.00,0.00,5.90,7.80,52.70,,1,Porte-cartes,39.00,ACC-201
#2893,manon.bernard70470@example.com,paid,2026-08-30 10:56:00 +0200,EUR,79.00,0.00,5.90,15.80,100.70,,1,Ceinture Reversible,79.00,ACC-200
#2894,emma.bernard71396@example.com,paid,2026-08-30 08:33:00 +0200,EUR,149.00,0.00,0.00,29.80,178.80,,1,Montre Quartz 34mm,149.00,WTC-011
#2895,hugo.lefebvre55@example.com,paid,2026-08-30 15:00:00 +0200,EUR,69.00,0.00,5.90,13.80,88.70,,1,Pochette Zippee,69.00,BAG-101
#2896,emma.bernard71396@example.com,paid,2026-08-30 20:07:00 +0200,EUR,35.10,3.90,5.90,7.02,48.02,,1,Porte-cartes,39.00,ACC-201
#2897,gabriel.leroy61241@example.com,paid,2026-08-31 18:32:00 +0200,EUR,134.10,14.90,0.00,26.82,160.92,,1,Montre Quartz 34mm,149.00,WTC-011
#2898,camille.martin12440@example.com,paid,2026-08-31 08:42:00 +0200,EUR,238.00,0.00,0.00,47.60,285.60,,1,Sac Bandouliere Cuir,189.00,BAG-100
#2898,,,,,,,,,,,1,Bracelet Acier Noir,49.00,BRW-001
#2899,theo.durand53818@example.com,paid,2026-08-31 08:31:00 +0200,EUR,289.00,0.00,0.00,57.80,346.80,,1,Montre Automatique 38mm,289.00,WTC-010
#2900,lucas.martin10842@example.com,paid,2026-08-31 17:35:00 +0200,EUR,289.00,0.00,0.00,57.80,346.80,,1,Montre Automatique 38mm,289.00,WTC-010
#2901,emma.moreau73840@example.com,paid,2026-08-31 10:03:00 +0200,EUR,149.00,0.00,0.00,29.80,178.80,,1,Montre Quartz 34mm,149.00,WTC-011
#2902,paul.laurent48349@example.com,paid,2026-08-31 10:36:00 +0200,EUR,39.00,0.00,5.90,7.80,52.70,,1,Porte-cartes,39.00,ACC-201
#2903,jade.thomas36075@example.com,refunded,2026-08-31 22:51:00 +0200,EUR,134.10,14.90,0.00,26.82,160.92,70.62,1,Montre Quartz 34mm,149.00,WTC-011
#2904,jade.laurent60872@example.com,paid,2026-08-31 15:02:00 +0200,EUR,79.00,0.00,5.90,15.80,100.70,,1,Ceinture Reversible,79.00,ACC-200
#2905,paul.simon61329@example.com,paid,2026-08-31 22:37:00 +0200,EUR,347.00,0.00,0.00,69.40,416.40,,1,Bracelet Acier Noir,49.00,BRW-001
#2905,,,,,,,,,,,2,Montre Quartz 34mm,149.00,WTC-011
#2906,ines.thomas61788@example.com,paid,2026-08-31 11:02:00 +0200,EUR,44.10,4.90,5.90,8.82,58.82,,1,Bracelet Acier Noir,49.00,BRW-001
#2907,louis.simon22275@example.com,paid,2026-08-31 18:38:00 +0200,EUR,289.00,0.00,0.00,57.80,346.80,,1,Montre Automatique 38mm,289.00,WTC-010
#2908,sarah.bernard68195@example.com,paid,2026-08-31 18:35:00 +0200,EUR,457.00,0.00,0.00,91.40,548.40,,1,Ceinture Reversible,79.00,ACC-200
#2908,,,,,,,,,,,2,Sac Bandouliere Cuir,189.00,BAG-100
#2909,lucas.petit32@example.com,paid,2026-08-31 18:10:00 +0200,EUR,260.10,28.90,0.00,52.02,312.12,,1,Montre Automatique 38mm,289.00,WTC-010
#2910,chloe.garcia14321@example.com,paid,2026-08-31 15:53:00 +0200,EUR,44.10,4.90,5.90,8.82,58.82,,1,Bracelet Acier Noir,49.00,BRW-001
#2911,theo.petit92918@example.com,paid,2026-08-31 13:07:00 +0200,EUR,227.00,0.00,0.00,45.40,272.40,,1,Pochette Zippee,69.00,BAG-101
#2911,,,,,,,,,,,2,Ceinture Reversible,79.00,ACC-200
#2912,emma.simon6017@example.com,paid,2026-08-31 12:18:00 +0200,EUR,268.00,0.00,0.00,53.60,321.60,,1,Sac Bandouliere Cuir,189.00,BAG-100
#2912,,,,,,,,,,,1,Ceinture Reversible,79.00,ACC-200
#2913,sarah.garcia41708@example.com,paid,2026-08-31 14:42:00 +0200,EUR,71.10,7.90,5.90,14.22,91.22,,1,Ceinture Reversible,79.00,ACC-200
#2914,gabriel.lefebvre94183@example.com,paid,2026-08-31 13:40:00 +0200,EUR,118.00,0.00,0.00,23.60,141.60,,2,Bracelet Cuir Camel,59.00,BRW-002
#2915,chloe.lefebvre17139@example.com,paid,2026-08-31 11:06:00 +0200,EUR,289.00,0.00,0.00,57.80,346.80,,1,Montre Automatique 38mm,289.00,WTC-010
#2916,hugo.simon74150@example.com,paid,2026-08-31 22:16:00 +0200,EUR,49.00,0.00,5.90,9.80,64.70,,1,Bracelet Acier Noir,49.00,BRW-001
#2917,manon.garcia95828@example.com,paid,2026-08-31 19:49:00 +0200,EUR,149.00,0.00,0.00,29.80,178.80,,1,Montre Quartz 34mm,149.00,WTC-011
#2918,camille.robert53341@example.com,paid,2026-08-31 11:36:00 +0200,EUR,228.00,0.00,0.00,45.60,273.60,,1,Ceinture Reversible,79.00,ACC-200
#2918,,,,,,,,,,,1,Montre Quartz 34mm,149.00,WTC-011
#2919,theo.martin7277@example.com,paid,2026-08-31 16:13:00 +0200,EUR,69.00,0.00,5.90,13.80,88.70,,1,Pochette Zippee,69.00,BAG-101
#2920,chloe.bernard56259@example.com,paid,2026-08-31 20:45:00 +0200,EUR,195.30,21.70,0.00,39.06,234.36,,1,Ceinture Reversible,79.00,ACC-200
#2920,,,,,,,,,,,2,Pochette Zippee,69.00,BAG-101
#2921,lea.garcia64320@example.com,paid,2026-08-31 21:52:00 +0200,EUR,88.20,9.80,0.00,17.64,105.84,,1,Porte-cartes,39.00,ACC-201
#2921,,,,,,,,,,,1,Bracelet Cuir Camel,59.00,BRW-002
#2922,arthur.robert44822@example.com,paid,2026-08-31 14:33:00 +0200,EUR,187.20,20.80,0.00,37.44,224.64,,1,Bracelet Cuir Camel,59.00,BRW-002
#2922,,,,,,,,,,,1,Montre Quartz 34mm,149.00,WTC-011
#2923,gabriel.robert70462@example.com,paid,2026-08-31 10:04:00 +0200,EUR,39.00,0.00,5.90,7.80,52.70,,1,Porte-cartes,39.00,ACC-201
#2924,arthur.simon85544@example.com,paid,2026-08-31 16:40:00 +0200,EUR,69.00,0.00,5.90,13.80,88.70,,1,Pochette Zippee,69.00,BAG-101
#2925,lea.martin68@example.com,paid,2026-08-31 09:35:00 +0200,EUR,304.20,33.80,0.00,60.84,365.04,,1,Sac Bandouliere Cuir,189.00,BAG-100
#2925,,,,,,,,,,,1,Montre Quartz 34mm,149.00,WTC-011
#2926,chloe.thomas31373@example.com,paid,2026-08-31 14:21:00 +0200,EUR,189.00,0.00,0.00,37.80,226.80,,1,Sac Bandouliere Cuir,189.00,BAG-100
#2927,jade.thomas95411@example.com,paid,2026-09-01 09:07:00 +0200,EUR,78.00,0.00,5.90,15.60,99.50,,2,Porte-cartes,39.00,ACC-201
#2928,jade.laurent66390@example.com,paid,2026-09-01 10:08:00 +0200,EUR,53.10,5.90,5.90,10.62,69.62,,1,Bracelet Cuir Camel,59.00,BRW-002
#2929,arthur.simon65634@example.com,paid,2026-09-01 19:38:00 +0200,EUR,587.00,0.00,0.00,117.40,704.40,,2,Montre Quartz 34mm,149.00,WTC-011
#2929,,,,,,,,,,,1,Montre Automatique 38mm,289.00,WTC-010
#2930,hugo.durand53756@example.com,paid,2026-09-01 18:32:00 +0200,EUR,59.00,0.00,5.90,11.80,76.70,,1,Bracelet Cuir Camel,59.00,BRW-002
#2931,lea.dubois16@example.com,refunded,2026-09-01 15:33:00 +0200,EUR,98.00,0.00,0.00,19.60,117.60,53.83,2,Bracelet Acier Noir,49.00,BRW-001
#2932,camille.martin12440@example.com,paid,2026-09-01 16:30:00 +0200,EUR,298.00,0.00,0.00,59.60,357.60,,2,Montre Quartz 34mm,149.00,WTC-011
#2933,manon.moreau5539@example.com,paid,2026-09-01 17:56:00 +0200,EUR,69.00,0.00,5.90,13.80,88.70,,1,Pochette Zippee,69.00,BAG-101
#2934,theo.petit66806@example.com,paid,2026-09-01 22:58:00 +0200,EUR,69.00,0.00,5.90,13.80,88.70,,1,Pochette Zippee,69.00,BAG-101
#2935,arthur.moreau17950@example.com,paid,2026-09-01 20:39:00 +0200,EUR,149.00,0.00,0.00,29.80,178.80,,1,Montre Quartz 34mm,149.00,WTC-011
#2936,manon.martin90778@example.com,paid,2026-09-01 21:46:00 +0200,EUR,62.10,6.90,5.90,12.42,80.42,,1,Pochette Zippee,69.00,BAG-101
#2937,camille.simon35157@example.com,paid,2026-09-01 10:56:00 +0200,EUR,62.10,6.90,5.90,12.42,80.42,,1,Pochette Zippee,69.00,BAG-101
#2938,lucas.durand78249@example.com,paid,2026-09-01 13:12:00 +0200,EUR,79.00,0.00,5.90,15.80,100.70,,1,Ceinture Reversible,79.00,ACC-200
#2939,jade.lefebvre69111@example.com,paid,2026-09-01 18:39:00 +0200,EUR,227.00,0.00,0.00,45.40,272.40,,1,Montre Quartz 34mm,149.00,WTC-011
#2939,,,,,,,,,,,2,Porte-cartes,39.00,ACC-201
#2940,nathan.robert45225@example.com,paid,2026-09-01 11:34:00 +0200,EUR,149.00,0.00,0.00,29.80,178.80,,1,Montre Quartz 34mm,149.00,WTC-011
#2941,louis.robert49814@example.com,paid,2026-09-01 12:08:00 +0200,EUR,108.00,0.00,0.00,21.60,129.60,,1,Pochette Zippee,69.00,BAG-101
#2941,,,,,,,,,,,1,Porte-cartes,39.00,ACC-201
#2942,gabriel.petit18594@example.com,paid,2026-09-01 15:14:00 +0200,EUR,289.00,0.00,0.00,57.80,346.80,,1,Montre Automatique 38mm,289.00,WTC-010
#2943,hugo.michel91517@example.com,paid,2026-09-01 19:02:00 +0200,EUR,289.00,0.00,0.00,57.80,346.80,,1,Montre Automatique 38mm,289.00,WTC-010
#2944,sarah.thomas31850@example.com,paid,2026-09-01 22:27:00 +0200,EUR,189.00,0.00,0.00,37.80,226.80,,1,Sac Bandouliere Cuir,189.00,BAG-100
#2945,lea.petit12008@example.com,paid,2026-09-01 20:08:00 +0200,EUR,79.00,0.00,5.90,15.80,100.70,,1,Ceinture Reversible,79.00,ACC-200
#2946,manon.moreau53517@example.com,paid,2026-09-01 18:20:00 +0200,EUR,289.00,0.00,0.00,57.80,346.80,,1,Montre Automatique 38mm,289.00,WTC-010
#2947,gabriel.petit72@example.com,paid,2026-09-01 10:50:00 +0200,EUR,39.00,0.00,5.90,7.80,52.70,,1,Porte-cartes,39.00,ACC-201
#2948,emma.dubois65448@example.com,paid,2026-09-01 21:35:00 +0200,EUR,149.00,0.00,0.00,29.80,178.80,,1,Montre Quartz 34mm,149.00,WTC-011
#2949,manon.robert54508@example.com,paid,2026-09-01 10:49:00 +0200,EUR,149.00,0.00,0.00,29.80,178.80,,1,Montre Quartz 34mm,149.00,WTC-011
#2950,jade.simon26940@example.com,paid,2026-09-01 12:50:00 +0200,EUR,340.20,37.80,0.00,68.04,408.24,,2,Sac Bandouliere Cuir,189.00,BAG-100
#2951,lea.garcia45762@example.com,paid,2026-09-01 16:52:00 +0200,EUR,70.20,7.80,5.90,14.04,90.14,,2,Porte-cartes,39.00,ACC-201
#2952,hugo.moreau60077@example.com,paid,2026-09-01 11:28:00 +0200,EUR,49.00,0.00,5.90,9.80,64.70,,1,Bracelet Acier Noir,49.00,BRW-001
#2953,ines.thomas19208@example.com,paid,2026-09-01 10:29:00 +0200,EUR,430.20,47.80,0.00,86.04,516.24,,1,Sac Bandouliere Cuir,189.00,BAG-100
#2953,,,,,,,,,,,1,Montre Automatique 38mm,289.00,WTC-010
#2954,louis.lefebvre1785@example.com,paid,2026-09-01 13:52:00 +0200,EUR,88.20,9.80,0.00,17.64,105.84,,2,Bracelet Acier Noir,49.00,BRW-001
#2955,nathan.garcia5283@example.com,paid,2026-09-01 08:42:00 +0200,EUR,69.00,0.00,5.90,13.80,88.70,,1,Pochette Zippee,69.00,BAG-101
#2956,louis.moreau87674@example.com,paid,2026-09-01 08:53:00 +0200,EUR,79.00,0.00,5.90,15.80,100.70,,1,Ceinture Reversible,79.00,ACC-200
#2957,lucas.lefebvre70561@example.com,refunded,2026-09-01 14:36:00 +0200,EUR,79.00,0.00,5.90,15.80,100.70,50.44,1,Ceinture Reversible,79.00,ACC-200
#2958,paul.lefebvre8256@example.com,paid,2026-09-02 14:51:00 +0200,EUR,260.10,28.90,0.00,52.02,312.12,,1,Montre Automatique 38mm,289.00,WTC-010
#2959,jade.michel36113@example.com,paid,2026-09-02 19:26:00 +0200,EUR,69.00,0.00,5.90,13.80,88.70,,1,Pochette Zippee,69.00,BAG-101
#2960,hugo.martin99557@example.com,paid,2026-09-02 09:25:00 +0200,EUR,338.00,0.00,0.00,67.60,405.60,,1,Sac Bandouliere Cuir,189.00,BAG-100
#2960,,,,,,,,,,,1,Montre Quartz 34mm,149.00,WTC-011
#2961,paul.garcia15365@example.com,paid,2026-09-02 21:28:00 +0200,EUR,69.00,0.00,5.90,13.80,88.70,,1,Pochette Zippee,69.00,BAG-101
#2962,ines.durand57562@example.com,paid,2026-09-02 10:56:00 +0200,EUR,69.00,0.00,5.90,13.80,88.70,,1,Pochette Zippee,69.00,BAG-101
#2963,paul.leroy6959@example.com,paid,2026-09-02 10:35:00 +0200,EUR,59.00,0.00,5.90,11.80,76.70,,1,Bracelet Cuir Camel,59.00,BRW-002
#2964,manon.dubois99561@example.com,paid,2026-09-02 13:39:00 +0200,EUR,478.00,0.00,0.00,95.60,573.60,,1,Montre Automatique 38mm,289.00,WTC-010
#2964,,,,,,,,,,,1,Sac Bandouliere Cuir,189.00,BAG-100
#2965,lucas.bernard97039@example.com,paid,2026-09-02 21:59:00 +0200,EUR,727.00,0.00,0.00,145.40,872.40,,2,Montre Automatique 38mm,289.00,WTC-010
#2965,,,,,,,,,,,1,Montre Quartz 34mm,149.00,WTC-011
#2966,hugo.garcia81048@example.com,paid,2026-09-02 17:04:00 +0200,EUR,35.10,3.90,5.90,7.02,48.02,,1,Porte-cartes,39.00,ACC-201
#2967,chloe.bernard28@example.com,paid,2026-09-02 08:22:00 +0200,EUR,134.10,14.90,0.00,26.82,160.92,,1,Montre Quartz 34mm,149.00,WTC-011
#2968,theo.garcia11554@example.com,paid,2026-09-02 12:48:00 +0200,EUR,690.30,76.70,0.00,138.06,828.36,,2,Montre Automatique 38mm,289.00,WTC-010
#2968,,,,,,,,,,,1,Sac Bandouliere Cuir,189.00,BAG-100
#2969,camille.bernard69119@example.com,paid,2026-09-02 17:08:00 +0200,EUR,289.00,0.00,0.00,57.80,346.80,,1,Montre Automatique 38mm,289.00,WTC-010
#2970,lea.lefebvre78460@example.com,paid,2026-09-02 19:32:00 +0200,EUR,149.00,0.00,0.00,29.80,178.80,,1,Montre Quartz 34mm,149.00,WTC-011
#2971,emma.thomas71022@example.com,paid,2026-09-02 22:28:00 +0200,EUR,157.00,0.00,0.00,31.40,188.40,,1,Porte-cartes,39.00,ACC-201
#2971,,,,,,,,,,,2,Bracelet Cuir Camel,59.00,BRW-002
#2972,theo.laurent2433@example.com,paid,2026-09-02 12:31:00 +0200,EUR,118.00,0.00,0.00,23.60,141.60,,1,Pochette Zippee,69.00,BAG-101
#2972,,,,,,,,,,,1,Bracelet Acier Noir,49.00,BRW-001
#2973,arthur.petit30@example.com,paid,2026-09-02 12:02:00 +0200,EUR,138.00,0.00,0.00,27.60,165.60,,1,Ceinture Reversible,79.00,ACC-200
#2973,,,,,,,,,,,1,Bracelet Cuir Camel,59.00,BRW-002
#2974,gabriel.petit41948@example.com,paid,2026-09-02 19:15:00 +0200,EUR,134.10,14.90,0.00,26.82,160.92,,1,Montre Quartz 34mm,149.00,WTC-011
#2975,chloe.laurent87827@example.com,paid,2026-09-02 15:28:00 +0200,EUR,149.00,0.00,0.00,29.80,178.80,,1,Montre Quartz 34mm,149.00,WTC-011
#2976,camille.lefebvre45@example.com,paid,2026-09-02 08:51:00 +0200,EUR,49.00,0.00,5.90,9.80,64.70,,1,Bracelet Acier Noir,49.00,BRW-001
#2977,louis.robert56@example.com,paid,2026-09-02 10:31:00 +0200,EUR,189.00,0.00,0.00,37.80,226.80,,1,Sac Bandouliere Cuir,189.00,BAG-100
#2978,jade.laurent22@example.com,paid,2026-09-02 14:05:00 +0200,EUR,268.00,0.00,0.00,53.60,321.60,,1,Ceinture Reversible,79.00,ACC-200
#2978,,,,,,,,,,,1,Sac Bandouliere Cuir,189.00,BAG-100
#2979,manon.garcia15@example.com,paid,2026-09-02 11:29:00 +0200,EUR,240.30,26.70,0.00,48.06,288.36,,1,Sac Bandouliere Cuir,189.00,BAG-100
#2979,,,,,,,,,,,2,Porte-cartes,39.00,ACC-201
#2980,lucas.simon73@example.com,paid,2026-09-02 15:16:00 +0200,EUR,49.00,0.00,5.90,9.80,64.70,,1,Bracelet Acier Noir,49.00,BRW-001
#2981,louis.durand10132@example.com,paid,2026-09-02 22:18:00 +0200,EUR,59.00,0.00,5.90,11.80,76.70,,1,Bracelet Cuir Camel,59.00,BRW-002
#2982,lucas.thomas72246@example.com,paid,2026-09-02 22:31:00 +0200,EUR,106.20,11.80,0.00,21.24,127.44,,1,Pochette Zippee,69.00,BAG-101
#2982,,,,,,,,,,,1,Bracelet Acier Noir,49.00,BRW-001
#2983,hugo.durand24004@example.com,paid,2026-09-02 11:15:00 +0200,EUR,438.00,0.00,0.00,87.60,525.60,,1,Montre Quartz 34mm,149.00,WTC-011
#2983,,,,,,,,,,,1,Montre Automatique 38mm,289.00,WTC-010
#2984,ines.martin53@example.com,paid,2026-09-02 09:05:00 +0200,EUR,170.10,18.90,0.00,34.02,204.12,,1,Sac Bandouliere Cuir,189.00,BAG-100
#2985,arthur.simon25207@example.com,paid,2026-09-02 18:28:00 +0200,EUR,118.00,0.00,0.00,23.60,141.60,,1,Porte-cartes,39.00,ACC-201
#2985,,,,,,,,,,,1,Ceinture Reversible,79.00,ACC-200
#2986,paul.thomas16@example.com,paid,2026-09-02 17:43:00 +0200,EUR,187.00,0.00,0.00,37.40,224.40,,1,Bracelet Acier Noir,49.00,BRW-001
#2986,,,,,,,,,,,2,Pochette Zippee,69.00,BAG-101
#2987,hugo.garcia4810@example.com,paid,2026-09-02 20:58:00 +0200,EUR,520.20,57.80,0.00,104.04,624.24,,2,Montre Automatique 38mm,289.00,WTC-010
#2988,nathan.bernard716@example.com,paid,2026-09-03 08:06:00 +0200,EUR,35.10,3.90,5.90,7.02,48.02,,1,Porte-cartes,39.00,ACC-201
#2989,chloe.robert91286@example.com,paid,2026-09-03 16:39:00 +0200,EUR,35.10,3.90,5.90,7.02,48.02,,1,Porte-cartes,39.00,ACC-201
#2990,arthur.martin45@example.com,paid,2026-09-03 18:34:00 +0200,EUR,268.00,0.00,0.00,53.60,321.60,,1,Sac Bandouliere Cuir,189.00,BAG-100
#2990,,,,,,,,,,,1,Ceinture Reversible,79.00,ACC-200
#2991,jade.martin28206@example.com,paid,2026-09-03 13:25:00 +0200,EUR,69.00,0.00,5.90,13.80,88.70,,1,Pochette Zippee,69.00,BAG-101
#2992,gabriel.thomas43304@example.com,paid,2026-09-03 18:46:00 +0200,EUR,59.00,0.00,5.90,11.80,76.70,,1,Bracelet Cuir Camel,59.00,BRW-002
#2993,emma.bernard9673@example.com,paid,2026-09-03 14:26:00 +0200,EUR,44.10,4.90,5.90,8.82,58.82,,1,Bracelet Acier Noir,49.00,BRW-001
#2994,gabriel.petit88597@example.com,paid,2026-09-03 08:24:00 +0200,EUR,62.10,6.90,5.90,12.42,80.42,,1,Pochette Zippee,69.00,BAG-101
#2995,jade.thomas93305@example.com,paid,2026-09-03 08:50:00 +0200,EUR,158.00,0.00,0.00,31.60,189.60,,2,Ceinture Reversible,79.00,ACC-200
#2996,hugo.martin80411@example.com,paid,2026-09-03 13:07:00 +0200,EUR,218.00,0.00,0.00,43.60,261.60,,1,Montre Quartz 34mm,149.00,WTC-011
#2996,,,,,,,,,,,1,Pochette Zippee,69.00,BAG-101
#2997,nathan.robert15091@example.com,paid,2026-09-03 15:42:00 +0200,EUR,44.10,4.90,5.90,8.82,58.82,,1,Bracelet Acier Noir,49.00,BRW-001
#2998,lucas.leroy90312@example.com,paid,2026-09-03 21:42:00 +0200,EUR,35.10,3.90,5.90,7.02,48.02,,1,Porte-cartes,39.00,ACC-201
#2999,manon.dubois31@example.com,paid,2026-09-03 13:13:00 +0200,EUR,149.00,0.00,0.00,29.80,178.80,,1,Montre Quartz 34mm,149.00,WTC-011
#3000,emma.laurent96285@example.com,paid,2026-09-03 15:10:00 +0200,EUR,59.00,0.00,5.90,11.80,76.70,,1,Bracelet Cuir Camel,59.00,BRW-002
#3001,louis.simon38332@example.com,paid,2026-09-03 19:36:00 +0200,EUR,138.00,0.00,0.00,27.60,165.60,,1,Ceinture Reversible,79.00,ACC-200
#3001,,,,,,,,,,,1,Bracelet Cuir Camel,59.00,BRW-002
#3002,theo.simon36076@example.com,paid,2026-09-03 20:49:00 +0200,EUR,53.10,5.90,5.90,10.62,69.62,,1,Bracelet Cuir Camel,59.00,BRW-002
#3003,ines.moreau56152@example.com,paid,2026-09-03 13:29:00 +0200,EUR,97.20,10.80,0.00,19.44,116.64,,1,Porte-cartes,39.00,ACC-201
#3003,,,,,,,,,,,1,Pochette Zippee,69.00,BAG-101
#3004,paul.moreau15662@example.com,paid,2026-09-03 21:21:00 +0200,EUR,106.20,11.80,0.00,21.24,127.44,,1,Pochette Zippee,69.00,BAG-101
#3004,,,,,,,,,,,1,Bracelet Acier Noir,49.00,BRW-001
#3005,theo.thomas76128@example.com,paid,2026-09-03 22:34:00 +0200,EUR,118.00,0.00,0.00,23.60,141.60,,1,Bracelet Acier Noir,49.00,BRW-001
#3005,,,,,,,,,,,1,Pochette Zippee,69.00,BAG-101
#3006,arthur.michel86046@example.com,paid,2026-09-03 11:12:00 +0200,EUR,71.10,7.90,5.90,14.22,91.22,,1,Ceinture Reversible,79.00,ACC-200
#3007,lucas.thomas10528@example.com,paid,2026-09-03 18:51:00 +0200,EUR,148.00,0.00,0.00,29.60,177.60,,1,Ceinture Reversible,79.00,ACC-200
#3007,,,,,,,,,,,1,Pochette Zippee,69.00,BAG-101
#3008,lucas.durand74988@example.com,paid,2026-09-03 10:12:00 +0200,EUR,98.00,0.00,0.00,19.60,117.60,,2,Bracelet Acier Noir,49.00,BRW-001
#3009,louis.simon28492@example.com,paid,2026-09-03 13:50:00 +0200,EUR,267.00,0.00,0.00,53.40,320.40,,1,Sac Bandouliere Cuir,189.00,BAG-100
#3009,,,,,,,,,,,2,Porte-cartes,39.00,ACC-201
#3010,sarah.laurent7798@example.com,paid,2026-09-03 20:00:00 +0200,EUR,49.00,0.00,5.90,9.80,64.70,,1,Bracelet Acier Noir,49.00,BRW-001
#3011,louis.thomas87360@example.com,paid,2026-09-03 20:55:00 +0200,EUR,170.10,18.90,0.00,34.02,204.12,,1,Sac Bandouliere Cuir,189.00,BAG-100
#3012,manon.bernard23059@example.com,paid,2026-09-03 16:10:00 +0200,EUR,169.20,18.80,0.00,33.84,203.04,,1,Porte-cartes,39.00,ACC-201
#3012,,,,,,,,,,,1,Montre Quartz 34mm,149.00,WTC-011
#3013,manon.dubois41047@example.com,paid,2026-09-03 16:05:00 +0200,EUR,248.00,0.00,0.00,49.60,297.60,,1,Sac Bandouliere Cuir,189.00,BAG-100
#3013,,,,,,,,,,,1,Bracelet Cuir Camel,59.00,BRW-002
#3014,lea.bernard31356@example.com,paid,2026-09-03 14:05:00 +0200,EUR,49.00,0.00,5.90,9.80,64.70,,1,Bracelet Acier Noir,49.00,BRW-001
#3015,emma.robert56116@example.com,refunded,2026-09-03 16:14:00 +0200,EUR,59.00,0.00,5.90,11.80,76.70,39.1,1,Bracelet Cuir Camel,59.00,BRW-002
#3016,lucas.robert51141@example.com,paid,2026-09-04 20:40:00 +0200,EUR,134.10,14.90,0.00,26.82,160.92,,1,Montre Quartz 34mm,149.00,WTC-011
#3017,manon.robert81732@example.com,paid,2026-09-04 12:44:00 +0200,EUR,170.10,18.90,0.00,34.02,204.12,,1,Sac Bandouliere Cuir,189.00,BAG-100
#3018,emma.lefebvre71@example.com,paid,2026-09-04 17:03:00 +0200,EUR,378.00,0.00,0.00,75.60,453.60,,2,Sac Bandouliere Cuir,189.00,BAG-100
#3019,lucas.dubois2725@example.com,paid,2026-09-04 09:19:00 +0200,EUR,276.30,30.70,0.00,55.26,331.56,,2,Bracelet Cuir Camel,59.00,BRW-002
#3019,,,,,,,,,,,1,Sac Bandouliere Cuir,189.00,BAG-100
#3020,manon.leroy89033@example.com,paid,2026-09-04 08:58:00 +0200,EUR,69.00,0.00,5.90,13.80,88.70,,1,Pochette Zippee,69.00,BAG-101
#3021,sarah.garcia58514@example.com,paid,2026-09-04 22:35:00 +0200,EUR,189.00,0.00,0.00,37.80,226.80,,1,Sac Bandouliere Cuir,189.00,BAG-100
#3022,manon.bernard88655@example.com,paid,2026-09-04 18:41:00 +0200,EUR,189.00,0.00,0.00,37.80,226.80,,1,Sac Bandouliere Cuir,189.00,BAG-100
#3023,lucas.durand37514@example.com,paid,2026-09-04 10:50:00 +0200,EUR,228.00,0.00,0.00,45.60,273.60,,1,Ceinture Reversible,79.00,ACC-200
#3023,,,,,,,,,,,1,Montre Quartz 34mm,149.00,WTC-011
#3024,nathan.leroy94673@example.com,paid,2026-09-04 12:17:00 +0200,EUR,289.00,0.00,0.00,57.80,346.80,,1,Montre Automatique 38mm,289.00,WTC-010
#3025,gabriel.garcia76583@example.com,paid,2026-09-04 20:34:00 +0200,EUR,69.00,0.00,5.90,13.80,88.70,,1,Pochette Zippee,69.00,BAG-101
#3026,camille.durand91042@example.com,paid,2026-09-04 17:25:00 +0200,EUR,39.00,0.00,5.90,7.80,52.70,,1,Porte-cartes,39.00,ACC-201
#3027,emma.lefebvre52227@example.com,paid,2026-09-04 16:34:00 +0200,EUR,378.00,0.00,0.00,75.60,453.60,,2,Sac Bandouliere Cuir,189.00,BAG-100
#3028,louis.dubois4060@example.com,paid,2026-09-04 16:05:00 +0200,EUR,49.00,0.00,5.90,9.80,64.70,,1,Bracelet Acier Noir,49.00,BRW-001
#3029,ines.laurent99285@example.com,paid,2026-09-04 22:01:00 +0200,EUR,69.00,0.00,5.90,13.80,88.70,,1,Pochette Zippee,69.00,BAG-101
#3030,ines.lefebvre27922@example.com,paid,2026-09-04 09:11:00 +0200,EUR,289.00,0.00,0.00,57.80,346.80,,1,Montre Automatique 38mm,289.00,WTC-010
#3031,theo.moreau90481@example.com,paid,2026-09-04 10:13:00 +0200,EUR,189.00,0.00,0.00,37.80,226.80,,1,Sac Bandouliere Cuir,189.00,BAG-100
#3032,camille.petit87705@example.com,paid,2026-09-04 10:06:00 +0200,EUR,69.00,0.00,5.90,13.80,88.70,,1,Pochette Zippee,69.00,BAG-101
#3033,lucas.petit39398@example.com,paid,2026-09-04 21:04:00 +0200,EUR,49.00,0.00,5.90,9.80,64.70,,1,Bracelet Acier Noir,49.00,BRW-001
#3034,nathan.lefebvre47621@example.com,paid,2026-09-04 19:42:00 +0200,EUR,69.00,0.00,5.90,13.80,88.70,,1,Pochette Zippee,69.00,BAG-101
#3035,lucas.lefebvre64938@example.com,paid,2026-09-04 13:49:00 +0200,EUR,378.00,0.00,0.00,75.60,453.60,,2,Sac Bandouliere Cuir,189.00,BAG-100
#3036,theo.petit24970@example.com,paid,2026-09-04 22:54:00 +0200,EUR,149.00,0.00,0.00,29.80,178.80,,1,Montre Quartz 34mm,149.00,WTC-011
#3037,hugo.bernard92074@example.com,paid,2026-09-04 10:16:00 +0200,EUR,189.00,0.00,0.00,37.80,226.80,,1,Sac Bandouliere Cuir,189.00,BAG-100
#3038,gabriel.durand84621@example.com,paid,2026-09-05 21:38:00 +0200,EUR,134.10,14.90,0.00,26.82,160.92,,1,Montre Quartz 34mm,149.00,WTC-011
#3039,louis.martin23108@example.com,paid,2026-09-05 10:27:00 +0200,EUR,138.00,0.00,0.00,27.60,165.60,,1,Bracelet Cuir Camel,59.00,BRW-002
#3039,,,,,,,,,,,1,Ceinture Reversible,79.00,ACC-200
#3040,gabriel.martin70601@example.com,paid,2026-09-05 20:08:00 +0200,EUR,378.00,0.00,0.00,75.60,453.60,,2,Sac Bandouliere Cuir,189.00,BAG-100
#3041,lucas.moreau17@example.com,paid,2026-09-05 12:59:00 +0200,EUR,189.00,0.00,0.00,37.80,226.80,,1,Sac Bandouliere Cuir,189.00,BAG-100
#3042,manon.petit74@example.com,paid,2026-09-05 16:02:00 +0200,EUR,44.10,4.90,5.90,8.82,58.82,,1,Bracelet Acier Noir,49.00,BRW-001
#3043,sarah.michel68812@example.com,paid,2026-09-05 21:41:00 +0200,EUR,289.00,0.00,0.00,57.80,346.80,,1,Montre Automatique 38mm,289.00,WTC-010
#3044,hugo.michel99@example.com,paid,2026-09-05 11:36:00 +0200,EUR,128.00,0.00,0.00,25.60,153.60,,1,Ceinture Reversible,79.00,ACC-200
#3044,,,,,,,,,,,1,Bracelet Acier Noir,49.00,BRW-001
#3045,ines.leroy2237@example.com,paid,2026-09-05 15:07:00 +0200,EUR,187.00,0.00,0.00,37.40,224.40,,2,Bracelet Cuir Camel,59.00,BRW-002
#3045,,,,,,,,,,,1,Pochette Zippee,69.00,BAG-101
#3046,theo.robert85828@example.com,paid,2026-09-05 09:42:00 +0200,EUR,59.00,0.00,5.90,11.80,76.70,,1,Bracelet Cuir Camel,59.00,BRW-002
#3047,louis.dubois62946@example.com,paid,2026-09-05 17:46:00 +0200,EUR,189.00,0.00,0.00,37.80,226.80,,1,Sac Bandouliere Cuir,189.00,BAG-100
#3048,emma.garcia73140@example.com,paid,2026-09-05 17:23:00 +0200,EUR,79.00,0.00,5.90,15.80,100.70,,1,Ceinture Reversible,79.00,ACC-200
#3049,sarah.garcia58514@example.com,paid,2026-09-05 08:47:00 +0200,EUR,35.10,3.90,5.90,7.02,48.02,,1,Porte-cartes,39.00,ACC-201
#3050,ines.durand61427@example.com,paid,2026-09-05 18:30:00 +0200,EUR,115.20,12.80,0.00,23.04,138.24,,1,Pochette Zippee,69.00,BAG-101
#3050,,,,,,,,,,,1,Bracelet Cuir Camel,59.00,BRW-002
#3051,lucas.leroy90312@example.com,paid,2026-09-05 08:21:00 +0200,EUR,189.00,0.00,0.00,37.80,226.80,,1,Sac Bandouliere Cuir,189.00,BAG-100
#3052,camille.leroy49@example.com,paid,2026-09-05 09:55:00 +0200,EUR,39.00,0.00,5.90,7.80,52.70,,1,Porte-cartes,39.00,ACC-201
#3053,jade.robert37931@example.com,paid,2026-09-05 17:09:00 +0200,EUR,134.10,14.90,0.00,26.82,160.92,,1,Montre Quartz 34mm,149.00,WTC-011
#3054,nathan.dubois82336@example.com,paid,2026-09-05 17:42:00 +0200,EUR,49.00,0.00,5.90,9.80,64.70,,1,Bracelet Acier Noir,49.00,BRW-001
#3055,chloe.martin98@example.com,paid,2026-09-05 15:58:00 +0200,EUR,39.00,0.00,5.90,7.80,52.70,,1,Porte-cartes,39.00,ACC-201
#3056,hugo.michel66200@example.com,paid,2026-09-05 08:56:00 +0200,EUR,35.10,3.90,5.90,7.02,48.02,,1,Porte-cartes,39.00,ACC-201
#3057,emma.lefebvre52227@example.com,paid,2026-09-05 22:22:00 +0200,EUR,118.00,0.00,0.00,23.60,141.60,,1,Bracelet Acier Noir,49.00,BRW-001
#3057,,,,,,,,,,,1,Pochette Zippee,69.00,BAG-101
#3058,hugo.moreau31853@example.com,paid,2026-09-05 19:25:00 +0200,EUR,260.10,28.90,0.00,52.02,312.12,,1,Montre Automatique 38mm,289.00,WTC-010
#3059,lea.laurent34@example.com,paid,2026-09-05 20:06:00 +0200,EUR,69.00,0.00,5.90,13.80,88.70,,1,Pochette Zippee,69.00,BAG-101
#3060,arthur.simon65634@example.com,paid,2026-09-05 15:44:00 +0200,EUR,218.00,0.00,0.00,43.60,261.60,,1,Montre Quartz 34mm,149.00,WTC-011
#3060,,,,,,,,,,,1,Pochette Zippee,69.00,BAG-101
#3061,arthur.durand92@example.com,paid,2026-09-06 09:21:00 +0200,EUR,49.00,0.00,5.90,9.80,64.70,,1,Bracelet Acier Noir,49.00,BRW-001
#3062,ines.laurent15@example.com,paid,2026-09-06 10:14:00 +0200,EUR,53.10,5.90,5.90,10.62,69.62,,1,Bracelet Cuir Camel,59.00,BRW-002
#3063,gabriel.leroy74980@example.com,paid,2026-09-06 22:18:00 +0200,EUR,69.00,0.00,5.90,13.80,88.70,,1,Pochette Zippee,69.00,BAG-101
#3064,manon.robert54508@example.com,paid,2026-09-06 18:30:00 +0200,EUR,358.00,0.00,0.00,71.60,429.60,,1,Pochette Zippee,69.00,BAG-101
#3064,,,,,,,,,,,1,Montre Automatique 38mm,289.00,WTC-010
#3065,theo.michel61@example.com,paid,2026-09-06 18:05:00 +0200,EUR,313.20,34.80,0.00,62.64,375.84,,1,Montre Automatique 38mm,289.00,WTC-010
#3065,,,,,,,,,,,1,Bracelet Cuir Camel,59.00,BRW-002
#3066,ines.garcia61172@example.com,paid,2026-09-06 13:43:00 +0200,EUR,49.00,0.00,5.90,9.80,64.70,,1,Bracelet Acier Noir,49.00,BRW-001
#3067,jade.bernard3717@example.com,paid,2026-09-06 15:45:00 +0200,EUR,78.00,0.00,5.90,15.60,99.50,,2,Porte-cartes,39.00,ACC-201
#3068,lea.bernard45453@example.com,paid,2026-09-06 20:48:00 +0200,EUR,189.00,0.00,0.00,37.80,226.80,,1,Sac Bandouliere Cuir,189.00,BAG-100
#3069,arthur.petit39@example.com,paid,2026-09-06 09:10:00 +0200,EUR,128.00,0.00,0.00,25.60,153.60,,1,Ceinture Reversible,79.00,ACC-200
#3069,,,,,,,,,,,1,Bracelet Acier Noir,49.00,BRW-001
#3070,lea.bernard7210@example.com,paid,2026-09-06 20:55:00 +0200,EUR,53.10,5.90,5.90,10.62,69.62,,1,Bracelet Cuir Camel,59.00,BRW-002
#3071,gabriel.leroy61241@example.com,paid,2026-09-06 16:04:00 +0200,EUR,260.10,28.90,0.00,52.02,312.12,,1,Montre Automatique 38mm,289.00,WTC-010
#3072,gabriel.bernard75613@example.com,paid,2026-09-06 09:52:00 +0200,EUR,267.00,0.00,0.00,53.40,320.40,,2,Porte-cartes,39.00,ACC-201
#3072,,,,,,,,,,,1,Sac Bandouliere Cuir,189.00,BAG-100
#3073,lucas.martin75958@example.com,paid,2026-09-06 18:31:00 +0200,EUR,149.00,0.00,0.00,29.80,178.80,,1,Montre Quartz 34mm,149.00,WTC-011
#3074,paul.martin11719@example.com,paid,2026-09-06 08:44:00 +0200,EUR,79.00,0.00,5.90,15.80,100.70,,1,Ceinture Reversible,79.00,ACC-200
#3075,ines.leroy32294@example.com,paid,2026-09-06 22:10:00 +0200,EUR,328.00,0.00,0.00,65.60,393.60,,1,Porte-cartes,39.00,ACC-201
#3075,,,,,,,,,,,1,Montre Automatique 38mm,289.00,WTC-010
#3076,sarah.martin99716@example.com,paid,2026-09-06 18:28:00 +0200,EUR,578.00,0.00,0.00,115.60,693.60,,2,Montre Automatique 38mm,289.00,WTC-010
#3077,hugo.michel96327@example.com,paid,2026-09-06 08:31:00 +0200,EUR,149.00,0.00,0.00,29.80,178.80,,1,Montre Quartz 34mm,149.00,WTC-011
#3078,ines.dubois30274@example.com,paid,2026-09-06 10:42:00 +0200,EUR,49.00,0.00,5.90,9.80,64.70,,1,Bracelet Acier Noir,49.00,BRW-001
#3079,nathan.moreau47072@example.com,paid,2026-09-06 14:59:00 +0200,EUR,62.10,6.90,5.90,12.42,80.42,,1,Pochette Zippee,69.00,BAG-101
#3080,theo.martin80260@example.com,paid,2026-09-06 08:52:00 +0200,EUR,289.00,0.00,0.00,57.80,346.80,,1,Montre Automatique 38mm,289.00,WTC-010
#3081,paul.durand46386@example.com,paid,2026-09-06 13:36:00 +0200,EUR,71.10,7.90,5.90,14.22,91.22,,1,Ceinture Reversible,79.00,ACC-200
#3082,camille.simon18632@example.com,paid,2026-09-06 14:43:00 +0200,EUR,260.10,28.90,0.00,52.02,312.12,,1,Montre Automatique 38mm,289.00,WTC-010
#3083,paul.thomas16@example.com,paid,2026-09-06 10:13:00 +0200,EUR,39.00,0.00,5.90,7.80,52.70,,1,Porte-cartes,39.00,ACC-201
#3084,louis.moreau15817@example.com,paid,2026-09-06 14:56:00 +0200,EUR,338.00,0.00,0.00,67.60,405.60,,1,Montre Automatique 38mm,289.00,WTC-010
#3084,,,,,,,,,,,1,Bracelet Acier Noir,49.00,BRW-001
#3085,nathan.robert18443@example.com,paid,2026-09-06 20:22:00 +0200,EUR,478.00,0.00,0.00,95.60,573.60,,1,Sac Bandouliere Cuir,189.00,BAG-100
#3085,,,,,,,,,,,1,Montre Automatique 38mm,289.00,WTC-010
#3086,emma.robert57656@example.com,paid,2026-09-07 15:11:00 +0200,EUR,149.00,0.00,0.00,29.80,178.80,,1,Montre Quartz 34mm,149.00,WTC-011
#3087,camille.leroy55443@example.com,paid,2026-09-07 21:19:00 +0200,EUR,79.00,0.00,5.90,15.80,100.70,,1,Ceinture Reversible,79.00,ACC-200
#3088,sarah.robert54516@example.com,paid,2026-09-07 12:20:00 +0200,EUR,258.00,0.00,0.00,51.60,309.60,,1,Pochette Zippee,69.00,BAG-101
#3088,,,,,,,,,,,1,Sac Bandouliere Cuir,189.00,BAG-100
#3089,paul.lefebvre10900@example.com,paid,2026-09-07 12:59:00 +0200,EUR,49.00,0.00,5.90,9.80,64.70,,1,Bracelet Acier Noir,49.00,BRW-001
#3090,louis.durand10132@example.com,paid,2026-09-07 15:40:00 +0200,EUR,378.00,0.00,0.00,75.60,453.60,,2,Sac Bandouliere Cuir,189.00,BAG-100
#3091,manon.thomas99099@example.com,paid,2026-09-07 17:54:00 +0200,EUR,187.00,0.00,0.00,37.40,224.40,,1,Bracelet Acier Noir,49.00,BRW-001
#3091,,,,,,,,,,,2,Pochette Zippee,69.00,BAG-101
#3092,camille.robert95901@example.com,paid,2026-09-07 18:58:00 +0200,EUR,97.20,10.80,0.00,19.44,116.64,,1,Porte-cartes,39.00,ACC-201
#3092,,,,,,,,,,,1,Pochette Zippee,69.00,BAG-101
#3093,camille.robert48550@example.com,paid,2026-09-07 08:52:00 +0200,EUR,39.00,0.00,5.90,7.80,52.70,,1,Porte-cartes,39.00,ACC-201
#3094,camille.laurent84926@example.com,paid,2026-09-07 09:42:00 +0200,EUR,59.00,0.00,5.90,11.80,76.70,,1,Bracelet Cuir Camel,59.00,BRW-002
#3095,lucas.lefebvre42@example.com,paid,2026-09-07 22:15:00 +0200,EUR,98.00,0.00,0.00,19.60,117.60,,2,Bracelet Acier Noir,49.00,BRW-001
#3096,sarah.lefebvre97477@example.com,paid,2026-09-07 10:45:00 +0200,EUR,118.00,0.00,0.00,23.60,141.60,,2,Bracelet Cuir Camel,59.00,BRW-002
#3097,sarah.laurent60@example.com,paid,2026-09-07 19:30:00 +0200,EUR,69.00,0.00,5.90,13.80,88.70,,1,Pochette Zippee,69.00,BAG-101
#3098,paul.martin39122@example.com,paid,2026-09-07 11:32:00 +0200,EUR,71.10,7.90,5.90,14.22,91.22,,1,Ceinture Reversible,79.00,ACC-200
#3099,gabriel.lefebvre32344@example.com,paid,2026-09-07 15:56:00 +0200,EUR,118.00,0.00,0.00,23.60,141.60,,1,Ceinture Reversible,79.00,ACC-200
#3099,,,,,,,,,,,1,Porte-cartes,39.00,ACC-201
#3100,gabriel.bernard88481@example.com,paid,2026-09-07 12:28:00 +0200,EUR,69.00,0.00,5.90,13.80,88.70,,1,Pochette Zippee,69.00,BAG-101
#3101,louis.petit19339@example.com,paid,2026-09-07 22:38:00 +0200,EUR,189.00,0.00,0.00,37.80,226.80,,1,Sac Bandouliere Cuir,189.00,BAG-100
#3102,ines.leroy32294@example.com,paid,2026-09-07 13:32:00 +0200,EUR,59.00,0.00,5.90,11.80,76.70,,1,Bracelet Cuir Camel,59.00,BRW-002
#3103,louis.robert14853@example.com,paid,2026-09-07 16:14:00 +0200,EUR,118.00,0.00,0.00,23.60,141.60,,2,Bracelet Cuir Camel,59.00,BRW-002
#3104,jade.laurent45302@example.com,paid,2026-09-07 11:01:00 +0200,EUR,59.00,0.00,5.90,11.80,76.70,,1,Bracelet Cuir Camel,59.00,BRW-002
#3105,lea.petit41727@example.com,paid,2026-09-07 17:12:00 +0200,EUR,169.20,18.80,0.00,33.84,203.04,,1,Porte-cartes,39.00,ACC-201
#3105,,,,,,,,,,,1,Montre Quartz 34mm,149.00,WTC-011
#3106,louis.simon64135@example.com,paid,2026-09-07 12:00:00 +0200,EUR,39.00,0.00,5.90,7.80,52.70,,1,Porte-cartes,39.00,ACC-201
#3107,paul.robert59@example.com,paid,2026-09-08 09:58:00 +0200,EUR,49.00,0.00,5.90,9.80,64.70,,1,Bracelet Acier Noir,49.00,BRW-001
#3108,camille.bernard48275@example.com,paid,2026-09-08 18:27:00 +0200,EUR,69.00,0.00,5.90,13.80,88.70,,1,Pochette Zippee,69.00,BAG-101
#3109,louis.robert49814@example.com,paid,2026-09-08 15:10:00 +0200,EUR,247.00,0.00,0.00,49.40,296.40,,1,Montre Quartz 34mm,149.00,WTC-011
#3109,,,,,,,,,,,2,Bracelet Acier Noir,49.00,BRW-001
#3110,hugo.bernard96625@example.com,refunded,2026-09-08 19:43:00 +0200,EUR,289.00,0.00,0.00,57.80,346.80,273.67,1,Montre Automatique 38mm,289.00,WTC-010
#3111,theo.moreau90481@example.com,paid,2026-09-08 09:53:00 +0200,EUR,578.00,0.00,0.00,115.60,693.60,,2,Montre Automatique 38mm,289.00,WTC-010
#3112,chloe.lefebvre94671@example.com,paid,2026-09-08 15:08:00 +0200,EUR,49.00,0.00,5.90,9.80,64.70,,1,Bracelet Acier Noir,49.00,BRW-001
#3113,lucas.lefebvre95660@example.com,paid,2026-09-08 16:53:00 +0200,EUR,78.00,0.00,5.90,15.60,99.50,,2,Porte-cartes,39.00,ACC-201
#3114,theo.thomas47066@example.com,paid,2026-09-08 13:02:00 +0200,EUR,69.00,0.00,5.90,13.80,88.70,,1,Pochette Zippee,69.00,BAG-101
#3115,louis.durand85208@example.com,paid,2026-09-08 16:01:00 +0200,EUR,289.00,0.00,0.00,57.80,346.80,,1,Montre Automatique 38mm,289.00,WTC-010
#3116,chloe.moreau61139@example.com,paid,2026-09-08 20:30:00 +0200,EUR,338.00,0.00,0.00,67.60,405.60,,1,Bracelet Acier Noir,49.00,BRW-001
#3116,,,,,,,,,,,1,Montre Automatique 38mm,289.00,WTC-010
#3117,gabriel.martin29@example.com,paid,2026-09-08 10:53:00 +0200,EUR,170.10,18.90,0.00,34.02,204.12,,1,Sac Bandouliere Cuir,189.00,BAG-100
#3118,manon.petit12927@example.com,paid,2026-09-08 21:23:00 +0200,EUR,39.00,0.00,5.90,7.80,52.70,,1,Porte-cartes,39.00,ACC-201
#3119,chloe.garcia14963@example.com,paid,2026-09-08 17:27:00 +0200,EUR,79.00,0.00,5.90,15.80,100.70,,1,Ceinture Reversible,79.00,ACC-200
#3120,jade.laurent45302@example.com,refunded,2026-09-08 12:31:00 +0200,EUR,79.00,0.00,5.90,15.80,100.70,71.3,1,Ceinture Reversible,79.00,ACC-200
#3121,gabriel.thomas11402@example.com,paid,2026-09-08 09:19:00 +0200,EUR,289.00,0.00,0.00,57.80,346.80,,1,Montre Automatique 38mm,289.00,WTC-010
#3122,lucas.thomas69@example.com,paid,2026-09-08 20:54:00 +0200,EUR,97.20,10.80,0.00,19.44,116.64,,1,Porte-cartes,39.00,ACC-201
#3122,,,,,,,,,,,1,Pochette Zippee,69.00,BAG-101
#3123,paul.thomas39962@example.com,paid,2026-09-08 18:20:00 +0200,EUR,108.00,0.00,0.00,21.60,129.60,,1,Porte-cartes,39.00,ACC-201
#3123,,,,,,,,,,,1,Pochette Zippee,69.00,BAG-101
#3124,gabriel.dubois53456@example.com,paid,2026-09-08 09:15:00 +0200,EUR,134.10,14.90,0.00,26.82,160.92,,1,Montre Quartz 34mm,149.00,WTC-011
#3125,paul.moreau26259@example.com,paid,2026-09-08 08:43:00 +0200,EUR,44.10,4.90,5.90,8.82,58.82,,1,Bracelet Acier Noir,49.00,BRW-001
#3126,theo.thomas69@example.com,paid,2026-09-08 16:26:00 +0200,EUR,307.00,0.00,0.00,61.40,368.40,,2,Ceinture Reversible,79.00,ACC-200
#3126,,,,,,,,,,,1,Montre Quartz 34mm,149.00,WTC-011
#3127,paul.lefebvre93799@example.com,paid,2026-09-08 22:24:00 +0200,EUR,378.00,0.00,0.00,75.60,453.60,,2,Sac Bandouliere Cuir,189.00,BAG-100
#3128,lea.garcia46@example.com,paid,2026-09-08 17:55:00 +0200,EUR,238.00,0.00,0.00,47.60,285.60,,1,Bracelet Acier Noir,49.00,BRW-001
#3128,,,,,,,,,,,1,Sac Bandouliere Cuir,189.00,BAG-100
#3129,ines.moreau72@example.com,paid,2026-09-08 13:47:00 +0200,EUR,289.00,0.00,0.00,57.80,346.80,,1,Montre Automatique 38mm,289.00,WTC-010
#3130,nathan.petit7@example.com,paid,2026-09-09 22:32:00 +0200,EUR,149.00,0.00,0.00,29.80,178.80,,1,Montre Quartz 34mm,149.00,WTC-011
#3131,jade.martin28206@example.com,paid,2026-09-09 09:08:00 +0200,EUR,228.00,0.00,0.00,45.60,273.60,,1,Porte-cartes,39.00,ACC-201
#3131,,,,,,,,,,,1,Sac Bandouliere Cuir,189.00,BAG-100
#3132,lea.martin2956@example.com,paid,2026-09-09 12:01:00 +0200,EUR,478.00,0.00,0.00,95.60,573.60,,1,Sac Bandouliere Cuir,189.00,BAG-100
#3132,,,,,,,,,,,1,Montre Automatique 38mm,289.00,WTC-010
#3133,theo.simon82842@example.com,paid,2026-09-09 20:46:00 +0200,EUR,35.10,3.90,5.90,7.02,48.02,,1,Porte-cartes,39.00,ACC-201
#3134,theo.thomas69@example.com,paid,2026-09-09 17:58:00 +0200,EUR,368.00,0.00,0.00,73.60,441.60,,1,Ceinture Reversible,79.00,ACC-200
#3134,,,,,,,,,,,1,Montre Automatique 38mm,289.00,WTC-010
#3135,camille.bernard6824@example.com,paid,2026-09-09 14:23:00 +0200,EUR,338.00,0.00,0.00,67.60,405.60,,1,Montre Automatique 38mm,289.00,WTC-010
#3135,,,,,,,,,,,1,Bracelet Acier Noir,49.00,BRW-001
#3136,ines.simon26044@example.com,paid,2026-09-09 21:27:00 +0200,EUR,79.00,0.00,5.90,15.80,100.70,,1,Ceinture Reversible,79.00,ACC-200
#3137,manon.bernard58804@example.com,refunded,2026-09-09 18:13:00 +0200,EUR,53.10,5.90,5.90,10.62,69.62,42.94,1,Bracelet Cuir Camel,59.00,BRW-002
#3138,lucas.leroy2672@example.com,paid,2026-09-09 08:47:00 +0200,EUR,53.10,5.90,5.90,10.62,69.62,,1,Bracelet Cuir Camel,59.00,BRW-002
#3139,manon.michel79544@example.com,paid,2026-09-09 16:04:00 +0200,EUR,88.00,0.00,0.00,17.60,105.60,,1,Bracelet Acier Noir,49.00,BRW-001
#3139,,,,,,,,,,,1,Porte-cartes,39.00,ACC-201
#3140,louis.martin94637@example.com,paid,2026-09-09 22:30:00 +0200,EUR,159.30,17.70,0.00,31.86,191.16,,1,Porte-cartes,39.00,ACC-201
#3140,,,,,,,,,,,2,Pochette Zippee,69.00,BAG-101
#3141,theo.simon82842@example.com,paid,2026-09-09 08:54:00 +0200,EUR,578.00,0.00,0.00,115.60,693.60,,2,Montre Automatique 38mm,289.00,WTC-010
#3142,nathan.leroy94673@example.com,paid,2026-09-09 19:06:00 +0200,EUR,79.00,0.00,5.90,15.80,100.70,,1,Ceinture Reversible,79.00,ACC-200
#3143,hugo.thomas29762@example.com,paid,2026-09-09 11:07:00 +0200,EUR,108.00,0.00,0.00,21.60,129.60,,1,Pochette Zippee,69.00,BAG-101
#3143,,,,,,,,,,,1,Porte-cartes,39.00,ACC-201
#3144,ines.martin73713@example.com,paid,2026-09-09 13:11:00 +0200,EUR,149.00,0.00,0.00,29.80,178.80,,1,Montre Quartz 34mm,149.00,WTC-011
#3145,lea.petit45094@example.com,paid,2026-09-09 22:39:00 +0200,EUR,49.00,0.00,5.90,9.80,64.70,,1,Bracelet Acier Noir,49.00,BRW-001
#3146,hugo.garcia85803@example.com,paid,2026-09-09 11:50:00 +0200,EUR,118.00,0.00,0.00,23.60,141.60,,2,Bracelet Cuir Camel,59.00,BRW-002
#3147,emma.thomas65@example.com,paid,2026-09-09 09:27:00 +0200,EUR,189.00,0.00,0.00,37.80,226.80,,1,Sac Bandouliere Cuir,189.00,BAG-100
#3148,manon.bernard88655@example.com,paid,2026-09-09 15:01:00 +0200,EUR,218.00,0.00,0.00,43.60,261.60,,1,Pochette Zippee,69.00,BAG-101
#3148,,,,,,,,,,,1,Montre Quartz 34mm,149.00,WTC-011
#3149,manon.leroy85112@example.com,paid,2026-09-09 19:51:00 +0200,EUR,240.30,26.70,0.00,48.06,288.36,,1,Montre Quartz 34mm,149.00,WTC-011
#3149,,,,,,,,,,,2,Bracelet Cuir Camel,59.00,BRW-002
#3150,theo.durand32184@example.com,paid,2026-09-09 19:42:00 +0200,EUR,328.00,0.00,0.00,65.60,393.60,,1,Porte-cartes,39.00,ACC-201
#3150,,,,,,,,,,,1,Montre Automatique 38mm,289.00,WTC-010
#3151,lucas.robert82453@example.com,paid,2026-09-10 17:37:00 +0200,EUR,218.00,0.00,0.00,43.60,261.60,,1,Pochette Zippee,69.00,BAG-101
#3151,,,,,,,,,,,1,Montre Quartz 34mm,149.00,WTC-011
#3152,jade.thomas41@example.com,paid,2026-09-10 14:26:00 +0200,EUR,170.10,18.90,0.00,34.02,204.12,,1,Sac Bandouliere Cuir,189.00,BAG-100
#3153,camille.robert9991@example.com,paid,2026-09-10 19:18:00 +0200,EUR,158.00,0.00,0.00,31.60,189.60,,2,Ceinture Reversible,79.00,ACC-200
#3154,manon.dubois28@example.com,paid,2026-09-10 08:09:00 +0200,EUR,128.00,0.00,0.00,25.60,153.60,,1,Ceinture Reversible,79.00,ACC-200
#3154,,,,,,,,,,,1,Bracelet Acier Noir,49.00,BRW-001
#3155,lea.petit59149@example.com,paid,2026-09-10 10:42:00 +0200,EUR,108.00,0.00,0.00,21.60,129.60,,1,Bracelet Acier Noir,49.00,BRW-001
#3155,,,,,,,,,,,1,Bracelet Cuir Camel,59.00,BRW-002
#3156,lea.robert22159@example.com,paid,2026-09-10 19:46:00 +0200,EUR,208.00,0.00,0.00,41.60,249.60,,1,Montre Quartz 34mm,149.00,WTC-011
#3156,,,,,,,,,,,1,Bracelet Cuir Camel,59.00,BRW-002
#3157,jade.michel27621@example.com,paid,2026-09-10 11:20:00 +0200,EUR,520.20,57.80,0.00,104.04,624.24,,2,Montre Automatique 38mm,289.00,WTC-010
#3158,sarah.moreau50603@example.com,paid,2026-09-10 08:12:00 +0200,EUR,170.10,18.90,0.00,34.02,204.12,,1,Sac Bandouliere Cuir,189.00,BAG-100
#3159,emma.garcia28453@example.com,paid,2026-09-10 09:12:00 +0200,EUR,59.00,0.00,5.90,11.80,76.70,,1,Bracelet Cuir Camel,59.00,BRW-002
#3160,louis.moreau14267@example.com,paid,2026-09-10 21:55:00 +0200,EUR,322.20,35.80,0.00,64.44,386.64,,1,Montre Automatique 38mm,289.00,WTC-010
#3160,,,,,,,,,,,1,Pochette Zippee,69.00,BAG-101
#3161,louis.petit34@example.com,paid,2026-09-10 19:42:00 +0200,EUR,149.00,0.00,0.00,29.80,178.80,,1,Montre Quartz 34mm,149.00,WTC-011
#3162,nathan.dubois63921@example.com,refunded,2026-09-10 21:03:00 +0200,EUR,39.00,0.00,5.90,7.80,52.70,38.07,1,Porte-cartes,39.00,ACC-201
#3163,manon.michel82800@example.com,paid,2026-09-10 15:47:00 +0200,EUR,617.00,0.00,0.00,123.40,740.40,,1,Porte-cartes,39.00,ACC-201
#3163,,,,,,,,,,,2,Montre Automatique 38mm,289.00,WTC-010
#3164,chloe.michel57868@example.com,paid,2026-09-10 16:08:00 +0200,EUR,39.00,0.00,5.90,7.80,52.70,,1,Porte-cartes,39.00,ACC-201
#3165,louis.lefebvre2557@example.com,paid,2026-09-10 15:39:00 +0200,EUR,438.00,0.00,0.00,87.60,525.60,,1,Montre Automatique 38mm,289.00,WTC-010
#3165,,,,,,,,,,,1,Montre Quartz 34mm,149.00,WTC-011
#3166,lucas.martin43937@example.com,paid,2026-09-10 22:13:00 +0200,EUR,35.10,3.90,5.90,7.02,48.02,,1,Porte-cartes,39.00,ACC-201
#3167,camille.petit42@example.com,paid,2026-09-10 18:40:00 +0200,EUR,49.00,0.00,5.90,9.80,64.70,,1,Bracelet Acier Noir,49.00,BRW-001
#3168,nathan.dubois8361@example.com,paid,2026-09-10 13:49:00 +0200,EUR,148.00,0.00,0.00,29.60,177.60,,1,Ceinture Reversible,79.00,ACC-200
#3168,,,,,,,,,,,1,Pochette Zippee,69.00,BAG-101
#3169,arthur.michel92114@example.com,paid,2026-09-10 09:26:00 +0200,EUR,438.00,0.00,0.00,87.60,525.60,,1,Montre Automatique 38mm,289.00,WTC-010
#3169,,,,,,,,,,,1,Montre Quartz 34mm,149.00,WTC-011
#3170,lea.simon4@example.com,paid,2026-09-10 19:34:00 +0200,EUR,138.00,0.00,0.00,27.60,165.60,,2,Pochette Zippee,69.00,BAG-101
#3171,hugo.martin47049@example.com,paid,2026-09-10 13:29:00 +0200,EUR,328.00,0.00,0.00,65.60,393.60,,1,Porte-cartes,39.00,ACC-201
#3171,,,,,,,,,,,1,Montre Automatique 38mm,289.00,WTC-010
#3172,chloe.durand74212@example.com,paid,2026-09-10 15:53:00 +0200,EUR,238.00,0.00,0.00,47.60,285.60,,1,Sac Bandouliere Cuir,189.00,BAG-100
#3172,,,,,,,,,,,1,Bracelet Acier Noir,49.00,BRW-001
#3173,nathan.robert45225@example.com,paid,2026-09-10 22:53:00 +0200,EUR,39.00,0.00,5.90,7.80,52.70,,1,Porte-cartes,39.00,ACC-201
#3174,nathan.bernard13493@example.com,paid,2026-09-10 21:17:00 +0200,EUR,289.00,0.00,0.00,57.80,346.80,,1,Montre Automatique 38mm,289.00,WTC-010
#3175,emma.dubois57906@example.com,paid,2026-09-11 21:06:00 +0200,EUR,289.00,0.00,0.00,57.80,346.80,,1,Montre Automatique 38mm,289.00,WTC-010
#3176,manon.dubois53@example.com,paid,2026-09-11 13:40:00 +0200,EUR,322.20,35.80,0.00,64.44,386.64,,1,Pochette Zippee,69.00,BAG-101
#3176,,,,,,,,,,,1,Montre Automatique 38mm,289.00,WTC-010
#3177,manon.bernard23059@example.com,paid,2026-09-11 18:40:00 +0200,EUR,289.00,0.00,0.00,57.80,346.80,,1,Montre Automatique 38mm,289.00,WTC-010
#3178,ines.lefebvre92084@example.com,paid,2026-09-11 20:34:00 +0200,EUR,118.00,0.00,0.00,23.60,141.60,,1,Ceinture Reversible,79.00,ACC-200
#3178,,,,,,,,,,,1,Porte-cartes,39.00,ACC-201
#3179,chloe.michel21@example.com,paid,2026-09-11 15:26:00 +0200,EUR,268.00,0.00,0.00,53.60,321.60,,1,Ceinture Reversible,79.00,ACC-200
#3179,,,,,,,,,,,1,Sac Bandouliere Cuir,189.00,BAG-100
#3180,emma.moreau82@example.com,paid,2026-09-11 13:26:00 +0200,EUR,53.10,5.90,5.90,10.62,69.62,,1,Bracelet Cuir Camel,59.00,BRW-002
#3181,nathan.robert12373@example.com,paid,2026-09-11 19:14:00 +0200,EUR,79.00,0.00,5.90,15.80,100.70,,1,Ceinture Reversible,79.00,ACC-200
#3182,gabriel.durand67865@example.com,paid,2026-09-11 22:07:00 +0200,EUR,49.00,0.00,5.90,9.80,64.70,,1,Bracelet Acier Noir,49.00,BRW-001
#3183,theo.moreau31514@example.com,paid,2026-09-11 10:53:00 +0200,EUR,44.10,4.90,5.90,8.82,58.82,,1,Bracelet Acier Noir,49.00,BRW-001
#3184,nathan.moreau81129@example.com,paid,2026-09-11 17:38:00 +0200,EUR,298.00,0.00,0.00,59.60,357.60,,2,Montre Quartz 34mm,149.00,WTC-011
#3185,chloe.robert91286@example.com,paid,2026-09-11 08:47:00 +0200,EUR,134.10,14.90,0.00,26.82,160.92,,1,Montre Quartz 34mm,149.00,WTC-011
#3186,hugo.bernard40862@example.com,paid,2026-09-11 08:04:00 +0200,EUR,218.00,0.00,0.00,43.60,261.60,,1,Pochette Zippee,69.00,BAG-101
#3186,,,,,,,,,,,1,Montre Quartz 34mm,149.00,WTC-011
#3187,chloe.thomas8959@example.com,paid,2026-09-11 08:47:00 +0200,EUR,79.00,0.00,5.90,15.80,100.70,,1,Ceinture Reversible,79.00,ACC-200
#3188,sarah.durand18903@example.com,paid,2026-09-11 19:25:00 +0200,EUR,53.10,5.90,5.90,10.62,69.62,,1,Bracelet Cuir Camel,59.00,BRW-002
#3189,gabriel.thomas65543@example.com,paid,2026-09-11 18:51:00 +0200,EUR,289.00,0.00,0.00,57.80,346.80,,1,Montre Automatique 38mm,289.00,WTC-010
#3190,arthur.simon34065@example.com,paid,2026-09-11 11:07:00 +0200,EUR,149.00,0.00,0.00,29.80,178.80,,1,Montre Quartz 34mm,149.00,WTC-011
#3191,emma.garcia73140@example.com,paid,2026-09-11 22:39:00 +0200,EUR,39.00,0.00,5.90,7.80,52.70,,1,Porte-cartes,39.00,ACC-201
#3192,manon.moreau51@example.com,paid,2026-09-12 19:07:00 +0200,EUR,79.00,0.00,5.90,15.80,100.70,,1,Ceinture Reversible,79.00,ACC-200
#3193,theo.thomas72608@example.com,paid,2026-09-12 13:03:00 +0200,EUR,427.00,0.00,0.00,85.40,512.40,,2,Sac Bandouliere Cuir,189.00,BAG-100
#3193,,,,,,,,,,,1,Bracelet Acier Noir,49.00,BRW-001
#3194,emma.petit67063@example.com,paid,2026-09-12 10:52:00 +0200,EUR,115.20,12.80,0.00,23.04,138.24,,1,Bracelet Acier Noir,49.00,BRW-001
#3194,,,,,,,,,,,1,Ceinture Reversible,79.00,ACC-200
#3195,sarah.dubois23644@example.com,paid,2026-09-12 08:34:00 +0200,EUR,247.00,0.00,0.00,49.40,296.40,,1,Montre Quartz 34mm,149.00,WTC-011
#3195,,,,,,,,,,,2,Bracelet Acier Noir,49.00,BRW-001
#3196,nathan.michel39421@example.com,paid,2026-09-12 08:35:00 +0200,EUR,59.00,0.00,5.90,11.80,76.70,,1,Bracelet Cuir Camel,59.00,BRW-002
#3197,camille.simon80@example.com,paid,2026-09-12 12:34:00 +0200,EUR,158.00,0.00,0.00,31.60,189.60,,2,Ceinture Reversible,79.00,ACC-200
#3198,ines.garcia78@example.com,paid,2026-09-12 21:48:00 +0200,EUR,228.00,0.00,0.00,45.60,273.60,,1,Ceinture Reversible,79.00,ACC-200
#3198,,,,,,,,,,,1,Montre Quartz 34mm,149.00,WTC-011
#3199,gabriel.dubois55444@example.com,paid,2026-09-12 18:06:00 +0200,EUR,59.00,0.00,5.90,11.80,76.70,,1,Bracelet Cuir Camel,59.00,BRW-002
#3200,manon.durand55705@example.com,paid,2026-09-12 21:24:00 +0200,EUR,430.20,47.80,0.00,86.04,516.24,,1,Montre Automatique 38mm,289.00,WTC-010
#3200,,,,,,,,,,,1,Sac Bandouliere Cuir,189.00,BAG-100
#3201,theo.martin56039@example.com,paid,2026-09-12 20:27:00 +0200,EUR,189.00,0.00,0.00,37.80,226.80,,1,Sac Bandouliere Cuir,189.00,BAG-100
#3202,jade.lefebvre11475@example.com,paid,2026-09-12 14:34:00 +0200,EUR,228.00,0.00,0.00,45.60,273.60,,1,Ceinture Reversible,79.00,ACC-200
#3202,,,,,,,,,,,1,Montre Quartz 34mm,149.00,WTC-011
#3203,lea.lefebvre98545@example.com,paid,2026-09-12 11:58:00 +0200,EUR,289.00,0.00,0.00,57.80,346.80,,1,Montre Automatique 38mm,289.00,WTC-010
#3204,camille.bernard37642@example.com,refunded,2026-09-12 09:19:00 +0200,EUR,578.00,0.00,0.00,115.60,693.60,458.85,2,Montre Automatique 38mm,289.00,WTC-010
#3205,manon.bernard58804@example.com,paid,2026-09-12 21:43:00 +0200,EUR,79.00,0.00,5.90,15.80,100.70,,1,Ceinture Reversible,79.00,ACC-200
#3206,chloe.dubois35528@example.com,paid,2026-09-12 19:21:00 +0200,EUR,170.10,18.90,0.00,34.02,204.12,,1,Sac Bandouliere Cuir,189.00,BAG-100
#3207,ines.simon32064@example.com,paid,2026-09-13 14:38:00 +0200,EUR,39.00,0.00,5.90,7.80,52.70,,1,Porte-cartes,39.00,ACC-201
#3208,manon.durand34633@example.com,paid,2026-09-13 17:11:00 +0200,EUR,148.00,0.00,0.00,29.60,177.60,,1,Pochette Zippee,69.00,BAG-101
#3208,,,,,,,,,,,1,Ceinture Reversible,79.00,ACC-200
#3209,lucas.michel9195@example.com,paid,2026-09-13 15:54:00 +0200,EUR,49.00,0.00,5.90,9.80,64.70,,1,Bracelet Acier Noir,49.00,BRW-001
#3210,lea.petit42508@example.com,paid,2026-09-13 09:28:00 +0200,EUR,133.20,14.80,0.00,26.64,159.84,,1,Ceinture Reversible,79.00,ACC-200
#3210,,,,,,,,,,,1,Pochette Zippee,69.00,BAG-101
#3211,ines.leroy45@example.com,paid,2026-09-13 15:48:00 +0200,EUR,79.00,0.00,5.90,15.80,100.70,,1,Ceinture Reversible,79.00,ACC-200
#3212,camille.moreau47394@example.com,paid,2026-09-13 15:22:00 +0200,EUR,39.00,0.00,5.90,7.80,52.70,,1,Porte-cartes,39.00,ACC-201
#3213,camille.martin54221@example.com,paid,2026-09-13 18:39:00 +0200,EUR,98.00,0.00,0.00,19.60,117.60,,2,Bracelet Acier Noir,49.00,BRW-001
#3214,ines.moreau41504@example.com,paid,2026-09-13 17:37:00 +0200,EUR,142.20,15.80,0.00,28.44,170.64,,2,Ceinture Reversible,79.00,ACC-200
#3215,paul.lefebvre93799@example.com,paid,2026-09-13 13:39:00 +0200,EUR,69.00,0.00,5.90,13.80,88.70,,1,Pochette Zippee,69.00,BAG-101
#3216,ines.martin99@example.com,refunded,2026-09-13 18:42:00 +0200,EUR,79.00,0.00,5.90,15.80,100.70,43.15,1,Ceinture Reversible,79.00,ACC-200
#3217,theo.simon36076@example.com,paid,2026-09-13 16:39:00 +0200,EUR,189.00,0.00,0.00,37.80,226.80,,1,Sac Bandouliere Cuir,189.00,BAG-100
#3218,sarah.bernard35653@example.com,paid,2026-09-13 10:25:00 +0200,EUR,189.00,0.00,0.00,37.80,226.80,,1,Sac Bandouliere Cuir,189.00,BAG-100
#3219,arthur.leroy87533@example.com,paid,2026-09-13 17:15:00 +0200,EUR,69.00,0.00,5.90,13.80,88.70,,1,Pochette Zippee,69.00,BAG-101
#3220,hugo.laurent56055@example.com,refunded,2026-09-13 14:23:00 +0200,EUR,227.00,0.00,0.00,45.40,272.40,148.46,2,Porte-cartes,39.00,ACC-201
#3220,,,,,,,,,,,1,Montre Quartz 34mm,149.00,WTC-011
#3221,hugo.garcia37905@example.com,paid,2026-09-13 20:59:00 +0200,EUR,487.00,0.00,0.00,97.40,584.40,,2,Montre Quartz 34mm,149.00,WTC-011
#3221,,,,,,,,,,,1,Sac Bandouliere Cuir,189.00,BAG-100
