id,Created (UTC),Amount,Amount Refunded,Currency,Fee,Net,Status,Description,Customer Email,order_id
ch_3Q000002,2026-06-22 20:23:00,312.12,0.00,eur,4.62,307.50,Paid,Shopify order #1081,emma.garcia18@example.com,#1081
ch_3Q000003,2026-06-22 09:33:00,76.70,0.00,eur,1.32,75.38,Paid,Shopify order #1082,manon.thomas37@example.com,#1082
ch_3Q000004,2026-06-22 17:06:00,226.80,0.00,eur,3.43,223.37,Paid,Shopify order #1083,theo.robert41575@example.com,#1083
ch_3Q000005,2026-06-22 18:51:00,312.12,0.00,eur,4.62,307.50,Paid,Shopify order #1084,lea.michel43@example.com,#1084
ch_3Q000006,2026-06-22 13:41:00,153.60,0.00,eur,2.40,151.20,Paid,Shopify order #1085,gabriel.bernard64@example.com,#1085
ch_3Q000007,2026-06-22 11:55:00,76.70,0.00,eur,1.32,75.38,Paid,Shopify order #1086,arthur.petit30@example.com,#1086
ch_3Q000008,2026-06-22 12:20:00,100.70,0.00,eur,1.66,99.04,Paid,Shopify order #1087,nathan.michel4@example.com,#1087
ch_3Q000009,2026-06-22 11:42:00,225.60,172.57,eur,3.41,222.19,Paid,Shopify order #1088,jade.petit21254@example.com,#1088
ch_3Q000010,2026-06-22 17:50:00,100.70,0.00,eur,1.66,99.04,Paid,Shopify order #1089,theo.lefebvre91@example.com,#1089
ch_3Q000011,2026-06-22 13:14:00,100.70,0.00,eur,1.66,99.04,Paid,Shopify order #1090,arthur.durand92@example.com,#1090
ch_3Q000012,2026-06-22 08:03:00,100.70,0.00,eur,1.66,99.04,Paid,Shopify order #1091,jade.leroy25@example.com,#1091
ch_3Q000013,2026-06-22 14:51:00,225.60,0.00,eur,3.41,222.19,Paid,Shopify order #1092,lea.michel43@example.com,#1092
ch_3Q000014,2026-06-22 12:24:00,64.70,0.00,eur,1.16,63.54,Paid,Shopify order #1093,louis.laurent2831@example.com,#1093
ch_3Q000015,2026-06-22 14:44:00,165.60,0.00,eur,2.57,163.03,Paid,Shopify order #1094,jade.lefebvre11475@example.com,#1094
ch_3Q000016,2026-06-22 16:55:00,52.70,0.00,eur,0.99,51.71,Paid,Shopify order #1095,theo.bernard88@example.com,#1095
ch_3Q000017,2026-06-22 11:01:00,52.70,0.00,eur,0.99,51.71,Paid,Shopify order #1096,theo.simon10136@example.com,#1096
ch_3Q000018,2026-06-22 13:13:00,512.40,0.00,eur,7.42,504.98,Paid,Shopify order #1097,hugo.garcia37905@example.com,#1097
ch_3Q000019,2026-06-22 09:45:00,76.70,50.31,eur,1.32,75.38,Paid,Shopify order #1098,arthur.garcia47062@example.com,#1098
ch_3Q000020,2026-06-22 12:42:00,88.70,0.00,eur,1.49,87.21,Paid,Shopify order #1099,paul.lefebvre60@example.com,#1099
ch_3Q000021,2026-06-22 18:00:00,52.70,0.00,eur,0.99,51.71,Paid,Shopify order #1100,hugo.lefebvre65056@example.com,#1100
ch_3Q000022,2026-06-22 13:55:00,100.70,0.00,eur,1.66,99.04,Paid,Shopify order #1101,lucas.thomas32908@example.com,#1101
ch_3Q000023,2026-06-22 16:29:00,188.40,0.00,eur,2.89,185.51,Paid,Shopify order #1102,lucas.garcia47677@example.com,#1102
ch_3Q000024,2026-06-22 17:56:00,64.70,0.00,eur,1.16,63.54,Paid,Shopify order #1103,louis.simon28492@example.com,#1103
ch_3Q000025,2026-06-22 15:30:00,80.42,0.00,eur,1.38,79.04,Paid,Shopify order #1104,sarah.simon72@example.com,#1104
ch_3Q000026,2026-06-22 22:03:00,225.60,0.00,eur,3.41,222.19,Paid,Shopify order #1105,lea.bernard12@example.com,#1105
ch_3Q000027,2026-06-23 22:30:00,88.70,0.00,eur,1.49,87.21,Paid,Shopify order #1106,lucas.simon73@example.com,#1106
ch_3Q000028,2026-06-23 13:31:00,117.60,0.00,eur,1.90,115.70,Paid,Shopify order #1107,lucas.martin50@example.com,#1107
ch_3Q000029,2026-06-23 16:40:00,88.70,45.01,eur,1.49,87.21,Paid,Shopify order #1108,gabriel.martin29@example.com,#1108
ch_3Q000030,2026-06-23 11:01:00,48.02,0.00,eur,0.92,47.10,Paid,Shopify order #1109,theo.petit95957@example.com,#1109
ch_3Q000031,2026-06-23 12:09:00,450.36,0.00,eur,6.56,443.80,Paid,Shopify order #1110,nathan.bernard2@example.com,#1110
ch_3Q000032,2026-06-23 12:26:00,99.50,0.00,eur,1.64,97.86,Paid,Shopify order #1111,manon.durand66@example.com,#1111
ch_3Q000033,2026-06-23 14:39:00,76.70,0.00,eur,1.32,75.38,Paid,Shopify order #1112,gabriel.robert16@example.com,#1112
ch_3Q000034,2026-06-23 17:18:00,52.70,0.00,eur,0.99,51.71,Paid,Shopify order #1113,ines.lefebvre77327@example.com,#1113
ch_3Q000035,2026-06-23 09:30:00,48.02,0.00,eur,0.92,47.10,Paid,Shopify order #1114,manon.robert2@example.com,#1114
ch_3Q000036,2026-06-23 19:50:00,346.80,0.00,eur,5.11,341.69,Paid,Shopify order #1115,lucas.petit75865@example.com,#1115
ch_3Q000037,2026-06-23 12:32:00,117.60,0.00,eur,1.90,115.70,Paid,Shopify order #1116,louis.petit34@example.com,#1116
ch_3Q000038,2026-06-23 15:38:00,204.12,0.00,eur,3.11,201.01,Paid,Shopify order #1117,camille.lefebvre45@example.com,#1117
ch_3Q000039,2026-06-23 18:00:00,76.70,0.00,eur,1.32,75.38,Paid,Shopify order #1118,sarah.petit9@example.com,#1118
ch_3Q000040,2026-06-23 13:08:00,164.40,0.00,eur,2.55,161.85,Paid,Shopify order #1119,gabriel.leroy22@example.com,#1119
ch_3Q000041,2026-06-23 14:04:00,416.40,0.00,eur,6.08,410.32,Paid,Shopify order #1120,hugo.michel99@example.com,#1120
ch_3Q000042,2026-06-23 15:21:00,88.70,0.00,eur,1.49,87.21,Paid,Shopify order #1121,lea.garcia3@example.com,#1121
ch_3Q000043,2026-06-23 22:16:00,100.70,0.00,eur,1.66,99.04,Paid,Shopify order #1122,jade.garcia85847@example.com,#1122
ch_3Q000044,2026-06-23 17:03:00,386.64,0.00,eur,5.66,380.98,Paid,Shopify order #1123,emma.dubois74@example.com,#1123
ch_3Q000045,2026-06-23 21:44:00,321.60,0.00,eur,4.75,316.85,Paid,Shopify order #1124,paul.robert41@example.com,#1124
ch_3Q000046,2026-06-23 16:27:00,224.64,0.00,eur,3.39,221.25,Paid,Shopify order #1125,arthur.durand70@example.com,#1125
ch_3Q000047,2026-06-23 22:38:00,204.12,0.00,eur,3.11,201.01,Paid,Shopify order #1126,paul.michel92441@example.com,#1126
ch_3Q000048,2026-06-23 14:00:00,204.12,0.00,eur,3.11,201.01,Paid,Shopify order #1127,emma.michel4@example.com,#1127
ch_3Q000049,2026-06-23 14:41:00,1051.20,0.00,eur,14.97,1036.23,Paid,Shopify order #1128,theo.michel47753@example.com,#1128
ch_3Q000050,2026-06-23 16:14:00,375.84,0.00,eur,5.51,370.33,Paid,Shopify order #1129,louis.thomas49869@example.com,#1129
ch_3Q000051,2026-06-23 22:15:00,346.80,0.00,eur,5.11,341.69,Paid,Shopify order #1130,manon.leroy6@example.com,#1130
ch_3Q000052,2026-06-23 21:45:00,204.12,0.00,eur,3.11,201.01,Paid,Shopify order #1131,louis.simon65@example.com,#1131
ch_3Q000053,2026-06-23 15:41:00,141.60,0.00,eur,2.23,139.37,Paid,Shopify order #1132,manon.garcia95828@example.com,#1132
ch_3Q000054,2026-06-24 17:29:00,76.70,0.00,eur,1.32,75.38,Paid,Shopify order #1133,louis.garcia68@example.com,#1133
ch_3Q000055,2026-06-24 20:57:00,88.70,0.00,eur,1.49,87.21,Paid,Shopify order #1134,lea.laurent34@example.com,#1134
ch_3Q000056,2026-06-24 15:53:00,165.60,0.00,eur,2.57,163.03,Paid,Shopify order #1135,gabriel.garcia74245@example.com,#1135
ch_3Q000057,2026-06-24 15:03:00,80.42,0.00,eur,1.38,79.04,Paid,Shopify order #1136,camille.bernard21@example.com,#1136
ch_3Q000058,2026-06-24 14:38:00,88.70,0.00,eur,1.49,87.21,Paid,Shopify order #1137,emma.garcia36@example.com,#1137
ch_3Q000059,2026-06-24 13:54:00,178.80,0.00,eur,2.75,176.05,Paid,Shopify order #1138,theo.robert97@example.com,#1138
ch_3Q000060,2026-06-24 17:18:00,88.70,55.81,eur,1.49,87.21,Paid,Shopify order #1139,nathan.martin93681@example.com,#1139
ch_3Q000061,2026-06-24 21:59:00,226.80,0.00,eur,3.43,223.37,Paid,Shopify order #1140,lea.thomas10@example.com,#1140
ch_3Q000062,2026-06-24 12:17:00,76.70,0.00,eur,1.32,75.38,Paid,Shopify order #1141,nathan.moreau40855@example.com,#1141
ch_3Q000063,2026-06-24 12:40:00,346.80,0.00,eur,5.11,341.69,Paid,Shopify order #1142,paul.durand92@example.com,#1142
ch_3Q000064,2026-06-24 21:54:00,346.80,0.00,eur,5.11,341.69,Paid,Shopify order #1143,louis.bernard38@example.com,#1143
ch_3Q000065,2026-06-24 16:26:00,405.60,220.8,eur,5.93,399.67,Paid,Shopify order #1144,camille.durand45663@example.com,#1144
ch_3Q000066,2026-06-24 13:20:00,100.70,0.00,eur,1.66,99.04,Paid,Shopify order #1145,jade.laurent22@example.com,#1145
ch_3Q000067,2026-06-24 13:57:00,88.70,0.00,eur,1.49,87.21,Paid,Shopify order #1146,manon.laurent52675@example.com,#1146
ch_3Q000068,2026-06-24 17:01:00,100.70,0.00,eur,1.66,99.04,Paid,Shopify order #1147,chloe.moreau84@example.com,#1147
ch_3Q000069,2026-06-24 15:34:00,453.60,0.00,eur,6.60,447.00,Paid,Shopify order #1148,hugo.lefebvre55@example.com,#1148
ch_3Q000070,2026-06-24 08:52:00,88.70,0.00,eur,1.49,87.21,Paid,Shopify order #1149,gabriel.lefebvre42@example.com,#1149
ch_3Q000071,2026-06-24 17:56:00,127.44,0.00,eur,2.03,125.41,Paid,Shopify order #1150,arthur.leroy1926@example.com,#1150
ch_3Q000072,2026-06-24 19:40:00,226.80,0.00,eur,3.43,223.37,Paid,Shopify order #1151,louis.leroy27030@example.com,#1151
ch_3Q000073,2026-06-24 20:00:00,149.04,0.00,eur,2.34,146.70,Paid,Shopify order #1152,chloe.petit39@example.com,#1152
ch_3Q000074,2026-06-24 19:51:00,312.12,0.00,eur,4.62,307.50,Paid,Shopify order #1153,chloe.michel57868@example.com,#1153
ch_3Q000075,2026-06-24 16:58:00,237.60,0.00,eur,3.58,234.02,Paid,Shopify order #1154,emma.moreau82@example.com,#1154
ch_3Q000076,2026-06-24 08:49:00,76.70,0.00,eur,1.32,75.38,Paid,Shopify order #1155,arthur.thomas39@example.com,#1155
ch_3Q000077,2026-06-24 16:07:00,100.70,0.00,eur,1.66,99.04,Paid,Shopify order #1156,sarah.leroy31@example.com,#1156
ch_3Q000078,2026-06-24 09:20:00,177.60,0.00,eur,2.74,174.86,Paid,Shopify order #1157,nathan.petit4486@example.com,#1157
ch_3Q000079,2026-06-24 17:22:00,69.62,0.00,eur,1.22,68.40,Paid,Shopify order #1158,sarah.robert75478@example.com,#1158
ch_3Q000080,2026-06-24 12:15:00,100.70,0.00,eur,1.66,99.04,Paid,Shopify order #1159,paul.durand31@example.com,#1159
ch_3Q000081,2026-06-24 21:23:00,100.70,0.00,eur,1.66,99.04,Paid,Shopify order #1160,louis.leroy728@example.com,#1160
ch_3Q000082,2026-06-24 13:50:00,346.80,0.00,eur,5.11,341.69,Paid,Shopify order #1161,sarah.petit11@example.com,#1161
ch_3Q000083,2026-06-25 14:34:00,226.80,0.00,eur,3.43,223.37,Paid,Shopify order #1162,manon.durand39@example.com,#1162
ch_3Q000084,2026-06-25 09:06:00,48.02,29.93,eur,0.92,47.10,Paid,Shopify order #1163,arthur.robert55@example.com,#1163
ch_3Q000085,2026-06-25 18:25:00,52.70,32.44,eur,0.99,51.71,Paid,Shopify order #1164,theo.petit66806@example.com,#1164
ch_3Q000086,2026-06-25 09:03:00,632.40,0.00,eur,9.10,623.30,Paid,Shopify order #1165,louis.leroy76017@example.com,#1165
ch_3Q000087,2026-06-25 14:36:00,178.80,0.00,eur,2.75,176.05,Paid,Shopify order #1166,emma.michel29099@example.com,#1166
ch_3Q000088,2026-06-25 21:32:00,88.70,0.00,eur,1.49,87.21,Paid,Shopify order #1167,hugo.bernard63@example.com,#1167
ch_3Q000089,2026-06-25 13:11:00,69.62,0.00,eur,1.22,68.40,Paid,Shopify order #1168,hugo.moreau34887@example.com,#1168
ch_3Q000090,2026-06-25 22:53:00,99.50,0.00,eur,1.64,97.86,Paid,Shopify order #1169,nathan.garcia11@example.com,#1169
ch_3Q000091,2026-06-25 16:31:00,178.80,0.00,eur,2.75,176.05,Paid,Shopify order #1170,manon.simon41@example.com,#1170
ch_3Q000092,2026-06-25 22:11:00,48.02,0.00,eur,0.92,47.10,Paid,Shopify order #1171,emma.simon80@example.com,#1171
ch_3Q000093,2026-06-25 10:18:00,178.80,0.00,eur,2.75,176.05,Paid,Shopify order #1172,lea.garcia46@example.com,#1172
ch_3Q000094,2026-06-25 11:27:00,225.60,0.00,eur,3.41,222.19,Paid,Shopify order #1173,sarah.moreau88584@example.com,#1173
ch_3Q000095,2026-06-25 18:02:00,52.70,0.00,eur,0.99,51.71,Paid,Shopify order #1174,paul.dubois11@example.com,#1174
ch_3Q000096,2026-06-25 18:21:00,147.96,0.00,eur,2.32,145.64,Paid,Shopify order #1175,sarah.robert67359@example.com,#1175
ch_3Q000097,2026-06-25 20:46:00,52.70,0.00,eur,0.99,51.71,Paid,Shopify order #1176,manon.garcia95828@example.com,#1176
ch_3Q000098,2026-06-25 08:28:00,141.60,0.00,eur,2.23,139.37,Paid,Shopify order #1177,manon.petit74@example.com,#1177
ch_3Q000099,2026-06-25 11:29:00,52.70,0.00,eur,0.99,51.71,Paid,Shopify order #1178,paul.robert12@example.com,#1178
ch_3Q000100,2026-06-25 10:34:00,105.60,0.00,eur,1.73,103.87,Paid,Shopify order #1179,paul.laurent62@example.com,#1179
ch_3Q000101,2026-06-25 13:24:00,226.80,0.00,eur,3.43,223.37,Paid,Shopify order #1180,camille.simon80@example.com,#1180
ch_3Q000102,2026-06-25 13:52:00,204.12,0.00,eur,3.11,201.01,Paid,Shopify order #1181,camille.lefebvre45@example.com,#1181
ch_3Q000103,2026-06-25 20:22:00,178.80,0.00,eur,2.75,176.05,Paid,Shopify order #1182,paul.moreau30@example.com,#1182
ch_3Q000104,2026-06-25 11:13:00,129.60,0.00,eur,2.06,127.54,Paid,Shopify order #1183,manon.moreau51@example.com,#1183
ch_3Q000105,2026-06-25 20:59:00,178.80,0.00,eur,2.75,176.05,Paid,Shopify order #1184,nathan.moreau40855@example.com,#1184
ch_3Q000106,2026-06-25 22:24:00,117.60,0.00,eur,1.90,115.70,Paid,Shopify order #1185,lucas.durand69@example.com,#1185
ch_3Q000107,2026-06-25 08:05:00,105.84,0.00,eur,1.73,104.11,Paid,Shopify order #1186,emma.moreau82@example.com,#1186
ch_3Q000108,2026-06-25 10:43:00,165.60,0.00,eur,2.57,163.03,Paid,Shopify order #1187,chloe.durand80@example.com,#1187
ch_3Q000109,2026-06-26 14:10:00,312.12,0.00,eur,4.62,307.50,Paid,Shopify order #1188,hugo.durand30@example.com,#1188
ch_3Q000110,2026-06-26 15:37:00,100.70,0.00,eur,1.66,99.04,Paid,Shopify order #1189,nathan.moreau32422@example.com,#1189
ch_3Q000111,2026-06-26 11:02:00,100.70,0.00,eur,1.66,99.04,Paid,Shopify order #1190,manon.thomas97@example.com,#1190
ch_3Q000112,2026-06-26 14:17:00,88.70,0.00,eur,1.49,87.21,Paid,Shopify order #1191,arthur.robert48@example.com,#1191
ch_3Q000113,2026-06-26 21:23:00,100.70,0.00,eur,1.66,99.04,Paid,Shopify order #1192,jade.petit81@example.com,#1192
ch_3Q000114,2026-06-26 11:59:00,261.60,0.00,eur,3.91,257.69,Paid,Shopify order #1193,arthur.durand16030@example.com,#1193
ch_3Q000115,2026-06-26 15:43:00,346.80,0.00,eur,5.11,341.69,Paid,Shopify order #1194,nathan.moreau54628@example.com,#1194
ch_3Q000116,2026-06-26 20:01:00,178.80,0.00,eur,2.75,176.05,Paid,Shopify order #1195,camille.garcia96169@example.com,#1195
ch_3Q000117,2026-06-26 19:03:00,365.04,0.00,eur,5.36,359.68,Paid,Shopify order #1196,gabriel.durand84621@example.com,#1196
ch_3Q000118,2026-06-26 20:39:00,52.70,0.00,eur,0.99,51.71,Paid,Shopify order #1197,arthur.lefebvre41110@example.com,#1197
ch_3Q000119,2026-06-26 09:11:00,204.12,0.00,eur,3.11,201.01,Paid,Shopify order #1198,jade.robert93@example.com,#1198
ch_3Q000120,2026-06-26 11:37:00,429.60,0.00,eur,6.26,423.34,Paid,Shopify order #1199,ines.garcia40813@example.com,#1199
ch_3Q000121,2026-06-26 20:33:00,141.60,0.00,eur,2.23,139.37,Paid,Shopify order #1200,,#1200
ch_3Q000122,2026-06-26 15:00:00,52.70,0.00,eur,0.99,51.71,Paid,Shopify order #1201,manon.moreau76717@example.com,#1201
ch_3Q000123,2026-06-26 22:15:00,52.70,0.00,eur,0.99,51.71,Paid,Shopify order #1202,gabriel.garcia48@example.com,#1202
ch_3Q000124,2026-06-26 17:56:00,91.22,0.00,eur,1.53,89.69,Paid,Shopify order #1203,lucas.durand45310@example.com,#1203
ch_3Q000125,2026-06-26 14:06:00,88.70,0.00,eur,1.49,87.21,Paid,Shopify order #1204,sarah.robert67359@example.com,#1204
ch_3Q000126,2026-06-26 15:07:00,346.80,0.00,eur,5.11,341.69,Paid,Shopify order #1205,lucas.durand69@example.com,#1205
ch_3Q000127,2026-06-27 14:02:00,224.64,0.00,eur,3.39,221.25,Paid,Shopify order #1206,nathan.martin54@example.com,#1206
ch_3Q000128,2026-06-27 11:45:00,226.80,0.00,eur,3.43,223.37,Paid,Shopify order #1207,lea.dubois16@example.com,#1207
ch_3Q000129,2026-06-27 15:08:00,225.60,0.00,eur,3.41,222.19,Paid,Shopify order #1208,manon.petit9@example.com,#1208
ch_3Q000130,2026-06-27 08:09:00,58.82,0.00,eur,1.07,57.75,Paid,Shopify order #1209,arthur.thomas24@example.com,#1209
ch_3Q000131,2026-06-27 22:11:00,189.60,0.00,eur,2.90,186.70,Paid,Shopify order #1210,hugo.laurent42@example.com,#1210
ch_3Q000132,2026-06-27 16:59:00,226.80,114.84,eur,3.43,223.37,Paid,Shopify order #1211,paul.dubois39@example.com,#1211
ch_3Q000133,2026-06-27 13:33:00,52.70,0.00,eur,0.99,51.71,Paid,Shopify order #1212,nathan.thomas53@example.com,#1212
ch_3Q000134,2026-06-27 22:47:00,226.80,0.00,eur,3.43,223.37,Paid,Shopify order #1213,lea.michel23524@example.com,#1213
ch_3Q000135,2026-06-27 13:44:00,129.60,0.00,eur,2.06,127.54,Paid,Shopify order #1214,jade.thomas13790@example.com,#1214
ch_3Q000136,2026-06-27 20:16:00,693.60,0.00,eur,9.96,683.64,Paid,Shopify order #1215,louis.lefebvre1785@example.com,#1215
ch_3Q000137,2026-06-27 15:22:00,100.70,0.00,eur,1.66,99.04,Paid,Shopify order #1216,theo.petit66806@example.com,#1216
ch_3Q000138,2026-06-27 20:59:00,273.60,0.00,eur,4.08,269.52,Paid,Shopify order #1217,theo.bernard64575@example.com,#1217
ch_3Q000139,2026-06-27 11:39:00,178.80,0.00,eur,2.75,176.05,Paid,Shopify order #1218,arthur.lefebvre41110@example.com,#1218
ch_3Q000140,2026-06-27 20:11:00,212.40,0.00,eur,3.22,209.18,Paid,Shopify order #1219,lucas.dubois76@example.com,#1219
ch_3Q000141,2026-06-27 15:34:00,64.70,0.00,eur,1.16,63.54,Paid,Shopify order #1220,ines.bernard48@example.com,#1220
ch_3Q000142,2026-06-27 09:26:00,226.80,0.00,eur,3.43,223.37,Paid,Shopify order #1221,louis.bernard38@example.com,#1221
ch_3Q000143,2026-06-27 11:13:00,64.70,0.00,eur,1.16,63.54,Paid,Shopify order #1222,lucas.durand45310@example.com,#1222
ch_3Q000144,2026-06-27 20:07:00,178.80,0.00,eur,2.75,176.05,Paid,Shopify order #1223,gabriel.martin21164@example.com,#1223
ch_3Q000145,2026-06-27 09:52:00,64.70,0.00,eur,1.16,63.54,Paid,Shopify order #1224,hugo.leroy55005@example.com,#1224
ch_3Q000146,2026-06-28 17:41:00,346.80,0.00,eur,5.11,341.69,Paid,Shopify order #1225,chloe.garcia14321@example.com,#1225
ch_3Q000147,2026-06-28 11:08:00,64.70,0.00,eur,1.16,63.54,Paid,Shopify order #1226,nathan.dubois60@example.com,#1226
ch_3Q000148,2026-06-28 18:18:00,261.60,0.00,eur,3.91,257.69,Paid,Shopify order #1227,camille.dubois84@example.com,#1227
ch_3Q000149,2026-06-28 09:41:00,226.80,0.00,eur,3.43,223.37,Paid,Shopify order #1228,louis.simon65@example.com,#1228
ch_3Q000150,2026-06-28 17:05:00,346.80,0.00,eur,5.11,341.69,Paid,Shopify order #1229,louis.garcia60673@example.com,#1229
ch_3Q000151,2026-06-28 19:35:00,69.62,0.00,eur,1.22,68.40,Paid,Shopify order #1230,hugo.bernard63@example.com,#1230
ch_3Q000152,2026-06-28 10:52:00,48.02,0.00,eur,0.92,47.10,Paid,Shopify order #1231,ines.michel5189@example.com,#1231
ch_3Q000153,2026-06-28 21:25:00,405.60,0.00,eur,5.93,399.67,Paid,Shopify order #1232,nathan.petit29@example.com,#1232
ch_3Q000154,2026-06-28 11:47:00,129.60,0.00,eur,2.06,127.54,Paid,Shopify order #1233,camille.moreau97@example.com,#1233
ch_3Q000155,2026-06-28 11:48:00,473.04,0.00,eur,6.87,466.17,Paid,Shopify order #1234,nathan.thomas50@example.com,#1234
ch_3Q000156,2026-06-28 19:25:00,165.60,0.00,eur,2.57,163.03,Paid,Shopify order #1235,theo.thomas47066@example.com,#1235
ch_3Q000157,2026-06-28 12:29:00,100.70,0.00,eur,1.66,99.04,Paid,Shopify order #1236,lea.durand34863@example.com,#1236
ch_3Q000158,2026-06-28 10:15:00,346.80,0.00,eur,5.11,341.69,Paid,Shopify order #1237,louis.moreau15817@example.com,#1237
ch_3Q000159,2026-06-28 20:59:00,160.92,0.00,eur,2.50,158.42,Paid,Shopify order #1238,ines.laurent56201@example.com,#1238
ch_3Q000160,2026-06-28 09:37:00,417.60,0.00,eur,6.10,411.50,Paid,Shopify order #1239,sarah.martin99775@example.com,#1239
ch_3Q000161,2026-06-28 18:51:00,312.12,0.00,eur,4.62,307.50,Paid,Shopify order #1240,hugo.durand53756@example.com,#1240
ch_3Q000162,2026-06-28 21:43:00,346.80,0.00,eur,5.11,341.69,Paid,Shopify order #1241,jade.michel62314@example.com,#1241
ch_3Q000163,2026-06-28 17:01:00,48.02,0.00,eur,0.92,47.10,Paid,Shopify order #1242,hugo.garcia9112@example.com,#1242
ch_3Q000164,2026-06-28 17:21:00,226.80,0.00,eur,3.43,223.37,Paid,Shopify order #1243,arthur.petit13782@example.com,#1243
ch_3Q000165,2026-06-29 19:59:00,100.70,0.00,eur,1.66,99.04,Paid,Shopify order #1244,sarah.thomas14897@example.com,#1244
ch_3Q000166,2026-06-29 18:39:00,88.70,0.00,eur,1.49,87.21,Paid,Shopify order #1245,lea.robert8@example.com,#1245
ch_3Q000167,2026-06-29 22:02:00,64.70,0.00,eur,1.16,63.54,Paid,Shopify order #1246,lucas.leroy2672@example.com,#1246
ch_3Q000168,2026-06-29 17:17:00,88.70,0.00,eur,1.49,87.21,Paid,Shopify order #1247,paul.michel8@example.com,#1247
ch_3Q000169,2026-06-29 17:20:00,76.70,0.00,eur,1.32,75.38,Paid,Shopify order #1248,hugo.simon82@example.com,#1248
ch_3Q000170,2026-06-29 22:37:00,129.60,0.00,eur,2.06,127.54,Paid,Shopify order #1249,sarah.martin99716@example.com,#1249
ch_3Q000171,2026-06-29 20:43:00,417.60,0.00,eur,6.10,411.50,Paid,Shopify order #1250,chloe.garcia24@example.com,#1250
ch_3Q000172,2026-06-29 22:36:00,178.80,0.00,eur,2.75,176.05,Paid,Shopify order #1251,emma.simon47254@example.com,#1251
ch_3Q000173,2026-06-29 10:24:00,64.70,0.00,eur,1.16,63.54,Paid,Shopify order #1252,arthur.thomas24@example.com,#1252
ch_3Q000174,2026-06-29 22:07:00,249.60,0.00,eur,3.74,245.86,Paid,Shopify order #1253,arthur.michel32@example.com,#1253
ch_3Q000175,2026-06-29 19:52:00,321.84,0.00,eur,4.76,317.08,Paid,Shopify order #1254,louis.leroy27030@example.com,#1254
ch_3Q000176,2026-06-29 19:46:00,127.44,0.00,eur,2.03,125.41,Paid,Shopify order #1255,lea.petit50@example.com,#1255
ch_3Q000177,2026-06-29 08:18:00,346.80,0.00,eur,5.11,341.69,Paid,Shopify order #1256,manon.michel82800@example.com,#1256
ch_3Q000178,2026-06-29 18:03:00,91.22,0.00,eur,1.53,89.69,Paid,Shopify order #1257,emma.bernard69809@example.com,#1257
ch_3Q000179,2026-06-29 15:47:00,64.70,0.00,eur,1.16,63.54,Paid,Shopify order #1258,paul.durand31@example.com,#1258
ch_3Q000180,2026-06-29 11:48:00,88.70,0.00,eur,1.49,87.21,Paid,Shopify order #1259,manon.martin91@example.com,#1259
ch_3Q000181,2026-06-29 08:35:00,69.62,0.00,eur,1.22,68.40,Paid,Shopify order #1260,sarah.durand99@example.com,#1260
ch_3Q000182,2026-06-29 12:36:00,99.50,0.00,eur,1.64,97.86,Paid,Shopify order #1261,lea.michel85779@example.com,#1261
ch_3Q000183,2026-06-29 08:56:00,204.12,0.00,eur,3.11,201.01,Paid,Shopify order #1262,hugo.martin28@example.com,#1262
ch_3Q000184,2026-06-29 22:27:00,346.80,0.00,eur,5.11,341.69,Paid,Shopify order #1263,jade.petit27@example.com,#1263
ch_3Q000185,2026-06-29 14:21:00,80.42,0.00,eur,1.38,79.04,Paid,Shopify order #1264,louis.simon11@example.com,#1264
ch_3Q000186,2026-06-29 22:48:00,320.40,0.00,eur,4.74,315.66,Paid,Shopify order #1265,emma.martin32@example.com,#1265
ch_3Q000187,2026-06-29 21:14:00,100.70,0.00,eur,1.66,99.04,Paid,Shopify order #1266,emma.petit67063@example.com,#1266
ch_3Q000188,2026-06-29 11:45:00,525.60,0.00,eur,7.61,517.99,Paid,Shopify order #1267,chloe.garcia13@example.com,#1267
ch_3Q000189,2026-06-29 22:16:00,52.70,0.00,eur,0.99,51.71,Paid,Shopify order #1268,louis.simon38332@example.com,#1268
ch_3Q000190,2026-06-29 10:08:00,76.70,0.00,eur,1.32,75.38,Paid,Shopify order #1269,camille.lefebvre36@example.com,#1269
ch_3Q000191,2026-06-29 21:55:00,88.70,0.00,eur,1.49,87.21,Paid,Shopify order #1270,chloe.michel91@example.com,#1270
ch_3Q000192,2026-06-29 19:02:00,346.80,0.00,eur,5.11,341.69,Paid,Shopify order #1271,arthur.lefebvre41110@example.com,#1271
ch_3Q000193,2026-06-29 14:37:00,141.60,0.00,eur,2.23,139.37,Paid,Shopify order #1272,paul.laurent62@example.com,#1272
ch_3Q000194,2026-06-30 18:32:00,226.80,0.00,eur,3.43,223.37,Paid,Shopify order #1273,gabriel.martin99@example.com,#1273
ch_3Q000195,2026-06-30 19:13:00,354.24,0.00,eur,5.21,349.03,Paid,Shopify order #1274,sarah.martin99775@example.com,#1274
ch_3Q000196,2026-06-30 15:54:00,693.60,0.00,eur,9.96,683.64,Paid,Shopify order #1275,sarah.martin56@example.com,#1275
ch_3Q000197,2026-06-30 19:27:00,129.60,0.00,eur,2.06,127.54,Paid,Shopify order #1276,nathan.petit10480@example.com,#1276
ch_3Q000198,2026-06-30 12:23:00,441.60,0.00,eur,6.43,435.17,Paid,Shopify order #1277,gabriel.thomas47@example.com,#1277
ch_3Q000199,2026-06-30 17:27:00,88.70,0.00,eur,1.49,87.21,Paid,Shopify order #1278,theo.lefebvre28@example.com,#1278
ch_3Q000200,2026-06-30 17:48:00,141.60,0.00,eur,2.23,139.37,Paid,Shopify order #1279,jade.petit21254@example.com,#1279
ch_3Q000201,2026-06-30 14:33:00,64.70,0.00,eur,1.16,63.54,Paid,Shopify order #1280,camille.thomas54146@example.com,#1280
ch_3Q000202,2026-06-30 17:27:00,80.42,0.00,eur,1.38,79.04,Paid,Shopify order #1281,manon.petit9@example.com,#1281
ch_3Q000203,2026-06-30 11:56:00,226.80,0.00,eur,3.43,223.37,Paid,Shopify order #1282,nathan.durand63@example.com,#1282
ch_3Q000204,2026-06-30 13:58:00,226.80,0.00,eur,3.43,223.37,Paid,Shopify order #1283,arthur.thomas39@example.com,#1283
ch_3Q000205,2026-06-30 08:46:00,312.12,0.00,eur,4.62,307.50,Paid,Shopify order #1284,lea.michel25@example.com,#1284
ch_3Q000206,2026-06-30 11:56:00,188.40,0.00,eur,2.89,185.51,Paid,Shopify order #1285,manon.dubois96226@example.com,#1285
ch_3Q000207,2026-06-30 18:45:00,405.60,0.00,eur,5.93,399.67,Paid,Shopify order #1286,hugo.lefebvre80537@example.com,#1286
ch_3Q000208,2026-06-30 19:54:00,405.60,0.00,eur,5.93,399.67,Paid,Shopify order #1287,louis.dubois94@example.com,#1287
ch_3Q000209,2026-06-30 15:25:00,105.84,0.00,eur,1.73,104.11,Paid,Shopify order #1288,lea.leroy40@example.com,#1288
ch_3Q000210,2026-06-30 12:52:00,88.70,39.94,eur,1.49,87.21,Paid,Shopify order #1289,emma.michel1509@example.com,#1289
ch_3Q000211,2026-06-30 09:44:00,693.60,0.00,eur,9.96,683.64,Paid,Shopify order #1290,louis.simon38332@example.com,#1290
ch_3Q000212,2026-06-30 21:16:00,117.60,0.00,eur,1.90,115.70,Paid,Shopify order #1291,camille.martin12440@example.com,#1291
ch_3Q000213,2026-06-30 19:29:00,752.40,0.00,eur,10.78,741.62,Paid,Shopify order #1292,camille.bernard6824@example.com,#1292
ch_3Q000214,2026-06-30 20:13:00,129.60,0.00,eur,2.06,127.54,Paid,Shopify order #1293,jade.thomas41@example.com,#1293
ch_3Q000215,2026-06-30 17:45:00,237.60,0.00,eur,3.58,234.02,Paid,Shopify order #1294,gabriel.bernard76953@example.com,#1294
ch_3Q000216,2026-06-30 13:25:00,69.62,0.00,eur,1.22,68.40,Paid,Shopify order #1295,hugo.michel87001@example.com,#1295
ch_3Q000217,2026-06-30 09:20:00,178.80,0.00,eur,2.75,176.05,Paid,Shopify order #1296,lucas.lefebvre32270@example.com,#1296
ch_3Q000218,2026-06-30 14:55:00,249.60,0.00,eur,3.74,245.86,Paid,Shopify order #1297,nathan.dubois82336@example.com,#1297
ch_3Q000219,2026-06-30 13:28:00,297.60,0.00,eur,4.42,293.18,Paid,Shopify order #1298,camille.robert39@example.com,#1298
ch_3Q000220,2026-07-01 12:42:00,178.80,0.00,eur,2.75,176.05,Paid,Shopify order #1299,sarah.thomas14897@example.com,#1299
ch_3Q000221,2026-07-01 16:54:00,91.22,0.00,eur,1.53,89.69,Paid,Shopify order #1300,lucas.michel81466@example.com,#1300
ch_3Q000222,2026-07-01 20:53:00,76.70,0.00,eur,1.32,75.38,Paid,Shopify order #1301,louis.thomas95851@example.com,#1301
ch_3Q000223,2026-07-01 13:07:00,64.70,0.00,eur,1.16,63.54,Paid,Shopify order #1302,manon.leroy89033@example.com,#1302
ch_3Q000224,2026-07-01 10:49:00,226.80,0.00,eur,3.43,223.37,Paid,Shopify order #1303,nathan.durand63@example.com,#1303
ch_3Q000225,2026-07-01 18:24:00,226.80,98.06,eur,3.43,223.37,Paid,Shopify order #1304,arthur.leroy1926@example.com,#1304
ch_3Q000226,2026-07-01 14:31:00,225.60,0.00,eur,3.41,222.19,Paid,Shopify order #1305,chloe.durand43982@example.com,#1305
ch_3Q000227,2026-07-01 16:45:00,100.70,0.00,eur,1.66,99.04,Paid,Shopify order #1306,louis.leroy27030@example.com,#1306
ch_3Q000228,2026-07-01 14:30:00,226.80,0.00,eur,3.43,223.37,Paid,Shopify order #1307,theo.bernard88@example.com,#1307
ch_3Q000229,2026-07-01 17:24:00,52.70,0.00,eur,0.99,51.71,Paid,Shopify order #1308,manon.simon41@example.com,#1308
ch_3Q000230,2026-07-01 11:36:00,99.50,0.00,eur,1.64,97.86,Paid,Shopify order #1309,lucas.durand45310@example.com,#1309
ch_3Q000231,2026-07-01 17:01:00,393.60,0.00,eur,5.76,387.84,Paid,Shopify order #1310,lea.laurent93@example.com,#1310
ch_3Q000232,2026-07-01 22:10:00,88.70,0.00,eur,1.49,87.21,Paid,Shopify order #1311,lea.bernard46@example.com,#1311
ch_3Q000233,2026-07-01 14:19:00,226.80,0.00,eur,3.43,223.37,Paid,Shopify order #1312,gabriel.martin70601@example.com,#1312
ch_3Q000234,2026-07-01 16:02:00,178.80,0.00,eur,2.75,176.05,Paid,Shopify order #1313,jade.thomas70@example.com,#1313
ch_3Q000235,2026-07-01 18:02:00,357.60,0.00,eur,5.26,352.34,Paid,Shopify order #1314,manon.petit14@example.com,#1314
ch_3Q000236,2026-07-01 09:44:00,76.70,0.00,eur,1.32,75.38,Paid,Shopify order #1315,louis.petit34@example.com,#1315
ch_3Q000237,2026-07-01 22:02:00,76.70,0.00,eur,1.32,75.38,Paid,Shopify order #1316,camille.laurent48118@example.com,#1316
ch_3Q000238,2026-07-01 17:42:00,91.22,0.00,eur,1.53,89.69,Paid,Shopify order #1317,sarah.durand66180@example.com,#1317
ch_3Q000239,2026-07-01 12:18:00,730.08,0.00,eur,10.47,719.61,Paid,Shopify order #1318,louis.garcia96367@example.com,#1318
ch_3Q000240,2026-07-01 20:14:00,76.70,43.38,eur,1.32,75.38,Paid,Shopify order #1319,arthur.simon172@example.com,#1319
ch_3Q000241,2026-07-01 15:29:00,764.40,0.00,eur,10.95,753.45,Paid,Shopify order #1320,paul.robert12@example.com,#1320
ch_3Q000242,2026-07-01 20:31:00,52.70,0.00,eur,0.99,51.71,Paid,Shopify order #1321,arthur.durand94@example.com,#1321
ch_3Q000243,2026-07-01 16:05:00,64.70,0.00,eur,1.16,63.54,Paid,Shopify order #1322,sarah.leroy31@example.com,#1322
ch_3Q000244,2026-07-01 13:40:00,346.80,0.00,eur,5.11,341.69,Paid,Shopify order #1323,camille.lefebvre36@example.com,#1323
ch_3Q000245,2026-07-02 11:43:00,159.84,0.00,eur,2.49,157.35,Paid,Shopify order #1324,sarah.martin51931@example.com,#1324
ch_3Q000246,2026-07-02 15:25:00,404.40,0.00,eur,5.91,398.49,Paid,Shopify order #1325,paul.petit6586@example.com,#1325
ch_3Q000247,2026-07-02 19:47:00,428.40,0.00,eur,6.25,422.15,Paid,Shopify order #1326,camille.lefebvre36@example.com,#1326
ch_3Q000248,2026-07-02 18:08:00,160.92,0.00,eur,2.50,158.42,Paid,Shopify order #1327,ines.bernard48@example.com,#1327
ch_3Q000249,2026-07-02 09:47:00,52.70,0.00,eur,0.99,51.71,Paid,Shopify order #1328,lea.bernard30@example.com,#1328
ch_3Q000250,2026-07-02 21:07:00,88.70,0.00,eur,1.49,87.21,Paid,Shopify order #1329,sarah.bernard35653@example.com,#1329
ch_3Q000251,2026-07-02 14:56:00,158.76,0.00,eur,2.47,156.29,Paid,Shopify order #1330,ines.martin88630@example.com,#1330
ch_3Q000252,2026-07-02 11:56:00,346.80,0.00,eur,5.11,341.69,Paid,Shopify order #1331,sarah.durand66180@example.com,#1331
ch_3Q000253,2026-07-02 08:18:00,165.60,0.00,eur,2.57,163.03,Paid,Shopify order #1332,manon.moreau63907@example.com,#1332
ch_3Q000254,2026-07-02 20:20:00,260.40,0.00,eur,3.90,256.50,Paid,Shopify order #1333,louis.leroy76017@example.com,#1333
ch_3Q000255,2026-07-02 21:01:00,405.60,0.00,eur,5.93,399.67,Paid,Shopify order #1334,paul.durand92@example.com,#1334
ch_3Q000256,2026-07-02 14:36:00,226.80,0.00,eur,3.43,223.37,Paid,Shopify order #1335,gabriel.leroy35279@example.com,#1335
ch_3Q000257,2026-07-02 16:23:00,203.04,0.00,eur,3.09,199.95,Paid,Shopify order #1336,emma.garcia41032@example.com,#1336
ch_3Q000258,2026-07-02 18:16:00,309.60,0.00,eur,4.58,305.02,Paid,Shopify order #1337,lucas.simon99313@example.com,#1337
ch_3Q000259,2026-07-02 16:41:00,405.60,0.00,eur,5.93,399.67,Paid,Shopify order #1338,ines.robert18@example.com,#1338
ch_3Q000260,2026-07-02 16:10:00,129.60,0.00,eur,2.06,127.54,Paid,Shopify order #1339,camille.martin36@example.com,#1339
ch_3Q000261,2026-07-02 19:13:00,88.70,0.00,eur,1.49,87.21,Paid,Shopify order #1340,lea.bernard29@example.com,#1340
ch_3Q000262,2026-07-02 21:53:00,525.60,0.00,eur,7.61,517.99,Paid,Shopify order #1341,camille.robert39@example.com,#1341
ch_3Q000263,2026-07-02 20:42:00,405.60,0.00,eur,5.93,399.67,Paid,Shopify order #1342,lea.petit59149@example.com,#1342
ch_3Q000264,2026-07-02 12:54:00,100.70,0.00,eur,1.66,99.04,Paid,Shopify order #1343,paul.thomas47164@example.com,#1343
ch_3Q000265,2026-07-02 14:59:00,91.22,0.00,eur,1.53,89.69,Paid,Shopify order #1344,louis.simon60700@example.com,#1344
ch_3Q000266,2026-07-02 18:33:00,80.42,0.00,eur,1.38,79.04,Paid,Shopify order #1345,lucas.moreau59079@example.com,#1345
ch_3Q000267,2026-07-02 20:39:00,48.02,0.00,eur,0.92,47.10,Paid,Shopify order #1346,arthur.simon172@example.com,#1346
ch_3Q000268,2026-07-02 15:06:00,346.80,0.00,eur,5.11,341.69,Paid,Shopify order #1347,sarah.petit3@example.com,#1347
ch_3Q000269,2026-07-02 08:40:00,346.80,0.00,eur,5.11,341.69,Paid,Shopify order #1348,nathan.moreau54628@example.com,#1348
ch_3Q000270,2026-07-02 21:26:00,127.44,0.00,eur,2.03,125.41,Paid,Shopify order #1349,gabriel.lefebvre70163@example.com,#1349
ch_3Q000271,2026-07-02 14:09:00,693.60,0.00,eur,9.96,683.64,Paid,Shopify order #1350,nathan.durand63@example.com,#1350
ch_3Q000272,2026-07-02 19:46:00,69.62,0.00,eur,1.22,68.40,Paid,Shopify order #1351,theo.bernard59@example.com,#1351
ch_3Q000273,2026-07-03 08:50:00,52.70,0.00,eur,0.99,51.71,Paid,Shopify order #1352,arthur.laurent79653@example.com,#1352
ch_3Q000274,2026-07-03 11:44:00,346.80,0.00,eur,5.11,341.69,Paid,Shopify order #1353,emma.laurent34164@example.com,#1353
ch_3Q000275,2026-07-03 20:34:00,178.80,0.00,eur,2.75,176.05,Paid,Shopify order #1354,chloe.dubois35528@example.com,#1354
ch_3Q000276,2026-07-03 14:12:00,178.80,0.00,eur,2.75,176.05,Paid,Shopify order #1355,emma.simon47254@example.com,#1355
ch_3Q000277,2026-07-03 18:54:00,312.12,0.00,eur,4.62,307.50,Paid,Shopify order #1356,paul.laurent3345@example.com,#1356
ch_3Q000278,2026-07-03 20:30:00,189.60,0.00,eur,2.90,186.70,Paid,Shopify order #1357,louis.laurent15516@example.com,#1357
ch_3Q000279,2026-07-03 10:35:00,226.80,0.00,eur,3.43,223.37,Paid,Shopify order #1358,lea.moreau42@example.com,#1358
ch_3Q000280,2026-07-03 10:51:00,153.60,0.00,eur,2.40,151.20,Paid,Shopify order #1359,ines.dubois45184@example.com,#1359
ch_3Q000281,2026-07-03 13:45:00,226.80,0.00,eur,3.43,223.37,Paid,Shopify order #1360,louis.durand49654@example.com,#1360
ch_3Q000282,2026-07-03 18:48:00,88.70,0.00,eur,1.49,87.21,Paid,Shopify order #1361,gabriel.moreau3599@example.com,#1361
ch_3Q000283,2026-07-03 20:27:00,100.70,0.00,eur,1.66,99.04,Paid,Shopify order #1362,camille.garcia69396@example.com,#1362
ch_3Q000284,2026-07-03 17:27:00,88.70,0.00,eur,1.49,87.21,Paid,Shopify order #1363,sarah.thomas66@example.com,#1363
ch_3Q000285,2026-07-03 20:11:00,153.60,0.00,eur,2.40,151.20,Paid,Shopify order #1364,lucas.leroy93@example.com,#1364
ch_3Q000286,2026-07-03 09:25:00,64.70,0.00,eur,1.16,63.54,Paid,Shopify order #1365,hugo.garcia94168@example.com,#1365
ch_3Q000287,2026-07-03 14:12:00,473.04,0.00,eur,6.87,466.17,Paid,Shopify order #1366,lea.laurent30191@example.com,#1366
ch_3Q000288,2026-07-03 22:10:00,64.70,0.00,eur,1.16,63.54,Paid,Shopify order #1367,gabriel.robert56@example.com,#1367
ch_3Q000289,2026-07-03 17:59:00,693.60,0.00,eur,9.96,683.64,Paid,Shopify order #1368,hugo.leroy45@example.com,#1368
ch_3Q000290,2026-07-03 08:56:00,365.04,0.00,eur,5.36,359.68,Paid,Shopify order #1369,arthur.garcia97383@example.com,#1369
ch_3Q000291,2026-07-03 21:35:00,226.80,0.00,eur,3.43,223.37,Paid,Shopify order #1370,gabriel.dubois53456@example.com,#1370
ch_3Q000292,2026-07-03 17:18:00,141.60,0.00,eur,2.23,139.37,Paid,Shopify order #1371,camille.laurent48118@example.com,#1371
ch_3Q000293,2026-07-04 18:26:00,52.70,0.00,eur,0.99,51.71,Paid,Shopify order #1372,ines.thomas54819@example.com,#1372
ch_3Q000294,2026-07-04 21:57:00,52.70,0.00,eur,0.99,51.71,Paid,Shopify order #1373,sarah.laurent45@example.com,#1373
ch_3Q000295,2026-07-04 12:54:00,405.60,0.00,eur,5.93,399.67,Paid,Shopify order #1374,lea.laurent93@example.com,#1374
ch_3Q000296,2026-07-04 11:32:00,693.60,0.00,eur,9.96,683.64,Paid,Shopify order #1375,lucas.simon99313@example.com,#1375
ch_3Q000297,2026-07-04 21:25:00,204.12,0.00,eur,3.11,201.01,Paid,Shopify order #1376,louis.bernard38@example.com,#1376
ch_3Q000298,2026-07-04 14:14:00,64.70,0.00,eur,1.16,63.54,Paid,Shopify order #1377,lucas.martin75958@example.com,#1377
ch_3Q000299,2026-07-04 17:16:00,204.12,0.00,eur,3.11,201.01,Paid,Shopify order #1378,nathan.martin93681@example.com,#1378
ch_3Q000300,2026-07-04 19:51:00,178.80,0.00,eur,2.75,176.05,Paid,Shopify order #1379,gabriel.durand36079@example.com,#1379
ch_3Q000301,2026-07-04 14:50:00,226.80,0.00,eur,3.43,223.37,Paid,Shopify order #1380,hugo.thomas29762@example.com,#1380
ch_3Q000302,2026-07-04 10:24:00,52.70,0.00,eur,0.99,51.71,Paid,Shopify order #1381,jade.thomas57876@example.com,#1381
ch_3Q000303,2026-07-04 14:25:00,226.80,0.00,eur,3.43,223.37,Paid,Shopify order #1382,sarah.thomas14897@example.com,#1382
ch_3Q000304,2026-07-04 12:56:00,204.12,0.00,eur,3.11,201.01,Paid,Shopify order #1383,hugo.garcia37905@example.com,#1383
ch_3Q000305,2026-07-04 10:43:00,99.50,0.00,eur,1.64,97.86,Paid,Shopify order #1384,chloe.michel94@example.com,#1384
ch_3Q000306,2026-07-04 09:33:00,346.80,0.00,eur,5.11,341.69,Paid,Shopify order #1385,arthur.laurent39338@example.com,#1385
ch_3Q000307,2026-07-04 14:06:00,357.60,0.00,eur,5.26,352.34,Paid,Shopify order #1386,paul.petit10296@example.com,#1386
ch_3Q000308,2026-07-04 12:54:00,516.24,0.00,eur,7.48,508.76,Paid,Shopify order #1387,chloe.thomas8@example.com,#1387
ch_3Q000309,2026-07-04 11:53:00,204.12,0.00,eur,3.11,201.01,Paid,Shopify order #1388,paul.martin46461@example.com,#1388
ch_3Q000310,2026-07-05 22:45:00,346.80,0.00,eur,5.11,341.69,Paid,Shopify order #1389,chloe.simon53767@example.com,#1389
ch_3Q000311,2026-07-05 21:18:00,64.70,0.00,eur,1.16,63.54,Paid,Shopify order #1390,lea.michel64082@example.com,#1390
ch_3Q000312,2026-07-05 13:24:00,346.80,0.00,eur,5.11,341.69,Paid,Shopify order #1391,emma.robert42430@example.com,#1391
ch_3Q000313,2026-07-05 13:39:00,100.70,0.00,eur,1.66,99.04,Paid,Shopify order #1392,chloe.dubois43849@example.com,#1392
ch_3Q000314,2026-07-05 13:08:00,64.70,0.00,eur,1.16,63.54,Paid,Shopify order #1393,manon.lefebvre18@example.com,#1393
ch_3Q000315,2026-07-05 21:25:00,141.60,0.00,eur,2.23,139.37,Paid,Shopify order #1394,camille.durand1665@example.com,#1394
ch_3Q000316,2026-07-05 15:39:00,693.60,0.00,eur,9.96,683.64,Paid,Shopify order #1395,theo.lefebvre72@example.com,#1395
ch_3Q000317,2026-07-05 08:56:00,64.70,0.00,eur,1.16,63.54,Paid,Shopify order #1396,louis.simon99818@example.com,#1396
ch_3Q000318,2026-07-05 21:08:00,91.22,0.00,eur,1.53,89.69,Paid,Shopify order #1397,nathan.laurent99086@example.com,#1397
ch_3Q000319,2026-07-05 11:01:00,573.60,0.00,eur,8.28,565.32,Paid,Shopify order #1398,camille.lefebvre45@example.com,#1398
ch_3Q000320,2026-07-05 21:41:00,52.70,0.00,eur,0.99,51.71,Paid,Shopify order #1399,lea.durand59342@example.com,#1399
ch_3Q000321,2026-07-05 14:42:00,312.12,0.00,eur,4.62,307.50,Paid,Shopify order #1400,camille.laurent75106@example.com,#1400
ch_3Q000322,2026-07-05 18:08:00,80.42,0.00,eur,1.38,79.04,Paid,Shopify order #1401,camille.lefebvre30321@example.com,#1401
ch_3Q000323,2026-07-05 13:48:00,91.22,0.00,eur,1.53,89.69,Paid,Shopify order #1402,nathan.dubois10@example.com,#1402
ch_3Q000324,2026-07-05 08:58:00,512.40,0.00,eur,7.42,504.98,Paid,Shopify order #1403,lucas.thomas10528@example.com,#1403
ch_3Q000325,2026-07-05 13:56:00,429.60,0.00,eur,6.26,423.34,Paid,Shopify order #1404,arthur.michel63@example.com,#1404
ch_3Q000326,2026-07-05 22:12:00,100.70,0.00,eur,1.66,99.04,Paid,Shopify order #1405,louis.bernard34395@example.com,#1405
ch_3Q000327,2026-07-05 22:15:00,346.80,0.00,eur,5.11,341.69,Paid,Shopify order #1406,sarah.garcia89@example.com,#1406
ch_3Q000328,2026-07-05 13:55:00,64.70,0.00,eur,1.16,63.54,Paid,Shopify order #1407,nathan.martin93681@example.com,#1407
ch_3Q000329,2026-07-05 16:41:00,346.80,0.00,eur,5.11,341.69,Paid,Shopify order #1408,paul.laurent65496@example.com,#1408
ch_3Q000330,2026-07-05 20:27:00,237.60,0.00,eur,3.58,234.02,Paid,Shopify order #1409,sarah.durand99@example.com,#1409
ch_3Q000331,2026-07-05 21:13:00,100.70,0.00,eur,1.66,99.04,Paid,Shopify order #1410,arthur.robert55@example.com,#1410
ch_3Q000332,2026-07-06 08:23:00,52.70,25.51,eur,0.99,51.71,Paid,Shopify order #1411,chloe.dubois43849@example.com,#1411
ch_3Q000333,2026-07-06 21:50:00,80.42,0.00,eur,1.38,79.04,Paid,Shopify order #1412,arthur.durand94@example.com,#1412
ch_3Q000334,2026-07-06 19:17:00,80.42,0.00,eur,1.38,79.04,Paid,Shopify order #1413,arthur.moreau6890@example.com,#1413
ch_3Q000335,2026-07-06 08:59:00,417.60,0.00,eur,6.10,411.50,Paid,Shopify order #1414,emma.bernard89@example.com,#1414
ch_3Q000336,2026-07-06 18:56:00,48.02,0.00,eur,0.92,47.10,Paid,Shopify order #1415,manon.dubois17467@example.com,#1415
ch_3Q000337,2026-07-06 08:15:00,64.70,0.00,eur,1.16,63.54,Paid,Shopify order #1416,gabriel.bernard75613@example.com,#1416
ch_3Q000338,2026-07-06 22:09:00,64.70,0.00,eur,1.16,63.54,Paid,Shopify order #1417,chloe.garcia2@example.com,#1417
ch_3Q000339,2026-07-06 19:50:00,52.70,0.00,eur,0.99,51.71,Paid,Shopify order #1418,louis.leroy95@example.com,#1418
ch_3Q000340,2026-07-06 13:43:00,76.70,0.00,eur,1.32,75.38,Paid,Shopify order #1419,ines.martin24462@example.com,#1419
ch_3Q000341,2026-07-06 14:58:00,100.70,0.00,eur,1.66,99.04,Paid,Shopify order #1420,chloe.bernard28@example.com,#1420
ch_3Q000342,2026-07-06 08:10:00,273.60,0.00,eur,4.08,269.52,Paid,Shopify order #1421,chloe.martin80616@example.com,#1421
ch_3Q000343,2026-07-06 20:45:00,309.96,0.00,eur,4.59,305.37,Paid,Shopify order #1422,hugo.simon32061@example.com,#1422
ch_3Q000344,2026-07-06 08:12:00,170.64,0.00,eur,2.64,168.00,Paid,Shopify order #1423,emma.simon47254@example.com,#1423
ch_3Q000345,2026-07-06 19:01:00,88.70,0.00,eur,1.49,87.21,Paid,Shopify order #1424,paul.martin32274@example.com,#1424
ch_3Q000346,2026-07-06 15:25:00,64.70,0.00,eur,1.16,63.54,Paid,Shopify order #1425,emma.bernard89@example.com,#1425
ch_3Q000347,2026-07-06 17:09:00,226.80,0.00,eur,3.43,223.37,Paid,Shopify order #1426,camille.martin16152@example.com,#1426
ch_3Q000348,2026-07-06 22:32:00,346.80,0.00,eur,5.11,341.69,Paid,Shopify order #1427,jade.petit81@example.com,#1427
ch_3Q000349,2026-07-06 17:09:00,100.70,0.00,eur,1.66,99.04,Paid,Shopify order #1428,chloe.michel84589@example.com,#1428
ch_3Q000350,2026-07-06 20:13:00,64.70,0.00,eur,1.16,63.54,Paid,Shopify order #1429,theo.laurent74@example.com,#1429
ch_3Q000351,2026-07-06 16:42:00,105.60,0.00,eur,1.73,103.87,Paid,Shopify order #1430,chloe.bernard98440@example.com,#1430
ch_3Q000352,2026-07-06 21:59:00,405.60,0.00,eur,5.93,399.67,Paid,Shopify order #1431,camille.martin71920@example.com,#1431
ch_3Q000353,2026-07-06 11:53:00,226.80,0.00,eur,3.43,223.37,Paid,Shopify order #1432,camille.laurent75106@example.com,#1432
ch_3Q000354,2026-07-06 18:05:00,417.60,0.00,eur,6.10,411.50,Paid,Shopify order #1433,jade.dubois93254@example.com,#1433
ch_3Q000355,2026-07-06 20:04:00,273.60,0.00,eur,4.08,269.52,Paid,Shopify order #1434,ines.moreau96@example.com,#1434
ch_3Q000356,2026-07-07 09:44:00,88.70,0.00,eur,1.49,87.21,Paid,Shopify order #1435,emma.michel4@example.com,#1435
ch_3Q000357,2026-07-07 18:45:00,312.12,0.00,eur,4.62,307.50,Paid,Shopify order #1436,louis.simon99818@example.com,#1436
ch_3Q000358,2026-07-07 17:38:00,178.80,0.00,eur,2.75,176.05,Paid,Shopify order #1437,gabriel.garcia84@example.com,#1437
ch_3Q000359,2026-07-07 09:31:00,152.40,0.00,eur,2.38,150.02,Paid,Shopify order #1438,sarah.durand66180@example.com,#1438
ch_3Q000360,2026-07-07 12:49:00,188.40,0.00,eur,2.89,185.51,Paid,Shopify order #1439,lucas.thomas2@example.com,#1439
ch_3Q000361,2026-07-07 14:04:00,58.82,36.86,eur,1.07,57.75,Paid,Shopify order #1440,lea.leroy88@example.com,#1440
ch_3Q000362,2026-07-07 17:25:00,80.42,0.00,eur,1.38,79.04,Paid,Shopify order #1441,louis.moreau67977@example.com,#1441
ch_3Q000363,2026-07-07 12:57:00,159.84,0.00,eur,2.49,157.35,Paid,Shopify order #1442,sarah.laurent69315@example.com,#1442
ch_3Q000364,2026-07-07 17:33:00,405.60,0.00,eur,5.93,399.67,Paid,Shopify order #1443,emma.leroy23@example.com,#1443
ch_3Q000365,2026-07-07 18:43:00,312.12,0.00,eur,4.62,307.50,Paid,Shopify order #1444,lucas.petit75865@example.com,#1444
ch_3Q000366,2026-07-07 08:19:00,52.70,0.00,eur,0.99,51.71,Paid,Shopify order #1445,theo.laurent74@example.com,#1445
ch_3Q000367,2026-07-07 19:12:00,52.70,0.00,eur,0.99,51.71,Paid,Shopify order #1446,camille.lefebvre30321@example.com,#1446
ch_3Q000368,2026-07-07 17:42:00,525.60,0.00,eur,7.61,517.99,Paid,Shopify order #1447,jade.martin2351@example.com,#1447
ch_3Q000369,2026-07-07 08:12:00,160.92,0.00,eur,2.50,158.42,Paid,Shopify order #1448,arthur.garcia97383@example.com,#1448
ch_3Q000370,2026-07-07 10:46:00,309.60,0.00,eur,4.58,305.02,Paid,Shopify order #1449,arthur.michel19382@example.com,#1449
ch_3Q000371,2026-07-07 21:45:00,141.60,0.00,eur,2.23,139.37,Paid,Shopify order #1450,nathan.petit29@example.com,#1450
ch_3Q000372,2026-07-07 14:25:00,429.60,0.00,eur,6.26,423.34,Paid,Shopify order #1451,hugo.simon16477@example.com,#1451
ch_3Q000373,2026-07-07 12:40:00,191.16,0.00,eur,2.93,188.23,Paid,Shopify order #1452,jade.leroy37@example.com,#1452
ch_3Q000374,2026-07-07 15:02:00,76.70,0.00,eur,1.32,75.38,Paid,Shopify order #1453,chloe.durand80@example.com,#1453
ch_3Q000375,2026-07-07 22:26:00,99.50,0.00,eur,1.64,97.86,Paid,Shopify order #1454,theo.simon10136@example.com,#1454
ch_3Q000376,2026-07-07 20:18:00,178.80,0.00,eur,2.75,176.05,Paid,Shopify order #1455,ines.petit48@example.com,#1455
ch_3Q000377,2026-07-07 08:39:00,52.70,0.00,eur,0.99,51.71,Paid,Shopify order #1456,manon.simon41@example.com,#1456
ch_3Q000378,2026-07-07 20:02:00,100.70,0.00,eur,1.66,99.04,Paid,Shopify order #1457,jade.leroy25@example.com,#1457
ch_3Q000379,2026-07-07 20:45:00,100.70,0.00,eur,1.66,99.04,Paid,Shopify order #1458,arthur.durand70@example.com,#1458
ch_3Q000380,2026-07-07 15:09:00,249.60,0.00,eur,3.74,245.86,Paid,Shopify order #1459,arthur.martin5186@example.com,#1459
ch_3Q000381,2026-07-07 11:45:00,226.80,0.00,eur,3.43,223.37,Paid,Shopify order #1460,lea.bernard46@example.com,#1460
ch_3Q000382,2026-07-07 11:20:00,226.80,0.00,eur,3.43,223.37,Paid,Shopify order #1461,jade.garcia91009@example.com,#1461
ch_3Q000383,2026-07-08 20:55:00,52.70,0.00,eur,0.99,51.71,Paid,Shopify order #1462,chloe.lefebvre91@example.com,#1462
ch_3Q000384,2026-07-08 09:15:00,346.80,0.00,eur,5.11,341.69,Paid,Shopify order #1463,emma.martin41302@example.com,#1463
ch_3Q000385,2026-07-08 18:21:00,261.60,0.00,eur,3.91,257.69,Paid,Shopify order #1464,manon.martin77@example.com,#1464
ch_3Q000386,2026-07-08 14:23:00,273.60,0.00,eur,4.08,269.52,Paid,Shopify order #1465,paul.dubois39@example.com,#1465
ch_3Q000387,2026-07-08 22:16:00,64.70,0.00,eur,1.16,63.54,Paid,Shopify order #1466,manon.leroy67882@example.com,#1466
ch_3Q000388,2026-07-08 15:02:00,88.70,0.00,eur,1.49,87.21,Paid,Shopify order #1467,gabriel.garcia48@example.com,#1467
ch_3Q000389,2026-07-08 22:41:00,48.02,0.00,eur,0.92,47.10,Paid,Shopify order #1468,hugo.laurent85@example.com,#1468
ch_3Q000390,2026-07-08 17:36:00,64.70,0.00,eur,1.16,63.54,Paid,Shopify order #1469,jade.dubois93254@example.com,#1469
ch_3Q000391,2026-07-08 13:29:00,80.42,0.00,eur,1.38,79.04,Paid,Shopify order #1470,camille.garcia96169@example.com,#1470
ch_3Q000392,2026-07-08 18:06:00,100.70,0.00,eur,1.66,99.04,Paid,Shopify order #1471,nathan.dubois60@example.com,#1471
ch_3Q000393,2026-07-08 15:28:00,249.60,0.00,eur,3.74,245.86,Paid,Shopify order #1472,jade.thomas36075@example.com,#1472
ch_3Q000394,2026-07-08 13:02:00,100.70,0.00,eur,1.66,99.04,Paid,Shopify order #1473,jade.robert87999@example.com,#1473
ch_3Q000395,2026-07-08 15:15:00,249.60,0.00,eur,3.74,245.86,Paid,Shopify order #1474,chloe.robert44212@example.com,#1474
ch_3Q000396,2026-07-08 11:24:00,52.70,0.00,eur,0.99,51.71,Paid,Shopify order #1475,hugo.durand53756@example.com,#1475
ch_3Q000397,2026-07-08 17:41:00,346.80,0.00,eur,5.11,341.69,Paid,Shopify order #1476,lucas.thomas2@example.com,#1476
ch_3Q000398,2026-07-08 12:49:00,52.70,0.00,eur,0.99,51.71,Paid,Shopify order #1477,nathan.laurent38437@example.com,#1477
ch_3Q000399,2026-07-08 16:12:00,64.70,0.00,eur,1.16,63.54,Paid,Shopify order #1478,lucas.bernard21571@example.com,#1478
ch_3Q000400,2026-07-08 21:54:00,76.70,0.00,eur,1.32,75.38,Paid,Shopify order #1479,arthur.durand14@example.com,#1479
ch_3Q000401,2026-07-08 15:48:00,365.04,0.00,eur,5.36,359.68,Paid,Shopify order #1480,camille.michel69522@example.com,#1480
ch_3Q000402,2026-07-08 20:26:00,69.62,0.00,eur,1.22,68.40,Paid,Shopify order #1481,chloe.simon7486@example.com,#1481
ch_3Q000403,2026-07-08 16:39:00,346.80,0.00,eur,5.11,341.69,Paid,Shopify order #1482,ines.laurent15@example.com,#1482
ch_3Q000404,2026-07-08 21:15:00,91.22,0.00,eur,1.53,89.69,Paid,Shopify order #1483,paul.simon55375@example.com,#1483
ch_3Q000405,2026-07-08 22:18:00,178.80,0.00,eur,2.75,176.05,Paid,Shopify order #1484,louis.simon22275@example.com,#1484
ch_3Q000406,2026-07-08 14:29:00,116.64,0.00,eur,1.88,114.76,Paid,Shopify order #1485,emma.michel1509@example.com,#1485
ch_3Q000407,2026-07-08 15:09:00,177.60,0.00,eur,2.74,174.86,Paid,Shopify order #1486,manon.durand39@example.com,#1486
ch_3Q000408,2026-07-09 14:58:00,226.80,0.00,eur,3.43,223.37,Paid,Shopify order #1487,nathan.bernard2@example.com,#1487
ch_3Q000409,2026-07-09 18:54:00,149.04,0.00,eur,2.34,146.70,Paid,Shopify order #1488,jade.garcia85847@example.com,#1488
ch_3Q000410,2026-07-09 09:48:00,165.60,0.00,eur,2.57,163.03,Paid,Shopify order #1489,nathan.laurent4@example.com,#1489
ch_3Q000411,2026-07-09 11:35:00,64.70,0.00,eur,1.16,63.54,Paid,Shopify order #1490,emma.lefebvre71@example.com,#1490
ch_3Q000412,2026-07-09 10:17:00,160.92,0.00,eur,2.50,158.42,Paid,Shopify order #1491,theo.dubois29669@example.com,#1491
ch_3Q000413,2026-07-09 10:29:00,408.24,0.00,eur,5.97,402.27,Paid,Shopify order #1492,lucas.lefebvre89683@example.com,#1492
ch_3Q000414,2026-07-09 22:53:00,178.80,0.00,eur,2.75,176.05,Paid,Shopify order #1493,camille.laurent48118@example.com,#1493
ch_3Q000415,2026-07-09 18:21:00,375.84,0.00,eur,5.51,370.33,Paid,Shopify order #1494,camille.martin90@example.com,#1494
ch_3Q000416,2026-07-09 10:09:00,91.22,0.00,eur,1.53,89.69,Paid,Shopify order #1495,lucas.lefebvre89683@example.com,#1495
ch_3Q000417,2026-07-09 10:06:00,178.80,0.00,eur,2.75,176.05,Paid,Shopify order #1496,ines.leroy45@example.com,#1496
ch_3Q000418,2026-07-09 22:23:00,226.80,0.00,eur,3.43,223.37,Paid,Shopify order #1497,lucas.simon73@example.com,#1497
ch_3Q000419,2026-07-09 10:32:00,48.02,0.00,eur,0.92,47.10,Paid,Shopify order #1498,lea.leroy34081@example.com,#1498
ch_3Q000420,2026-07-09 16:39:00,141.60,0.00,eur,2.23,139.37,Paid,Shopify order #1499,chloe.moreau24120@example.com,#1499
ch_3Q000421,2026-07-09 13:49:00,346.80,0.00,eur,5.11,341.69,Paid,Shopify order #1500,nathan.bernard66@example.com,#1500
ch_3Q000422,2026-07-09 20:35:00,64.70,0.00,eur,1.16,63.54,Paid,Shopify order #1501,louis.simon65650@example.com,#1501
ch_3Q000423,2026-07-09 21:12:00,76.70,0.00,eur,1.32,75.38,Paid,Shopify order #1502,manon.robert2@example.com,#1502
ch_3Q000424,2026-07-09 14:00:00,312.12,0.00,eur,4.62,307.50,Paid,Shopify order #1503,theo.lefebvre72@example.com,#1503
ch_3Q000425,2026-07-09 12:49:00,346.80,0.00,eur,5.11,341.69,Paid,Shopify order #1504,camille.thomas54146@example.com,#1504
ch_3Q000426,2026-07-09 13:22:00,285.60,0.00,eur,4.25,281.35,Paid,Shopify order #1505,arthur.moreau6890@example.com,#1505
ch_3Q000427,2026-07-09 22:41:00,226.80,0.00,eur,3.43,223.37,Paid,Shopify order #1506,lea.dubois10944@example.com,#1506
ch_3Q000428,2026-07-09 08:26:00,248.40,0.00,eur,3.73,244.67,Paid,Shopify order #1507,sarah.simon33@example.com,#1507
ch_3Q000429,2026-07-09 13:25:00,297.60,0.00,eur,4.42,293.18,Paid,Shopify order #1508,jade.thomas93305@example.com,#1508
ch_3Q000430,2026-07-09 20:04:00,129.60,0.00,eur,2.06,127.54,Paid,Shopify order #1509,camille.martin36@example.com,#1509
ch_3Q000431,2026-07-09 10:13:00,64.70,0.00,eur,1.16,63.54,Paid,Shopify order #1510,camille.garcia97789@example.com,#1510
ch_3Q000432,2026-07-10 11:55:00,417.60,0.00,eur,6.10,411.50,Paid,Shopify order #1511,gabriel.petit59900@example.com,#1511
ch_3Q000433,2026-07-10 16:25:00,226.80,0.00,eur,3.43,223.37,Paid,Shopify order #1512,paul.martin24@example.com,#1512
ch_3Q000434,2026-07-10 12:58:00,429.60,0.00,eur,6.26,423.34,Paid,Shopify order #1513,nathan.martin54@example.com,#1513
ch_3Q000435,2026-07-10 16:25:00,80.42,0.00,eur,1.38,79.04,Paid,Shopify order #1514,jade.laurent22@example.com,#1514
ch_3Q000436,2026-07-10 11:50:00,88.70,0.00,eur,1.49,87.21,Paid,Shopify order #1515,manon.lefebvre60476@example.com,#1515
ch_3Q000437,2026-07-10 14:53:00,178.80,0.00,eur,2.75,176.05,Paid,Shopify order #1516,jade.petit21254@example.com,#1516
ch_3Q000438,2026-07-10 21:59:00,52.70,0.00,eur,0.99,51.71,Paid,Shopify order #1517,louis.bernard16230@example.com,#1517
ch_3Q000439,2026-07-10 18:33:00,52.70,0.00,eur,0.99,51.71,Paid,Shopify order #1518,sarah.bernard35653@example.com,#1518
ch_3Q000440,2026-07-10 15:12:00,346.80,0.00,eur,5.11,341.69,Paid,Shopify order #1519,nathan.laurent4@example.com,#1519
ch_3Q000441,2026-07-10 20:46:00,76.70,0.00,eur,1.32,75.38,Paid,Shopify order #1520,manon.garcia97693@example.com,#1520
ch_3Q000442,2026-07-10 08:41:00,346.80,0.00,eur,5.11,341.69,Paid,Shopify order #1521,lea.thomas10@example.com,#1521
ch_3Q000443,2026-07-10 20:14:00,64.70,0.00,eur,1.16,63.54,Paid,Shopify order #1522,theo.dubois29669@example.com,#1522
ch_3Q000444,2026-07-10 12:04:00,297.60,0.00,eur,4.42,293.18,Paid,Shopify order #1523,jade.garcia52868@example.com,#1523
ch_3Q000445,2026-07-10 14:55:00,52.70,0.00,eur,0.99,51.71,Paid,Shopify order #1524,manon.thomas97@example.com,#1524
ch_3Q000446,2026-07-10 20:12:00,117.60,0.00,eur,1.90,115.70,Paid,Shopify order #1525,sarah.thomas16574@example.com,#1525
ch_3Q000447,2026-07-10 17:35:00,95.04,0.00,eur,1.58,93.46,Paid,Shopify order #1526,manon.simon39@example.com,#1526
ch_3Q000448,2026-07-10 09:15:00,160.92,0.00,eur,2.50,158.42,Paid,Shopify order #1527,louis.garcia72@example.com,#1527
ch_3Q000449,2026-07-10 08:06:00,346.80,0.00,eur,5.11,341.69,Paid,Shopify order #1528,chloe.martin40@example.com,#1528
ch_3Q000450,2026-07-10 22:35:00,64.70,0.00,eur,1.16,63.54,Paid,Shopify order #1529,nathan.moreau54628@example.com,#1529
ch_3Q000451,2026-07-10 15:36:00,405.60,0.00,eur,5.93,399.67,Paid,Shopify order #1530,louis.thomas49869@example.com,#1530
ch_3Q000452,2026-07-10 10:29:00,76.70,0.00,eur,1.32,75.38,Paid,Shopify order #1531,camille.bernard97@example.com,#1531
ch_3Q000453,2026-07-10 20:09:00,693.60,0.00,eur,9.96,683.64,Paid,Shopify order #1532,chloe.petit14772@example.com,#1532
ch_3Q000454,2026-07-11 20:57:00,453.60,0.00,eur,6.60,447.00,Paid,Shopify order #1533,theo.martin14@example.com,#1533
ch_3Q000455,2026-07-11 10:39:00,226.80,0.00,eur,3.43,223.37,Paid,Shopify order #1534,louis.simon11@example.com,#1534
ch_3Q000456,2026-07-11 22:46:00,58.82,0.00,eur,1.07,57.75,Paid,Shopify order #1535,manon.michel79544@example.com,#1535
ch_3Q000457,2026-07-11 10:58:00,100.70,0.00,eur,1.66,99.04,Paid,Shopify order #1536,chloe.dubois52937@example.com,#1536
ch_3Q000458,2026-07-11 09:53:00,346.80,0.00,eur,5.11,341.69,Paid,Shopify order #1537,chloe.moreau81805@example.com,#1537
ch_3Q000459,2026-07-11 18:28:00,69.62,0.00,eur,1.22,68.40,Paid,Shopify order #1538,camille.bernard93749@example.com,#1538
ch_3Q000460,2026-07-11 17:36:00,88.70,0.00,eur,1.49,87.21,Paid,Shopify order #1539,hugo.bernard88516@example.com,#1539
ch_3Q000461,2026-07-11 09:08:00,226.80,0.00,eur,3.43,223.37,Paid,Shopify order #1540,jade.michel82@example.com,#1540
ch_3Q000462,2026-07-11 17:07:00,405.60,0.00,eur,5.93,399.67,Paid,Shopify order #1541,sarah.simon11700@example.com,#1541
ch_3Q000463,2026-07-11 15:45:00,236.40,0.00,eur,3.56,232.84,Paid,Shopify order #1542,arthur.petit30@example.com,#1542
ch_3Q000464,2026-07-11 22:19:00,226.80,0.00,eur,3.43,223.37,Paid,Shopify order #1543,louis.martin29@example.com,#1543
ch_3Q000465,2026-07-11 14:46:00,64.70,0.00,eur,1.16,63.54,Paid,Shopify order #1544,louis.lefebvre86@example.com,#1544
ch_3Q000466,2026-07-11 19:36:00,52.70,0.00,eur,0.99,51.71,Paid,Shopify order #1545,jade.thomas5796@example.com,#1545
ch_3Q000467,2026-07-11 19:56:00,64.70,0.00,eur,1.16,63.54,Paid,Shopify order #1546,gabriel.dubois82@example.com,#1546
ch_3Q000468,2026-07-11 21:45:00,321.60,0.00,eur,4.75,316.85,Paid,Shopify order #1547,ines.michel35@example.com,#1547
ch_3Q000469,2026-07-11 18:58:00,91.22,0.00,eur,1.53,89.69,Paid,Shopify order #1548,louis.simon62@example.com,#1548
ch_3Q000470,2026-07-11 14:45:00,64.70,0.00,eur,1.16,63.54,Paid,Shopify order #1549,ines.laurent73346@example.com,#1549
ch_3Q000471,2026-07-11 18:27:00,321.84,0.00,eur,4.76,317.08,Paid,Shopify order #1550,emma.lefebvre43722@example.com,#1550
ch_3Q000472,2026-07-11 12:56:00,48.02,0.00,eur,0.92,47.10,Paid,Shopify order #1551,manon.moreau76717@example.com,#1551
ch_3Q000473,2026-07-11 21:23:00,309.60,0.00,eur,4.58,305.02,Paid,Shopify order #1552,sarah.moreau44@example.com,#1552
ch_3Q000474,2026-07-11 18:58:00,178.80,0.00,eur,2.75,176.05,Paid,Shopify order #1553,jade.michel82@example.com,#1553
ch_3Q000475,2026-07-11 14:57:00,374.76,0.00,eur,5.50,369.26,Paid,Shopify order #1554,emma.bernard71396@example.com,#1554
ch_3Q000476,2026-07-11 16:25:00,69.62,0.00,eur,1.22,68.40,Paid,Shopify order #1555,louis.leroy76017@example.com,#1555
ch_3Q000477,2026-07-12 13:59:00,88.70,0.00,eur,1.49,87.21,Paid,Shopify order #1556,lea.bernard94921@example.com,#1556
ch_3Q000478,2026-07-12 10:02:00,117.60,0.00,eur,1.90,115.70,Paid,Shopify order #1557,hugo.michel99@example.com,#1557
ch_3Q000479,2026-07-12 12:49:00,453.60,0.00,eur,6.60,447.00,Paid,Shopify order #1558,manon.laurent52675@example.com,#1558
ch_3Q000480,2026-07-12 10:45:00,64.70,0.00,eur,1.16,63.54,Paid,Shopify order #1559,gabriel.leroy22@example.com,#1559
ch_3Q000481,2026-07-12 12:50:00,178.80,0.00,eur,2.75,176.05,Paid,Shopify order #1560,emma.petit27@example.com,#1560
ch_3Q000482,2026-07-12 21:34:00,141.60,0.00,eur,2.23,139.37,Paid,Shopify order #1561,ines.thomas61788@example.com,#1561
ch_3Q000483,2026-07-12 21:12:00,52.70,0.00,eur,0.99,51.71,Paid,Shopify order #1562,gabriel.lefebvre70163@example.com,#1562
ch_3Q000484,2026-07-12 19:35:00,226.80,0.00,eur,3.43,223.37,Paid,Shopify order #1563,ines.laurent2328@example.com,#1563
ch_3Q000485,2026-07-12 18:32:00,52.70,0.00,eur,0.99,51.71,Paid,Shopify order #1564,paul.michel92441@example.com,#1564
ch_3Q000486,2026-07-12 22:45:00,224.40,0.00,eur,3.39,221.01,Paid,Shopify order #1565,manon.lefebvre18@example.com,#1565
ch_3Q000487,2026-07-12 13:13:00,99.50,0.00,eur,1.64,97.86,Paid,Shopify order #1566,sarah.durand66180@example.com,#1566
ch_3Q000488,2026-07-12 10:42:00,91.22,0.00,eur,1.53,89.69,Paid,Shopify order #1567,ines.laurent71902@example.com,#1567
ch_3Q000489,2026-07-12 19:22:00,91.22,0.00,eur,1.53,89.69,Paid,Shopify order #1568,paul.moreau98663@example.com,#1568
ch_3Q000490,2026-07-12 21:20:00,693.60,0.00,eur,9.96,683.64,Paid,Shopify order #1569,manon.moreau51@example.com,#1569
ch_3Q000491,2026-07-12 19:55:00,189.60,0.00,eur,2.90,186.70,Paid,Shopify order #1570,lucas.martin20919@example.com,#1570
ch_3Q000492,2026-07-12 08:02:00,573.60,0.00,eur,8.28,565.32,Paid,Shopify order #1571,jade.michel82@example.com,#1571
ch_3Q000493,2026-07-12 14:17:00,141.60,0.00,eur,2.23,139.37,Paid,Shopify order #1572,lucas.thomas2@example.com,#1572
ch_3Q000494,2026-07-12 08:55:00,100.70,0.00,eur,1.66,99.04,Paid,Shopify order #1573,arthur.durand37@example.com,#1573
ch_3Q000495,2026-07-12 09:30:00,88.70,0.00,eur,1.49,87.21,Paid,Shopify order #1574,louis.simon22275@example.com,#1574
ch_3Q000496,2026-07-13 17:33:00,48.02,0.00,eur,0.92,47.10,Paid,Shopify order #1575,manon.durand39@example.com,#1575
ch_3Q000497,2026-07-13 11:05:00,226.80,0.00,eur,3.43,223.37,Paid,Shopify order #1576,theo.michel96938@example.com,#1576
ch_3Q000498,2026-07-13 16:29:00,64.70,0.00,eur,1.16,63.54,Paid,Shopify order #1577,nathan.petit85757@example.com,#1577
ch_3Q000499,2026-07-13 09:37:00,64.70,0.00,eur,1.16,63.54,Paid,Shopify order #1578,theo.thomas69@example.com,#1578
ch_3Q000500,2026-07-13 19:14:00,64.70,0.00,eur,1.16,63.54,Paid,Shopify order #1579,sarah.durand18@example.com,#1579
ch_3Q000501,2026-07-13 17:27:00,165.60,0.00,eur,2.57,163.03,Paid,Shopify order #1580,chloe.petit40178@example.com,#1580
ch_3Q000502,2026-07-13 17:15:00,88.70,0.00,eur,1.49,87.21,Paid,Shopify order #1581,lucas.simon73@example.com,#1581
ch_3Q000503,2026-07-13 20:25:00,100.70,0.00,eur,1.66,99.04,Paid,Shopify order #1582,sarah.robert67359@example.com,#1582
ch_3Q000504,2026-07-13 22:44:00,204.12,0.00,eur,3.11,201.01,Paid,Shopify order #1583,camille.dubois86541@example.com,#1583
ch_3Q000505,2026-07-13 20:26:00,178.80,0.00,eur,2.75,176.05,Paid,Shopify order #1584,sarah.simon11700@example.com,#1584
ch_3Q000506,2026-07-13 22:28:00,261.60,0.00,eur,3.91,257.69,Paid,Shopify order #1585,gabriel.martin95@example.com,#1585
ch_3Q000507,2026-07-13 20:24:00,52.70,0.00,eur,0.99,51.71,Paid,Shopify order #1586,manon.petit14@example.com,#1586
ch_3Q000508,2026-07-13 22:06:00,48.02,0.00,eur,0.92,47.10,Paid,Shopify order #1587,chloe.laurent98@example.com,#1587
ch_3Q000509,2026-07-13 21:05:00,393.60,0.00,eur,5.76,387.84,Paid,Shopify order #1588,arthur.martin81758@example.com,#1588
ch_3Q000510,2026-07-13 10:23:00,52.70,0.00,eur,0.99,51.71,Paid,Shopify order #1589,ines.thomas54819@example.com,#1589
ch_3Q000511,2026-07-13 20:12:00,160.92,0.00,eur,2.50,158.42,Paid,Shopify order #1590,ines.garcia78@example.com,#1590
ch_3Q000512,2026-07-13 20:54:00,159.84,0.00,eur,2.49,157.35,Paid,Shopify order #1591,jade.durand86@example.com,#1591
ch_3Q000513,2026-07-13 15:15:00,226.80,0.00,eur,3.43,223.37,Paid,Shopify order #1592,hugo.thomas58346@example.com,#1592
ch_3Q000514,2026-07-13 13:37:00,417.60,0.00,eur,6.10,411.50,Paid,Shopify order #1593,hugo.simon3214@example.com,#1593
ch_3Q000515,2026-07-13 12:26:00,88.70,0.00,eur,1.49,87.21,Paid,Shopify order #1594,lea.lefebvre60549@example.com,#1594
ch_3Q000516,2026-07-13 18:56:00,76.70,0.00,eur,1.32,75.38,Paid,Shopify order #1595,ines.martin87352@example.com,#1595
ch_3Q000517,2026-07-13 18:52:00,246.24,0.00,eur,3.70,242.54,Paid,Shopify order #1596,arthur.petit13782@example.com,#1596
ch_3Q000518,2026-07-13 20:01:00,100.70,0.00,eur,1.66,99.04,Paid,Shopify order #1597,arthur.garcia59563@example.com,#1597
ch_3Q000519,2026-07-13 22:49:00,178.80,0.00,eur,2.75,176.05,Paid,Shopify order #1598,arthur.lefebvre94355@example.com,#1598
ch_3Q000520,2026-07-13 12:23:00,48.02,34.68,eur,0.92,47.10,Paid,Shopify order #1599,lea.durand59342@example.com,#1599
ch_3Q000521,2026-07-13 09:36:00,346.80,0.00,eur,5.11,341.69,Paid,Shopify order #1600,hugo.lefebvre55@example.com,#1600
ch_3Q000522,2026-07-13 09:08:00,52.70,0.00,eur,0.99,51.71,Paid,Shopify order #1601,manon.robert92@example.com,#1601
ch_3Q000523,2026-07-13 09:23:00,160.92,0.00,eur,2.50,158.42,Paid,Shopify order #1602,chloe.moreau24120@example.com,#1602
ch_3Q000524,2026-07-13 12:56:00,52.70,0.00,eur,0.99,51.71,Paid,Shopify order #1603,gabriel.martin70601@example.com,#1603
ch_3Q000525,2026-07-14 13:54:00,346.80,0.00,eur,5.11,341.69,Paid,Shopify order #1604,emma.petit67661@example.com,#1604
ch_3Q000526,2026-07-14 18:24:00,405.60,0.00,eur,5.93,399.67,Paid,Shopify order #1605,sarah.robert67359@example.com,#1605
ch_3Q000527,2026-07-14 11:15:00,64.70,0.00,eur,1.16,63.54,Paid,Shopify order #1606,camille.martin84@example.com,#1606
ch_3Q000528,2026-07-14 20:33:00,189.60,0.00,eur,2.90,186.70,Paid,Shopify order #1607,jade.laurent60872@example.com,#1607
ch_3Q000529,2026-07-14 12:56:00,297.60,0.00,eur,4.42,293.18,Paid,Shopify order #1608,sarah.thomas66@example.com,#1608
ch_3Q000530,2026-07-14 17:21:00,261.60,201.45,eur,3.91,257.69,Paid,Shopify order #1609,ines.lefebvre12298@example.com,#1609
ch_3Q000531,2026-07-14 10:15:00,512.40,0.00,eur,7.42,504.98,Paid,Shopify order #1610,camille.petit42@example.com,#1610
ch_3Q000532,2026-07-14 13:57:00,693.60,0.00,eur,9.96,683.64,Paid,Shopify order #1611,sarah.durand66180@example.com,#1611
ch_3Q000533,2026-07-14 22:44:00,64.70,0.00,eur,1.16,63.54,Paid,Shopify order #1612,sarah.garcia63338@example.com,#1612
ch_3Q000534,2026-07-14 17:43:00,272.40,0.00,eur,4.06,268.34,Paid,Shopify order #1613,chloe.lefebvre28179@example.com,#1613
ch_3Q000535,2026-07-14 15:46:00,573.60,0.00,eur,8.28,565.32,Paid,Shopify order #1614,paul.laurent3345@example.com,#1614
ch_3Q000536,2026-07-14 18:33:00,346.80,0.00,eur,5.11,341.69,Paid,Shopify order #1615,theo.simon75706@example.com,#1615
ch_3Q000537,2026-07-14 12:34:00,312.12,0.00,eur,4.62,307.50,Paid,Shopify order #1616,camille.moreau97@example.com,#1616
ch_3Q000538,2026-07-14 20:43:00,100.70,0.00,eur,1.66,99.04,Paid,Shopify order #1617,arthur.durand81@example.com,#1617
ch_3Q000539,2026-07-14 10:46:00,64.70,0.00,eur,1.16,63.54,Paid,Shopify order #1618,lea.garcia97183@example.com,#1618
ch_3Q000540,2026-07-14 19:24:00,246.24,0.00,eur,3.70,242.54,Paid,Shopify order #1619,sarah.leroy11045@example.com,#1619
ch_3Q000541,2026-07-14 15:51:00,52.70,0.00,eur,0.99,51.71,Paid,Shopify order #1620,jade.laurent66390@example.com,#1620
ch_3Q000542,2026-07-14 14:24:00,212.76,0.00,eur,3.23,209.53,Paid,Shopify order #1621,lea.leroy57306@example.com,#1621
ch_3Q000543,2026-07-14 20:59:00,100.70,0.00,eur,1.66,99.04,Paid,Shopify order #1622,emma.robert89957@example.com,#1622
ch_3Q000544,2026-07-14 10:46:00,127.44,0.00,eur,2.03,125.41,Paid,Shopify order #1623,chloe.durand89589@example.com,#1623
ch_3Q000545,2026-07-14 22:51:00,693.60,0.00,eur,9.96,683.64,Paid,Shopify order #1624,ines.thomas54819@example.com,#1624
ch_3Q000546,2026-07-14 08:06:00,452.40,273.43,eur,6.58,445.82,Paid,Shopify order #1625,arthur.robert75@example.com,#1625
ch_3Q000547,2026-07-14 12:49:00,226.80,0.00,eur,3.43,223.37,Paid,Shopify order #1626,nathan.petit31655@example.com,#1626
ch_3Q000548,2026-07-14 15:59:00,226.80,0.00,eur,3.43,223.37,Paid,Shopify order #1627,arthur.garcia59563@example.com,#1627
ch_3Q000549,2026-07-14 09:27:00,226.80,0.00,eur,3.43,223.37,Paid,Shopify order #1628,emma.moreau82@example.com,#1628
ch_3Q000550,2026-07-14 10:16:00,69.62,0.00,eur,1.22,68.40,Paid,Shopify order #1629,camille.simon80@example.com,#1629
ch_3Q000551,2026-07-14 08:50:00,64.70,0.00,eur,1.16,63.54,Paid,Shopify order #1630,louis.simon65@example.com,#1630
ch_3Q000552,2026-07-14 09:55:00,321.84,0.00,eur,4.76,317.08,Paid,Shopify order #1631,arthur.robert44822@example.com,#1631
ch_3Q000553,2026-07-14 08:23:00,76.70,0.00,eur,1.32,75.38,Paid,Shopify order #1632,camille.robert48550@example.com,#1632
ch_3Q000554,2026-07-14 15:34:00,309.60,0.00,eur,4.58,305.02,Paid,Shopify order #1633,arthur.moreau17950@example.com,#1633
ch_3Q000555,2026-07-14 22:54:00,365.04,0.00,eur,5.36,359.68,Paid,Shopify order #1634,louis.laurent15516@example.com,#1634
ch_3Q000556,2026-07-15 11:01:00,76.70,0.00,eur,1.32,75.38,Paid,Shopify order #1635,chloe.dubois52937@example.com,#1635
ch_3Q000557,2026-07-15 11:21:00,346.80,0.00,eur,5.11,341.69,Paid,Shopify order #1636,sarah.simon26203@example.com,#1636
ch_3Q000558,2026-07-15 11:10:00,105.60,0.00,eur,1.73,103.87,Paid,Shopify order #1637,nathan.dubois77209@example.com,#1637
ch_3Q000559,2026-07-15 13:07:00,178.80,0.00,eur,2.75,176.05,Paid,Shopify order #1638,nathan.moreau40855@example.com,#1638
ch_3Q000560,2026-07-15 22:47:00,441.60,0.00,eur,6.43,435.17,Paid,Shopify order #1639,sarah.robert1@example.com,#1639
ch_3Q000561,2026-07-15 17:29:00,200.40,0.00,eur,3.06,197.34,Paid,Shopify order #1640,jade.moreau46207@example.com,#1640
ch_3Q000562,2026-07-15 17:34:00,584.40,0.00,eur,8.43,575.97,Paid,Shopify order #1641,paul.moreau83499@example.com,#1641
ch_3Q000563,2026-07-15 08:41:00,149.04,94.15,eur,2.34,146.70,Paid,Shopify order #1642,paul.thomas47164@example.com,#1642
ch_3Q000564,2026-07-15 22:58:00,309.60,0.00,eur,4.58,305.02,Paid,Shopify order #1643,lucas.robert97200@example.com,#1643
ch_3Q000565,2026-07-15 18:26:00,127.44,0.00,eur,2.03,125.41,Paid,Shopify order #1644,louis.simon38332@example.com,#1644
ch_3Q000566,2026-07-15 10:32:00,346.80,0.00,eur,5.11,341.69,Paid,Shopify order #1645,paul.thomas47164@example.com,#1645
ch_3Q000567,2026-07-15 17:48:00,312.12,0.00,eur,4.62,307.50,Paid,Shopify order #1646,camille.laurent75106@example.com,#1646
ch_3Q000568,2026-07-15 19:47:00,178.80,0.00,eur,2.75,176.05,Paid,Shopify order #1647,louis.martin97492@example.com,#1647
ch_3Q000569,2026-07-15 15:46:00,204.12,0.00,eur,3.11,201.01,Paid,Shopify order #1648,ines.thomas96130@example.com,#1648
ch_3Q000570,2026-07-15 21:13:00,153.60,0.00,eur,2.40,151.20,Paid,Shopify order #1649,arthur.moreau6890@example.com,#1649
ch_3Q000571,2026-07-15 22:51:00,127.44,0.00,eur,2.03,125.41,Paid,Shopify order #1650,louis.simon99818@example.com,#1650
ch_3Q000572,2026-07-15 21:26:00,178.80,0.00,eur,2.75,176.05,Paid,Shopify order #1651,jade.petit90330@example.com,#1651
ch_3Q000573,2026-07-15 18:57:00,76.70,0.00,eur,1.32,75.38,Paid,Shopify order #1652,gabriel.robert87768@example.com,#1652
ch_3Q000574,2026-07-15 14:17:00,429.60,0.00,eur,6.26,423.34,Paid,Shopify order #1653,lucas.thomas10528@example.com,#1653
ch_3Q000575,2026-07-15 13:12:00,141.60,0.00,eur,2.23,139.37,Paid,Shopify order #1654,jade.dubois93254@example.com,#1654
ch_3Q000576,2026-07-15 15:17:00,153.60,0.00,eur,2.40,151.20,Paid,Shopify order #1655,lea.moreau38173@example.com,#1655
ch_3Q000577,2026-07-15 18:31:00,100.70,0.00,eur,1.66,99.04,Paid,Shopify order #1656,manon.leroy67882@example.com,#1656
ch_3Q000578,2026-07-15 16:07:00,48.02,0.00,eur,0.92,47.10,Paid,Shopify order #1657,nathan.michel4@example.com,#1657
ch_3Q000579,2026-07-15 21:51:00,346.80,0.00,eur,5.11,341.69,Paid,Shopify order #1658,ines.moreau72@example.com,#1658
ch_3Q000580,2026-07-15 19:03:00,141.60,0.00,eur,2.23,139.37,Paid,Shopify order #1659,paul.moreau16@example.com,#1659
ch_3Q000581,2026-07-15 11:10:00,153.60,0.00,eur,2.40,151.20,Paid,Shopify order #1660,sarah.petit30915@example.com,#1660
ch_3Q000582,2026-07-15 21:41:00,346.80,0.00,eur,5.11,341.69,Paid,Shopify order #1661,camille.robert59429@example.com,#1661
ch_3Q000583,2026-07-16 09:17:00,548.40,0.00,eur,7.93,540.47,Paid,Shopify order #1662,lea.petit9386@example.com,#1662
ch_3Q000584,2026-07-16 14:26:00,188.40,0.00,eur,2.89,185.51,Paid,Shopify order #1663,paul.leroy99@example.com,#1663
ch_3Q000585,2026-07-16 19:57:00,76.70,0.00,eur,1.32,75.38,Paid,Shopify order #1664,ines.robert16391@example.com,#1664
ch_3Q000586,2026-07-16 16:51:00,312.12,0.00,eur,4.62,307.50,Paid,Shopify order #1665,sarah.robert32263@example.com,#1665
ch_3Q000587,2026-07-16 16:38:00,417.60,0.00,eur,6.10,411.50,Paid,Shopify order #1666,gabriel.laurent69@example.com,#1666
ch_3Q000588,2026-07-16 09:34:00,200.40,0.00,eur,3.06,197.34,Paid,Shopify order #1667,paul.lefebvre8256@example.com,#1667
ch_3Q000589,2026-07-16 20:09:00,236.40,0.00,eur,3.56,232.84,Paid,Shopify order #1668,emma.robert94059@example.com,#1668
ch_3Q000590,2026-07-16 18:58:00,464.40,0.00,eur,6.75,457.65,Paid,Shopify order #1669,ines.dubois4949@example.com,#1669
ch_3Q000591,2026-07-16 14:27:00,273.60,0.00,eur,4.08,269.52,Paid,Shopify order #1670,arthur.garcia47062@example.com,#1670
ch_3Q000592,2026-07-16 18:21:00,226.80,0.00,eur,3.43,223.37,Paid,Shopify order #1671,ines.robert16391@example.com,#1671
ch_3Q000593,2026-07-16 15:53:00,88.70,0.00,eur,1.49,87.21,Paid,Shopify order #1672,lea.michel43@example.com,#1672
ch_3Q000594,2026-07-16 22:46:00,100.70,0.00,eur,1.66,99.04,Paid,Shopify order #1673,ines.michel35@example.com,#1673
ch_3Q000595,2026-07-16 13:03:00,397.44,0.00,eur,5.81,391.63,Paid,Shopify order #1674,emma.simon80@example.com,#1674
ch_3Q000596,2026-07-16 12:54:00,237.60,0.00,eur,3.58,234.02,Paid,Shopify order #1675,chloe.laurent41376@example.com,#1675
ch_3Q000597,2026-07-16 14:45:00,165.60,0.00,eur,2.57,163.03,Paid,Shopify order #1676,chloe.leroy24@example.com,#1676
ch_3Q000598,2026-07-16 14:47:00,58.82,0.00,eur,1.07,57.75,Paid,Shopify order #1677,arthur.martin81758@example.com,#1677
ch_3Q000599,2026-07-16 09:30:00,178.80,0.00,eur,2.75,176.05,Paid,Shopify order #1678,ines.dubois45184@example.com,#1678
ch_3Q000600,2026-07-16 19:34:00,52.70,0.00,eur,0.99,51.71,Paid,Shopify order #1679,ines.martin53@example.com,#1679
ch_3Q000601,2026-07-16 12:54:00,69.62,0.00,eur,1.22,68.40,Paid,Shopify order #1680,theo.thomas61754@example.com,#1680
ch_3Q000602,2026-07-16 09:07:00,178.80,0.00,eur,2.75,176.05,Paid,Shopify order #1681,arthur.garcia97383@example.com,#1681
ch_3Q000603,2026-07-16 19:20:00,226.80,0.00,eur,3.43,223.37,Paid,Shopify order #1682,manon.bernard64@example.com,#1682
ch_3Q000604,2026-07-16 18:53:00,52.70,0.00,eur,0.99,51.71,Paid,Shopify order #1683,lea.thomas10@example.com,#1683
ch_3Q000605,2026-07-16 12:20:00,76.70,0.00,eur,1.32,75.38,Paid,Shopify order #1684,paul.michel95691@example.com,#1684
ch_3Q000606,2026-07-16 10:16:00,226.80,0.00,eur,3.43,223.37,Paid,Shopify order #1685,manon.laurent7@example.com,#1685
ch_3Q000607,2026-07-16 17:24:00,58.82,0.00,eur,1.07,57.75,Paid,Shopify order #1686,lucas.petit23563@example.com,#1686
ch_3Q000608,2026-07-17 08:14:00,64.70,0.00,eur,1.16,63.54,Paid,Shopify order #1687,louis.moreau40170@example.com,#1687
ch_3Q000609,2026-07-17 13:31:00,52.70,0.00,eur,0.99,51.71,Paid,Shopify order #1688,lucas.michel81466@example.com,#1688
ch_3Q000610,2026-07-17 14:47:00,99.50,0.00,eur,1.64,97.86,Paid,Shopify order #1689,lea.michel85779@example.com,#1689
ch_3Q000611,2026-07-17 22:53:00,100.70,0.00,eur,1.66,99.04,Paid,Shopify order #1690,nathan.lefebvre87799@example.com,#1690
ch_3Q000612,2026-07-17 08:13:00,357.60,0.00,eur,5.26,352.34,Paid,Shopify order #1691,camille.dubois75521@example.com,#1691
ch_3Q000613,2026-07-17 21:31:00,178.80,0.00,eur,2.75,176.05,Paid,Shopify order #1692,jade.michel68@example.com,#1692
ch_3Q000614,2026-07-17 12:24:00,100.70,0.00,eur,1.66,99.04,Paid,Shopify order #1693,chloe.thomas8@example.com,#1693
ch_3Q000615,2026-07-17 16:28:00,88.70,0.00,eur,1.49,87.21,Paid,Shopify order #1694,ines.dubois79@example.com,#1694
ch_3Q000616,2026-07-17 08:56:00,525.60,0.00,eur,7.61,517.99,Paid,Shopify order #1695,louis.garcia18984@example.com,#1695
ch_3Q000617,2026-07-17 18:59:00,88.70,0.00,eur,1.49,87.21,Paid,Shopify order #1696,jade.laurent60872@example.com,#1696
ch_3Q000618,2026-07-17 09:40:00,91.22,0.00,eur,1.53,89.69,Paid,Shopify order #1697,camille.bernard93749@example.com,#1697
ch_3Q000619,2026-07-17 22:16:00,76.70,0.00,eur,1.32,75.38,Paid,Shopify order #1698,ines.dubois4949@example.com,#1698
ch_3Q000620,2026-07-17 10:30:00,76.70,0.00,eur,1.32,75.38,Paid,Shopify order #1699,lea.moreau42@example.com,#1699
ch_3Q000621,2026-07-17 14:52:00,296.40,0.00,eur,4.40,292.00,Paid,Shopify order #1700,theo.bernard59@example.com,#1700
ch_3Q000622,2026-07-17 17:24:00,88.70,0.00,eur,1.49,87.21,Paid,Shopify order #1701,camille.laurent48118@example.com,#1701
ch_3Q000623,2026-07-17 18:06:00,226.80,0.00,eur,3.43,223.37,Paid,Shopify order #1702,sarah.robert45292@example.com,#1702
ch_3Q000624,2026-07-17 10:24:00,178.80,0.00,eur,2.75,176.05,Paid,Shopify order #1703,lea.leroy34081@example.com,#1703
ch_3Q000625,2026-07-17 12:57:00,191.16,0.00,eur,2.93,188.23,Paid,Shopify order #1704,gabriel.bernard64@example.com,#1704
ch_3Q000626,2026-07-17 13:59:00,344.40,0.00,eur,5.07,339.33,Paid,Shopify order #1705,lucas.robert36854@example.com,#1705
ch_3Q000627,2026-07-17 14:25:00,88.70,0.00,eur,1.49,87.21,Paid,Shopify order #1706,jade.lefebvre19031@example.com,#1706
ch_3Q000628,2026-07-17 17:32:00,52.70,0.00,eur,0.99,51.71,Paid,Shopify order #1707,sarah.thomas16574@example.com,#1707
ch_3Q000629,2026-07-17 13:50:00,261.60,0.00,eur,3.91,257.69,Paid,Shopify order #1708,hugo.leroy45@example.com,#1708
ch_3Q000630,2026-07-17 18:58:00,48.02,0.00,eur,0.92,47.10,Paid,Shopify order #1709,theo.laurent74@example.com,#1709
ch_3Q000631,2026-07-18 17:22:00,312.12,0.00,eur,4.62,307.50,Paid,Shopify order #1710,louis.moreau14267@example.com,#1710
ch_3Q000632,2026-07-18 16:18:00,312.12,0.00,eur,4.62,307.50,Paid,Shopify order #1711,lucas.laurent94437@example.com,#1711
ch_3Q000633,2026-07-18 15:02:00,91.22,0.00,eur,1.53,89.69,Paid,Shopify order #1712,theo.laurent2433@example.com,#1712
ch_3Q000634,2026-07-18 08:46:00,312.12,0.00,eur,4.62,307.50,Paid,Shopify order #1713,lucas.petit23563@example.com,#1713
ch_3Q000635,2026-07-18 09:59:00,99.50,0.00,eur,1.64,97.86,Paid,Shopify order #1714,lea.laurent93@example.com,#1714
ch_3Q000636,2026-07-18 19:39:00,88.70,0.00,eur,1.49,87.21,Paid,Shopify order #1715,ines.robert58824@example.com,#1715
ch_3Q000637,2026-07-18 14:55:00,178.80,0.00,eur,2.75,176.05,Paid,Shopify order #1716,hugo.martin28@example.com,#1716
ch_3Q000638,2026-07-18 11:05:00,48.02,0.00,eur,0.92,47.10,Paid,Shopify order #1717,emma.leroy23@example.com,#1717
ch_3Q000639,2026-07-18 21:51:00,226.80,0.00,eur,3.43,223.37,Paid,Shopify order #1718,theo.durand53818@example.com,#1718
ch_3Q000640,2026-07-18 18:17:00,160.92,0.00,eur,2.50,158.42,Paid,Shopify order #1719,lea.bernard94921@example.com,#1719
ch_3Q000641,2026-07-18 13:46:00,64.70,0.00,eur,1.16,63.54,Paid,Shopify order #1720,lea.michel68536@example.com,#1720
ch_3Q000642,2026-07-18 15:26:00,52.70,0.00,eur,0.99,51.71,Paid,Shopify order #1721,hugo.simon16477@example.com,#1721
ch_3Q000643,2026-07-18 17:38:00,138.24,0.00,eur,2.19,136.05,Paid,Shopify order #1722,ines.thomas54819@example.com,#1722
ch_3Q000644,2026-07-18 15:08:00,226.80,0.00,eur,3.43,223.37,Paid,Shopify order #1723,louis.simon99818@example.com,#1723
ch_3Q000645,2026-07-18 09:10:00,346.80,0.00,eur,5.11,341.69,Paid,Shopify order #1724,camille.michel19@example.com,#1724
ch_3Q000646,2026-07-18 22:45:00,105.60,0.00,eur,1.73,103.87,Paid,Shopify order #1725,sarah.leroy31@example.com,#1725
ch_3Q000647,2026-07-18 18:56:00,189.60,0.00,eur,2.90,186.70,Paid,Shopify order #1726,ines.laurent25059@example.com,#1726
ch_3Q000648,2026-07-18 08:32:00,346.80,0.00,eur,5.11,341.69,Paid,Shopify order #1727,nathan.laurent24158@example.com,#1727
ch_3Q000649,2026-07-18 12:36:00,129.60,0.00,eur,2.06,127.54,Paid,Shopify order #1728,arthur.laurent79653@example.com,#1728
ch_3Q000650,2026-07-18 17:30:00,64.70,0.00,eur,1.16,63.54,Paid,Shopify order #1729,manon.simon39@example.com,#1729
ch_3Q000651,2026-07-19 10:26:00,100.70,0.00,eur,1.66,99.04,Paid,Shopify order #1730,camille.bernard48275@example.com,#1730
ch_3Q000652,2026-07-19 18:16:00,76.70,44.3,eur,1.32,75.38,Paid,Shopify order #1731,manon.durand54@example.com,#1731
ch_3Q000653,2026-07-19 21:59:00,64.70,0.00,eur,1.16,63.54,Paid,Shopify order #1732,lea.bernard12@example.com,#1732
ch_3Q000654,2026-07-19 09:16:00,141.60,0.00,eur,2.23,139.37,Paid,Shopify order #1733,sarah.petit9@example.com,#1733
ch_3Q000655,2026-07-19 09:44:00,261.60,0.00,eur,3.91,257.69,Paid,Shopify order #1734,lea.lefebvre61835@example.com,#1734
ch_3Q000656,2026-07-19 12:30:00,52.70,0.00,eur,0.99,51.71,Paid,Shopify order #1735,manon.lefebvre76267@example.com,#1735
ch_3Q000657,2026-07-19 14:47:00,453.60,0.00,eur,6.60,447.00,Paid,Shopify order #1736,chloe.garcia62@example.com,#1736
ch_3Q000658,2026-07-19 14:35:00,368.40,0.00,eur,5.41,362.99,Paid,Shopify order #1737,nathan.moreau47072@example.com,#1737
ch_3Q000659,2026-07-19 18:05:00,188.40,89.27,eur,2.89,185.51,Paid,Shopify order #1738,gabriel.durand67865@example.com,#1738
ch_3Q000660,2026-07-19 16:23:00,52.70,0.00,eur,0.99,51.71,Paid,Shopify order #1739,camille.bernard6824@example.com,#1739
ch_3Q000661,2026-07-19 11:14:00,273.60,0.00,eur,4.08,269.52,Paid,Shopify order #1740,lea.lefebvre60549@example.com,#1740
ch_3Q000662,2026-07-19 13:52:00,100.70,0.00,eur,1.66,99.04,Paid,Shopify order #1741,arthur.durand37@example.com,#1741
ch_3Q000663,2026-07-19 19:44:00,52.70,0.00,eur,0.99,51.71,Paid,Shopify order #1742,camille.thomas54146@example.com,#1742
ch_3Q000664,2026-07-19 12:37:00,312.12,0.00,eur,4.62,307.50,Paid,Shopify order #1743,paul.dubois39@example.com,#1743
ch_3Q000665,2026-07-19 10:20:00,100.70,40.45,eur,1.66,99.04,Paid,Shopify order #1744,emma.bernard89@example.com,#1744
ch_3Q000666,2026-07-19 22:13:00,138.24,0.00,eur,2.19,136.05,Paid,Shopify order #1745,sarah.moreau50603@example.com,#1745
ch_3Q000667,2026-07-19 19:49:00,69.62,0.00,eur,1.22,68.40,Paid,Shopify order #1746,emma.garcia28453@example.com,#1746
ch_3Q000668,2026-07-19 15:12:00,91.22,0.00,eur,1.53,89.69,Paid,Shopify order #1747,manon.petit14@example.com,#1747
ch_3Q000669,2026-07-19 12:29:00,201.96,0.00,eur,3.08,198.88,Paid,Shopify order #1748,louis.garcia72@example.com,#1748
ch_3Q000670,2026-07-19 17:20:00,165.60,0.00,eur,2.57,163.03,Paid,Shopify order #1749,paul.laurent65496@example.com,#1749
ch_3Q000671,2026-07-19 14:00:00,48.02,0.00,eur,0.92,47.10,Paid,Shopify order #1750,gabriel.michel44277@example.com,#1750
ch_3Q000672,2026-07-19 15:12:00,48.02,0.00,eur,0.92,47.10,Paid,Shopify order #1751,lucas.thomas10528@example.com,#1751
ch_3Q000673,2026-07-19 22:40:00,64.70,0.00,eur,1.16,63.54,Paid,Shopify order #1752,paul.petit33@example.com,#1752
ch_3Q000674,2026-07-20 18:19:00,226.80,0.00,eur,3.43,223.37,Paid,Shopify order #1753,theo.moreau90481@example.com,#1753
ch_3Q000675,2026-07-20 19:57:00,64.70,0.00,eur,1.16,63.54,Paid,Shopify order #1754,louis.robert78341@example.com,#1754
ch_3Q000676,2026-07-20 10:39:00,52.70,0.00,eur,0.99,51.71,Paid,Shopify order #1755,lucas.leroy42@example.com,#1755
ch_3Q000677,2026-07-20 15:19:00,189.60,0.00,eur,2.90,186.70,Paid,Shopify order #1756,gabriel.moreau68@example.com,#1756
ch_3Q000678,2026-07-20 09:41:00,393.60,0.00,eur,5.76,387.84,Paid,Shopify order #1757,hugo.garcia37905@example.com,#1757
ch_3Q000679,2026-07-20 10:09:00,64.70,0.00,eur,1.16,63.54,Paid,Shopify order #1758,gabriel.lefebvre16609@example.com,#1758
ch_3Q000680,2026-07-20 21:14:00,76.70,0.00,eur,1.32,75.38,Paid,Shopify order #1759,sarah.thomas43686@example.com,#1759
ch_3Q000681,2026-07-20 20:25:00,76.70,0.00,eur,1.32,75.38,Paid,Shopify order #1760,chloe.leroy24@example.com,#1760
ch_3Q000682,2026-07-20 15:03:00,64.70,0.00,eur,1.16,63.54,Paid,Shopify order #1761,gabriel.moreau84136@example.com,#1761
ch_3Q000683,2026-07-20 16:10:00,100.70,0.00,eur,1.66,99.04,Paid,Shopify order #1762,nathan.moreau32422@example.com,#1762
ch_3Q000684,2026-07-20 17:58:00,178.80,0.00,eur,2.75,176.05,Paid,Shopify order #1763,louis.michel64440@example.com,#1763
ch_3Q000685,2026-07-20 22:25:00,58.82,0.00,eur,1.07,57.75,Paid,Shopify order #1764,chloe.bernard28@example.com,#1764
ch_3Q000686,2026-07-20 17:07:00,48.02,0.00,eur,0.92,47.10,Paid,Shopify order #1765,hugo.michel87001@example.com,#1765
ch_3Q000687,2026-07-20 16:21:00,178.80,0.00,eur,2.75,176.05,Paid,Shopify order #1766,camille.simon35157@example.com,#1766
ch_3Q000688,2026-07-20 21:49:00,64.70,0.00,eur,1.16,63.54,Paid,Shopify order #1767,louis.leroy728@example.com,#1767
ch_3Q000689,2026-07-20 22:17:00,52.70,0.00,eur,0.99,51.71,Paid,Shopify order #1768,sarah.simon11700@example.com,#1768
ch_3Q000690,2026-07-20 12:32:00,52.70,0.00,eur,0.99,51.71,Paid,Shopify order #1769,camille.laurent38236@example.com,#1769
ch_3Q000691,2026-07-20 17:58:00,346.80,0.00,eur,5.11,341.69,Paid,Shopify order #1770,manon.dubois96226@example.com,#1770
ch_3Q000692,2026-07-20 10:04:00,91.22,0.00,eur,1.53,89.69,Paid,Shopify order #1771,camille.dubois63826@example.com,#1771
ch_3Q000693,2026-07-20 16:18:00,224.64,0.00,eur,3.39,221.25,Paid,Shopify order #1772,ines.lefebvre77327@example.com,#1772
ch_3Q000694,2026-07-20 21:35:00,52.70,0.00,eur,0.99,51.71,Paid,Shopify order #1773,louis.garcia72@example.com,#1773
ch_3Q000695,2026-07-20 10:32:00,346.80,0.00,eur,5.11,341.69,Paid,Shopify order #1774,gabriel.lefebvre70163@example.com,#1774
ch_3Q000696,2026-07-20 18:43:00,417.60,0.00,eur,6.10,411.50,Paid,Shopify order #1775,gabriel.robert87768@example.com,#1775
ch_3Q000697,2026-07-20 17:03:00,100.70,0.00,eur,1.66,99.04,Paid,Shopify order #1776,louis.lefebvre86@example.com,#1776
ch_3Q000698,2026-07-20 13:12:00,309.60,0.00,eur,4.58,305.02,Paid,Shopify order #1777,sarah.martin99716@example.com,#1777
ch_3Q000699,2026-07-20 14:57:00,127.44,0.00,eur,2.03,125.41,Paid,Shopify order #1778,camille.martin12440@example.com,#1778
ch_3Q000700,2026-07-21 17:10:00,58.82,0.00,eur,1.07,57.75,Paid,Shopify order #1779,theo.simon75706@example.com,#1779
ch_3Q000701,2026-07-21 22:53:00,397.44,0.00,eur,5.81,391.63,Paid,Shopify order #1780,hugo.simon27012@example.com,#1780
ch_3Q000702,2026-07-21 22:31:00,309.60,0.00,eur,4.58,305.02,Paid,Shopify order #1781,chloe.garcia14963@example.com,#1781
ch_3Q000703,2026-07-21 14:00:00,346.80,0.00,eur,5.11,341.69,Paid,Shopify order #1782,paul.michel95691@example.com,#1782
ch_3Q000704,2026-07-21 11:18:00,453.60,0.00,eur,6.60,447.00,Paid,Shopify order #1783,emma.michel96532@example.com,#1783
ch_3Q000705,2026-07-21 10:21:00,64.70,0.00,eur,1.16,63.54,Paid,Shopify order #1784,jade.lefebvre43255@example.com,#1784
ch_3Q000706,2026-07-21 16:18:00,129.60,0.00,eur,2.06,127.54,Paid,Shopify order #1785,chloe.laurent98@example.com,#1785
ch_3Q000707,2026-07-21 17:34:00,52.70,20.75,eur,0.99,51.71,Paid,Shopify order #1786,chloe.leroy24@example.com,#1786
ch_3Q000708,2026-07-21 22:24:00,357.60,0.00,eur,5.26,352.34,Paid,Shopify order #1787,paul.thomas47164@example.com,#1787
ch_3Q000709,2026-07-21 19:01:00,80.42,0.00,eur,1.38,79.04,Paid,Shopify order #1788,chloe.robert44212@example.com,#1788
ch_3Q000710,2026-07-21 11:09:00,141.60,0.00,eur,2.23,139.37,Paid,Shopify order #1789,emma.robert57656@example.com,#1789
ch_3Q000711,2026-07-21 14:02:00,76.70,0.00,eur,1.32,75.38,Paid,Shopify order #1790,theo.bernard88@example.com,#1790
ch_3Q000712,2026-07-21 14:37:00,177.60,0.00,eur,2.74,174.86,Paid,Shopify order #1791,camille.leroy55443@example.com,#1791
ch_3Q000713,2026-07-21 19:44:00,80.42,0.00,eur,1.38,79.04,Paid,Shopify order #1792,nathan.lefebvre93844@example.com,#1792
ch_3Q000714,2026-07-21 22:35:00,52.70,0.00,eur,0.99,51.71,Paid,Shopify order #1793,ines.dubois79@example.com,#1793
ch_3Q000715,2026-07-21 14:00:00,100.70,0.00,eur,1.66,99.04,Paid,Shopify order #1794,louis.simon60700@example.com,#1794
ch_3Q000716,2026-07-21 09:56:00,100.70,0.00,eur,1.66,99.04,Paid,Shopify order #1795,chloe.leroy34626@example.com,#1795
ch_3Q000717,2026-07-21 10:03:00,346.80,0.00,eur,5.11,341.69,Paid,Shopify order #1796,ines.martin53@example.com,#1796
ch_3Q000718,2026-07-21 19:19:00,346.80,0.00,eur,5.11,341.69,Paid,Shopify order #1797,sarah.laurent76365@example.com,#1797
ch_3Q000719,2026-07-21 14:59:00,76.70,0.00,eur,1.32,75.38,Paid,Shopify order #1798,jade.dubois93254@example.com,#1798
ch_3Q000720,2026-07-21 19:13:00,100.70,0.00,eur,1.66,99.04,Paid,Shopify order #1799,lucas.robert53@example.com,#1799
ch_3Q000721,2026-07-21 16:10:00,64.70,0.00,eur,1.16,63.54,Paid,Shopify order #1800,camille.moreau97@example.com,#1800
ch_3Q000722,2026-07-21 19:23:00,88.70,0.00,eur,1.49,87.21,Paid,Shopify order #1801,paul.petit33@example.com,#1801
ch_3Q000723,2026-07-21 20:26:00,80.42,0.00,eur,1.38,79.04,Paid,Shopify order #1802,sarah.dubois23304@example.com,#1802
ch_3Q000724,2026-07-21 22:14:00,178.80,0.00,eur,2.75,176.05,Paid,Shopify order #1803,hugo.petit99035@example.com,#1803
ch_3Q000725,2026-07-21 18:43:00,76.70,0.00,eur,1.32,75.38,Paid,Shopify order #1804,sarah.dubois23304@example.com,#1804
ch_3Q000726,2026-07-21 19:59:00,297.60,187.69,eur,4.42,293.18,Paid,Shopify order #1805,paul.robert31970@example.com,#1805
ch_3Q000727,2026-07-21 20:02:00,346.80,0.00,eur,5.11,341.69,Paid,Shopify order #1806,chloe.robert91286@example.com,#1806
ch_3Q000728,2026-07-22 13:05:00,141.60,0.00,eur,2.23,139.37,Paid,Shopify order #1807,hugo.laurent13@example.com,#1807
ch_3Q000729,2026-07-22 19:23:00,204.12,0.00,eur,3.11,201.01,Paid,Shopify order #1808,manon.moreau5@example.com,#1808
ch_3Q000730,2026-07-22 22:50:00,346.80,0.00,eur,5.11,341.69,Paid,Shopify order #1809,hugo.garcia81048@example.com,#1809
ch_3Q000731,2026-07-22 21:57:00,117.60,0.00,eur,1.90,115.70,Paid,Shopify order #1810,sarah.martin56@example.com,#1810
ch_3Q000732,2026-07-22 09:28:00,52.70,0.00,eur,0.99,51.71,Paid,Shopify order #1811,camille.leroy71119@example.com,#1811
ch_3Q000733,2026-07-22 15:02:00,100.70,0.00,eur,1.66,99.04,Paid,Shopify order #1812,lea.michel68536@example.com,#1812
ch_3Q000734,2026-07-22 17:54:00,773.28,0.00,eur,11.08,762.20,Paid,Shopify order #1813,theo.lefebvre91@example.com,#1813
ch_3Q000735,2026-07-22 21:02:00,178.80,0.00,eur,2.75,176.05,Paid,Shopify order #1814,arthur.petit13782@example.com,#1814
ch_3Q000736,2026-07-22 20:15:00,88.70,0.00,eur,1.49,87.21,Paid,Shopify order #1815,lucas.martin75958@example.com,#1815
ch_3Q000737,2026-07-22 09:13:00,397.44,0.00,eur,5.81,391.63,Paid,Shopify order #1816,hugo.durand85959@example.com,#1816
ch_3Q000738,2026-07-22 18:44:00,346.80,0.00,eur,5.11,341.69,Paid,Shopify order #1817,manon.simon39@example.com,#1817
ch_3Q000739,2026-07-22 08:29:00,52.70,0.00,eur,0.99,51.71,Paid,Shopify order #1818,ines.durand61888@example.com,#1818
ch_3Q000740,2026-07-22 15:14:00,237.60,0.00,eur,3.58,234.02,Paid,Shopify order #1819,chloe.thomas5653@example.com,#1819
ch_3Q000741,2026-07-22 21:41:00,429.60,0.00,eur,6.26,423.34,Paid,Shopify order #1820,chloe.martin36668@example.com,#1820
ch_3Q000742,2026-07-22 13:49:00,52.70,0.00,eur,0.99,51.71,Paid,Shopify order #1821,sarah.thomas2333@example.com,#1821
ch_3Q000743,2026-07-22 09:32:00,100.70,0.00,eur,1.66,99.04,Paid,Shopify order #1822,lea.laurent34@example.com,#1822
ch_3Q000744,2026-07-22 11:30:00,80.42,0.00,eur,1.38,79.04,Paid,Shopify order #1823,lea.dubois16@example.com,#1823
ch_3Q000745,2026-07-22 21:23:00,346.80,214.95,eur,5.11,341.69,Paid,Shopify order #1824,sarah.bernard35653@example.com,#1824
ch_3Q000746,2026-07-22 15:37:00,393.60,0.00,eur,5.76,387.84,Paid,Shopify order #1825,manon.garcia81466@example.com,#1825
ch_3Q000747,2026-07-22 21:42:00,153.60,0.00,eur,2.40,151.20,Paid,Shopify order #1826,gabriel.martin21164@example.com,#1826
ch_3Q000748,2026-07-22 22:09:00,76.70,0.00,eur,1.32,75.38,Paid,Shopify order #1827,ines.thomas61788@example.com,#1827
ch_3Q000749,2026-07-22 18:28:00,58.82,0.00,eur,1.07,57.75,Paid,Shopify order #1828,chloe.martin40@example.com,#1828
ch_3Q000750,2026-07-22 20:34:00,76.70,0.00,eur,1.32,75.38,Paid,Shopify order #1829,emma.simon66906@example.com,#1829
ch_3Q000751,2026-07-22 09:03:00,52.70,0.00,eur,0.99,51.71,Paid,Shopify order #1830,hugo.garcia9112@example.com,#1830
ch_3Q000752,2026-07-22 15:04:00,408.24,0.00,eur,5.97,402.27,Paid,Shopify order #1831,paul.durand92@example.com,#1831
ch_3Q000753,2026-07-22 22:20:00,52.70,0.00,eur,0.99,51.71,Paid,Shopify order #1832,chloe.dubois27782@example.com,#1832
ch_3Q000754,2026-07-22 16:58:00,52.70,0.00,eur,0.99,51.71,Paid,Shopify order #1833,emma.leroy74759@example.com,#1833
ch_3Q000755,2026-07-22 14:31:00,64.70,0.00,eur,1.16,63.54,Paid,Shopify order #1834,manon.durand39@example.com,#1834
ch_3Q000756,2026-07-23 11:18:00,58.82,0.00,eur,1.07,57.75,Paid,Shopify order #1835,nathan.laurent99086@example.com,#1835
ch_3Q000757,2026-07-23 14:13:00,76.70,0.00,eur,1.32,75.38,Paid,Shopify order #1836,emma.martin58@example.com,#1836
ch_3Q000758,2026-07-23 22:38:00,52.70,0.00,eur,0.99,51.71,Paid,Shopify order #1837,nathan.dubois8361@example.com,#1837
ch_3Q000759,2026-07-23 09:25:00,117.60,0.00,eur,1.90,115.70,Paid,Shopify order #1838,camille.martin61199@example.com,#1838
ch_3Q000760,2026-07-23 12:07:00,525.60,0.00,eur,7.61,517.99,Paid,Shopify order #1839,jade.robert11929@example.com,#1839
ch_3Q000761,2026-07-23 20:29:00,88.70,0.00,eur,1.49,87.21,Paid,Shopify order #1840,chloe.petit14772@example.com,#1840
ch_3Q000762,2026-07-23 08:37:00,273.60,0.00,eur,4.08,269.52,Paid,Shopify order #1841,ines.leroy85244@example.com,#1841
ch_3Q000763,2026-07-23 15:06:00,178.80,0.00,eur,2.75,176.05,Paid,Shopify order #1842,arthur.petit96538@example.com,#1842
ch_3Q000764,2026-07-23 11:46:00,573.60,0.00,eur,8.28,565.32,Paid,Shopify order #1843,louis.simon60700@example.com,#1843
ch_3Q000765,2026-07-23 13:13:00,393.60,0.00,eur,5.76,387.84,Paid,Shopify order #1844,theo.simon10136@example.com,#1844
ch_3Q000766,2026-07-23 09:17:00,178.80,0.00,eur,2.75,176.05,Paid,Shopify order #1845,lucas.durand18051@example.com,#1845
ch_3Q000767,2026-07-23 14:24:00,189.60,0.00,eur,2.90,186.70,Paid,Shopify order #1846,sarah.thomas43686@example.com,#1846
ch_3Q000768,2026-07-23 20:00:00,357.60,0.00,eur,5.26,352.34,Paid,Shopify order #1847,theo.petit63453@example.com,#1847
ch_3Q000769,2026-07-23 22:44:00,297.60,0.00,eur,4.42,293.18,Paid,Shopify order #1848,theo.simon75706@example.com,#1848
ch_3Q000770,2026-07-23 17:53:00,226.80,127.11,eur,3.43,223.37,Paid,Shopify order #1849,emma.moreau79279@example.com,#1849
ch_3Q000771,2026-07-23 18:37:00,309.60,0.00,eur,4.58,305.02,Paid,Shopify order #1850,manon.michel79544@example.com,#1850
ch_3Q000772,2026-07-23 20:07:00,178.80,0.00,eur,2.75,176.05,Paid,Shopify order #1851,louis.bernard67516@example.com,#1851
ch_3Q000773,2026-07-23 11:15:00,76.70,0.00,eur,1.32,75.38,Paid,Shopify order #1852,chloe.laurent30429@example.com,#1852
ch_3Q000774,2026-07-23 13:33:00,141.60,0.00,eur,2.23,139.37,Paid,Shopify order #1853,ines.lefebvre12298@example.com,#1853
ch_3Q000775,2026-07-23 08:37:00,178.80,0.00,eur,2.75,176.05,Paid,Shopify order #1854,ines.laurent71902@example.com,#1854
ch_3Q000776,2026-07-23 12:04:00,226.80,0.00,eur,3.43,223.37,Paid,Shopify order #1855,gabriel.bernard64@example.com,#1855
ch_3Q000777,2026-07-23 10:17:00,236.40,0.00,eur,3.56,232.84,Paid,Shopify order #1856,chloe.simon7486@example.com,#1856
ch_3Q000778,2026-07-23 12:45:00,235.44,0.00,eur,3.55,231.89,Paid,Shopify order #1857,jade.martin90@example.com,#1857
ch_3Q000779,2026-07-23 16:16:00,88.70,0.00,eur,1.49,87.21,Paid,Shopify order #1858,hugo.garcia9112@example.com,#1858
ch_3Q000780,2026-07-23 09:47:00,273.60,0.00,eur,4.08,269.52,Paid,Shopify order #1859,chloe.simon7486@example.com,#1859
ch_3Q000781,2026-07-23 22:28:00,473.04,0.00,eur,6.87,466.17,Paid,Shopify order #1860,lucas.lefebvre96255@example.com,#1860
ch_3Q000782,2026-07-23 09:11:00,52.70,0.00,eur,0.99,51.71,Paid,Shopify order #1861,sarah.garcia63338@example.com,#1861
ch_3Q000783,2026-07-23 14:18:00,52.70,0.00,eur,0.99,51.71,Paid,Shopify order #1862,louis.laurent44729@example.com,#1862
ch_3Q000784,2026-07-24 09:45:00,261.60,0.00,eur,3.91,257.69,Paid,Shopify order #1863,arthur.robert48@example.com,#1863
ch_3Q000785,2026-07-24 18:34:00,52.70,0.00,eur,0.99,51.71,Paid,Shopify order #1864,paul.bernard90@example.com,#1864
ch_3Q000786,2026-07-24 08:52:00,52.70,0.00,eur,0.99,51.71,Paid,Shopify order #1865,gabriel.leroy26507@example.com,#1865
ch_3Q000787,2026-07-24 14:24:00,58.82,0.00,eur,1.07,57.75,Paid,Shopify order #1866,paul.garcia19561@example.com,#1866
ch_3Q000788,2026-07-24 09:16:00,346.80,0.00,eur,5.11,341.69,Paid,Shopify order #1867,louis.dubois62946@example.com,#1867
ch_3Q000789,2026-07-24 12:45:00,312.12,0.00,eur,4.62,307.50,Paid,Shopify order #1868,sarah.bernard47279@example.com,#1868
ch_3Q000790,2026-07-24 20:32:00,272.40,0.00,eur,4.06,268.34,Paid,Shopify order #1869,jade.moreau68@example.com,#1869
ch_3Q000791,2026-07-24 09:22:00,273.60,0.00,eur,4.08,269.52,Paid,Shopify order #1870,lea.petit50@example.com,#1870
ch_3Q000792,2026-07-24 14:55:00,80.42,0.00,eur,1.38,79.04,Paid,Shopify order #1871,hugo.moreau5625@example.com,#1871
ch_3Q000793,2026-07-24 15:33:00,309.60,0.00,eur,4.58,305.02,Paid,Shopify order #1872,ines.martin87352@example.com,#1872
ch_3Q000794,2026-07-24 15:49:00,64.70,0.00,eur,1.16,63.54,Paid,Shopify order #1873,sarah.simon26203@example.com,#1873
ch_3Q000795,2026-07-24 17:39:00,100.70,0.00,eur,1.66,99.04,Paid,Shopify order #1874,camille.simon81@example.com,#1874
ch_3Q000796,2026-07-24 08:11:00,357.60,0.00,eur,5.26,352.34,Paid,Shopify order #1875,emma.moreau61726@example.com,#1875
ch_3Q000797,2026-07-24 09:27:00,153.60,0.00,eur,2.40,151.20,Paid,Shopify order #1876,manon.thomas37@example.com,#1876
ch_3Q000798,2026-07-24 09:51:00,52.70,0.00,eur,0.99,51.71,Paid,Shopify order #1877,chloe.leroy24@example.com,#1877
ch_3Q000799,2026-07-24 12:46:00,91.22,0.00,eur,1.53,89.69,Paid,Shopify order #1878,arthur.moreau47735@example.com,#1878
ch_3Q000800,2026-07-24 11:51:00,76.70,0.00,eur,1.32,75.38,Paid,Shopify order #1879,jade.thomas93305@example.com,#1879
ch_3Q000801,2026-07-24 11:09:00,320.40,0.00,eur,4.74,315.66,Paid,Shopify order #1880,theo.petit95957@example.com,#1880
ch_3Q000802,2026-07-24 12:23:00,58.82,0.00,eur,1.07,57.75,Paid,Shopify order #1881,louis.bernard67516@example.com,#1881
ch_3Q000803,2026-07-25 09:49:00,88.70,0.00,eur,1.49,87.21,Paid,Shopify order #1882,manon.moreau63907@example.com,#1882
ch_3Q000804,2026-07-25 16:41:00,95.04,0.00,eur,1.58,93.46,Paid,Shopify order #1883,theo.lefebvre72@example.com,#1883
ch_3Q000805,2026-07-25 19:43:00,88.70,0.00,eur,1.49,87.21,Paid,Shopify order #1884,nathan.petit4486@example.com,#1884
ch_3Q000806,2026-07-25 13:50:00,69.62,0.00,eur,1.22,68.40,Paid,Shopify order #1885,ines.robert58824@example.com,#1885
ch_3Q000807,2026-07-25 17:35:00,226.80,0.00,eur,3.43,223.37,Paid,Shopify order #1886,lea.petit77001@example.com,#1886
ch_3Q000808,2026-07-25 16:58:00,100.70,0.00,eur,1.66,99.04,Paid,Shopify order #1887,emma.robert89@example.com,#1887
ch_3Q000809,2026-07-25 17:39:00,117.60,0.00,eur,1.90,115.70,Paid,Shopify order #1888,paul.martin15884@example.com,#1888
ch_3Q000810,2026-07-25 11:51:00,88.70,0.00,eur,1.49,87.21,Paid,Shopify order #1889,nathan.bernard2@example.com,#1889
ch_3Q000811,2026-07-25 14:57:00,177.60,0.00,eur,2.74,174.86,Paid,Shopify order #1890,emma.lefebvre87277@example.com,#1890
ch_3Q000812,2026-07-25 17:53:00,226.80,0.00,eur,3.43,223.37,Paid,Shopify order #1891,lucas.leroy42@example.com,#1891
ch_3Q000813,2026-07-25 12:04:00,321.60,0.00,eur,4.75,316.85,Paid,Shopify order #1892,chloe.martin36668@example.com,#1892
ch_3Q000814,2026-07-25 13:28:00,64.70,0.00,eur,1.16,63.54,Paid,Shopify order #1893,paul.leroy93863@example.com,#1893
ch_3Q000815,2026-07-25 08:50:00,158.76,0.00,eur,2.47,156.29,Paid,Shopify order #1894,hugo.simon16477@example.com,#1894
ch_3Q000816,2026-07-25 15:10:00,129.60,0.00,eur,2.06,127.54,Paid,Shopify order #1895,louis.garcia45145@example.com,#1895
ch_3Q000817,2026-07-25 08:41:00,80.42,0.00,eur,1.38,79.04,Paid,Shopify order #1896,arthur.martin5186@example.com,#1896
ch_3Q000818,2026-07-25 09:32:00,88.70,0.00,eur,1.49,87.21,Paid,Shopify order #1897,gabriel.martin95@example.com,#1897
ch_3Q000819,2026-07-25 11:00:00,141.60,0.00,eur,2.23,139.37,Paid,Shopify order #1898,arthur.simon64642@example.com,#1898
ch_3Q000820,2026-07-25 08:49:00,100.70,0.00,eur,1.66,99.04,Paid,Shopify order #1899,gabriel.moreau3599@example.com,#1899
ch_3Q000821,2026-07-25 12:07:00,153.60,0.00,eur,2.40,151.20,Paid,Shopify order #1900,arthur.simon78655@example.com,#1900
ch_3Q000822,2026-07-25 21:27:00,165.60,0.00,eur,2.57,163.03,Paid,Shopify order #1901,paul.martin15884@example.com,#1901
ch_3Q000823,2026-07-25 16:17:00,346.80,0.00,eur,5.11,341.69,Paid,Shopify order #1902,manon.bernard11529@example.com,#1902
ch_3Q000824,2026-07-25 20:32:00,226.80,0.00,eur,3.43,223.37,Paid,Shopify order #1903,jade.laurent60872@example.com,#1903
ch_3Q000825,2026-07-25 20:39:00,129.60,0.00,eur,2.06,127.54,Paid,Shopify order #1904,paul.robert59@example.com,#1904
ch_3Q000826,2026-07-26 12:54:00,188.40,0.00,eur,2.89,185.51,Paid,Shopify order #1905,ines.moreau41504@example.com,#1905
ch_3Q000827,2026-07-26 14:01:00,64.70,0.00,eur,1.16,63.54,Paid,Shopify order #1906,arthur.thomas12381@example.com,#1906
ch_3Q000828,2026-07-26 13:25:00,297.60,0.00,eur,4.42,293.18,Paid,Shopify order #1907,hugo.robert77733@example.com,#1907
ch_3Q000829,2026-07-26 18:13:00,52.70,38.24,eur,0.99,51.71,Paid,Shopify order #1908,gabriel.robert70462@example.com,#1908
ch_3Q000830,2026-07-26 17:10:00,64.70,0.00,eur,1.16,63.54,Paid,Shopify order #1909,sarah.simon11700@example.com,#1909
ch_3Q000831,2026-07-26 10:53:00,159.84,0.00,eur,2.49,157.35,Paid,Shopify order #1910,gabriel.robert70462@example.com,#1910
ch_3Q000832,2026-07-26 20:26:00,237.60,0.00,eur,3.58,234.02,Paid,Shopify order #1911,chloe.bernard17396@example.com,#1911
ch_3Q000833,2026-07-26 17:13:00,178.80,0.00,eur,2.75,176.05,Paid,Shopify order #1912,arthur.laurent39338@example.com,#1912
ch_3Q000834,2026-07-26 21:24:00,69.62,0.00,eur,1.22,68.40,Paid,Shopify order #1913,manon.petit78@example.com,#1913
ch_3Q000835,2026-07-26 12:05:00,100.70,0.00,eur,1.66,99.04,Paid,Shopify order #1914,nathan.dubois43133@example.com,#1914
ch_3Q000836,2026-07-26 21:03:00,127.44,0.00,eur,2.03,125.41,Paid,Shopify order #1915,lucas.leroy82307@example.com,#1915
ch_3Q000837,2026-07-26 13:59:00,346.80,0.00,eur,5.11,341.69,Paid,Shopify order #1916,manon.laurent7@example.com,#1916
ch_3Q000838,2026-07-26 16:36:00,64.70,0.00,eur,1.16,63.54,Paid,Shopify order #1917,lea.robert8@example.com,#1917
ch_3Q000839,2026-07-26 08:00:00,740.40,0.00,eur,10.62,729.78,Paid,Shopify order #1918,camille.simon30755@example.com,#1918
ch_3Q000840,2026-07-26 11:39:00,212.40,0.00,eur,3.22,209.18,Paid,Shopify order #1919,arthur.simon78655@example.com,#1919
ch_3Q000841,2026-07-26 16:56:00,516.24,0.00,eur,7.48,508.76,Paid,Shopify order #1920,lea.petit50@example.com,#1920
ch_3Q000842,2026-07-26 15:27:00,453.60,205.79,eur,6.60,447.00,Paid,Shopify order #1921,lea.michel85779@example.com,#1921
ch_3Q000843,2026-07-26 13:28:00,346.80,0.00,eur,5.11,341.69,Paid,Shopify order #1922,camille.durand91042@example.com,#1922
ch_3Q000844,2026-07-26 15:13:00,52.70,0.00,eur,0.99,51.71,Paid,Shopify order #1923,ines.robert47065@example.com,#1923
ch_3Q000845,2026-07-26 09:02:00,100.70,0.00,eur,1.66,99.04,Paid,Shopify order #1924,paul.petit26@example.com,#1924
ch_3Q000846,2026-07-26 17:11:00,100.70,0.00,eur,1.66,99.04,Paid,Shopify order #1925,chloe.bernard91709@example.com,#1925
ch_3Q000847,2026-07-27 20:15:00,64.70,0.00,eur,1.16,63.54,Paid,Shopify order #1926,hugo.martin99557@example.com,#1926
ch_3Q000848,2026-07-27 10:14:00,76.70,0.00,eur,1.32,75.38,Paid,Shopify order #1927,emma.petit4426@example.com,#1927
ch_3Q000849,2026-07-27 11:48:00,88.70,0.00,eur,1.49,87.21,Paid,Shopify order #1928,sarah.michel22663@example.com,#1928
ch_3Q000850,2026-07-27 19:02:00,516.24,0.00,eur,7.48,508.76,Paid,Shopify order #1929,gabriel.bernard76953@example.com,#1929
ch_3Q000851,2026-07-27 16:40:00,225.60,0.00,eur,3.41,222.19,Paid,Shopify order #1930,theo.petit66806@example.com,#1930
ch_3Q000852,2026-07-27 10:40:00,177.60,0.00,eur,2.74,174.86,Paid,Shopify order #1931,jade.thomas93305@example.com,#1931
ch_3Q000853,2026-07-27 22:21:00,524.40,0.00,eur,7.59,516.81,Paid,Shopify order #1932,theo.dubois85201@example.com,#1932
ch_3Q000854,2026-07-27 18:36:00,76.70,0.00,eur,1.32,75.38,Paid,Shopify order #1933,emma.garcia36@example.com,#1933
ch_3Q000855,2026-07-27 21:14:00,165.60,0.00,eur,2.57,163.03,Paid,Shopify order #1934,lucas.thomas91620@example.com,#1934
ch_3Q000856,2026-07-27 09:42:00,76.70,0.00,eur,1.32,75.38,Paid,Shopify order #1935,sarah.lefebvre60115@example.com,#1935
ch_3Q000857,2026-07-27 22:28:00,88.70,0.00,eur,1.49,87.21,Paid,Shopify order #1936,sarah.bernard90@example.com,#1936
ch_3Q000858,2026-07-27 20:30:00,346.80,0.00,eur,5.11,341.69,Paid,Shopify order #1937,jade.lefebvre11949@example.com,#1937
ch_3Q000859,2026-07-27 14:55:00,417.96,0.00,eur,6.10,411.86,Paid,Shopify order #1938,louis.robert95901@example.com,#1938
ch_3Q000860,2026-07-27 10:53:00,178.80,0.00,eur,2.75,176.05,Paid,Shopify order #1939,jade.simon87530@example.com,#1939
ch_3Q000861,2026-07-27 10:13:00,204.12,0.00,eur,3.11,201.01,Paid,Shopify order #1940,manon.moreau5@example.com,#1940
ch_3Q000862,2026-07-27 14:43:00,88.70,0.00,eur,1.49,87.21,Paid,Shopify order #1941,paul.laurent3345@example.com,#1941
ch_3Q000863,2026-07-27 17:05:00,429.60,0.00,eur,6.26,423.34,Paid,Shopify order #1942,nathan.garcia11@example.com,#1942
ch_3Q000864,2026-07-27 09:20:00,100.70,0.00,eur,1.66,99.04,Paid,Shopify order #1943,arthur.martin81758@example.com,#1943
ch_3Q000865,2026-07-27 18:31:00,99.50,0.00,eur,1.64,97.86,Paid,Shopify order #1944,hugo.robert60@example.com,#1944
ch_3Q000866,2026-07-27 11:17:00,58.82,0.00,eur,1.07,57.75,Paid,Shopify order #1945,gabriel.bernard64@example.com,#1945
ch_3Q000867,2026-07-27 19:38:00,48.02,0.00,eur,0.92,47.10,Paid,Shopify order #1946,nathan.petit2971@example.com,#1946
ch_3Q000868,2026-07-27 22:53:00,88.70,0.00,eur,1.49,87.21,Paid,Shopify order #1947,chloe.petit14772@example.com,#1947
ch_3Q000869,2026-07-27 18:10:00,76.70,0.00,eur,1.32,75.38,Paid,Shopify order #1948,chloe.michel94@example.com,#1948
ch_3Q000870,2026-07-27 11:20:00,80.42,0.00,eur,1.38,79.04,Paid,Shopify order #1949,chloe.lefebvre23416@example.com,#1949
ch_3Q000871,2026-07-27 14:26:00,213.84,0.00,eur,3.24,210.60,Paid,Shopify order #1950,jade.robert9@example.com,#1950
ch_3Q000872,2026-07-27 11:23:00,397.44,0.00,eur,5.81,391.63,Paid,Shopify order #1951,arthur.bernard32223@example.com,#1951
ch_3Q000873,2026-07-27 19:39:00,64.70,0.00,eur,1.16,63.54,Paid,Shopify order #1952,camille.martin74281@example.com,#1952
ch_3Q000874,2026-07-27 17:20:00,165.60,0.00,eur,2.57,163.03,Paid,Shopify order #1953,chloe.lefebvre90855@example.com,#1953
ch_3Q000875,2026-07-27 14:34:00,141.60,0.00,eur,2.23,139.37,Paid,Shopify order #1954,chloe.bernard71@example.com,#1954
ch_3Q000876,2026-07-28 17:39:00,88.70,0.00,eur,1.49,87.21,Paid,Shopify order #1955,chloe.moreau81805@example.com,#1955
ch_3Q000877,2026-07-28 19:20:00,226.80,0.00,eur,3.43,223.37,Paid,Shopify order #1956,sarah.laurent45@example.com,#1956
ch_3Q000878,2026-07-28 18:40:00,309.60,201.12,eur,4.58,305.02,Paid,Shopify order #1957,arthur.durand65639@example.com,#1957
ch_3Q000879,2026-07-28 18:42:00,453.60,0.00,eur,6.60,447.00,Paid,Shopify order #1958,nathan.moreau47072@example.com,#1958
ch_3Q000880,2026-07-28 15:41:00,52.70,0.00,eur,0.99,51.71,Paid,Shopify order #1959,ines.robert47065@example.com,#1959
ch_3Q000881,2026-07-28 10:30:00,76.70,0.00,eur,1.32,75.38,Paid,Shopify order #1960,paul.moreau59358@example.com,#1960
ch_3Q000882,2026-07-28 10:51:00,88.70,0.00,eur,1.49,87.21,Paid,Shopify order #1961,arthur.simon26079@example.com,#1961
ch_3Q000883,2026-07-28 22:05:00,127.44,0.00,eur,2.03,125.41,Paid,Shopify order #1962,camille.martin84@example.com,#1962
ch_3Q000884,2026-07-28 21:21:00,58.82,0.00,eur,1.07,57.75,Paid,Shopify order #1963,chloe.laurent30429@example.com,#1963
ch_3Q000885,2026-07-28 13:18:00,312.12,0.00,eur,4.62,307.50,Paid,Shopify order #1964,arthur.moreau63296@example.com,#1964
ch_3Q000886,2026-07-28 18:01:00,100.70,0.00,eur,1.66,99.04,Paid,Shopify order #1965,lucas.durand69@example.com,#1965
ch_3Q000887,2026-07-28 08:23:00,178.80,0.00,eur,2.75,176.05,Paid,Shopify order #1966,camille.petit49429@example.com,#1966
ch_3Q000888,2026-07-28 10:03:00,346.80,246.67,eur,5.11,341.69,Paid,Shopify order #1967,lucas.dubois29@example.com,#1967
ch_3Q000889,2026-07-28 21:23:00,52.70,0.00,eur,0.99,51.71,Paid,Shopify order #1968,camille.lefebvre45@example.com,#1968
ch_3Q000890,2026-07-28 10:10:00,204.12,0.00,eur,3.11,201.01,Paid,Shopify order #1969,emma.simon80@example.com,#1969
ch_3Q000891,2026-07-28 21:53:00,141.60,0.00,eur,2.23,139.37,Paid,Shopify order #1970,theo.moreau48456@example.com,#1970
ch_3Q000892,2026-07-28 20:50:00,88.70,0.00,eur,1.49,87.21,Paid,Shopify order #1971,jade.laurent22@example.com,#1971
ch_3Q000893,2026-07-28 19:26:00,76.70,0.00,eur,1.32,75.38,Paid,Shopify order #1972,theo.moreau43304@example.com,#1972
ch_3Q000894,2026-07-28 15:38:00,48.02,0.00,eur,0.92,47.10,Paid,Shopify order #1973,jade.petit55836@example.com,#1973
ch_3Q000895,2026-07-28 18:19:00,204.12,0.00,eur,3.11,201.01,Paid,Shopify order #1974,manon.durand40499@example.com,#1974
ch_3Q000896,2026-07-28 14:43:00,69.62,0.00,eur,1.22,68.40,Paid,Shopify order #1975,manon.durand39@example.com,#1975
ch_3Q000897,2026-07-28 13:17:00,48.02,0.00,eur,0.92,47.10,Paid,Shopify order #1976,louis.garcia96367@example.com,#1976
ch_3Q000898,2026-07-28 10:04:00,285.60,0.00,eur,4.25,281.35,Paid,Shopify order #1977,nathan.martin93681@example.com,#1977
ch_3Q000899,2026-07-28 15:38:00,64.70,0.00,eur,1.16,63.54,Paid,Shopify order #1978,camille.garcia41714@example.com,#1978
ch_3Q000900,2026-07-28 18:40:00,740.40,0.00,eur,10.62,729.78,Paid,Shopify order #1979,hugo.martin47049@example.com,#1979
ch_3Q000901,2026-07-28 20:33:00,204.12,0.00,eur,3.11,201.01,Paid,Shopify order #1980,arthur.durand2080@example.com,#1980
ch_3Q000902,2026-07-28 13:12:00,48.02,0.00,eur,0.92,47.10,Paid,Shopify order #1981,hugo.thomas27356@example.com,#1981
ch_3Q000903,2026-07-28 20:33:00,160.92,0.00,eur,2.50,158.42,Paid,Shopify order #1982,camille.dubois86541@example.com,#1982
ch_3Q000904,2026-07-28 19:17:00,357.60,0.00,eur,5.26,352.34,Paid,Shopify order #1983,sarah.garcia17@example.com,#1983
ch_3Q000905,2026-07-28 22:59:00,788.40,0.00,eur,11.29,777.11,Paid,Shopify order #1984,lucas.robert94756@example.com,#1984
ch_3Q000906,2026-07-29 09:57:00,178.80,0.00,eur,2.75,176.05,Paid,Shopify order #1985,jade.simon52@example.com,#1985
ch_3Q000907,2026-07-29 22:24:00,64.70,0.00,eur,1.16,63.54,Paid,Shopify order #1986,camille.petit61696@example.com,#1986
ch_3Q000908,2026-07-29 17:37:00,405.60,0.00,eur,5.93,399.67,Paid,Shopify order #1987,chloe.garcia24@example.com,#1987
ch_3Q000909,2026-07-29 16:50:00,117.60,0.00,eur,1.90,115.70,Paid,Shopify order #1988,camille.garcia41714@example.com,#1988
ch_3Q000910,2026-07-29 22:49:00,344.40,0.00,eur,5.07,339.33,Paid,Shopify order #1989,lucas.petit16056@example.com,#1989
ch_3Q000911,2026-07-29 08:32:00,141.60,0.00,eur,2.23,139.37,Paid,Shopify order #1990,nathan.dubois77209@example.com,#1990
ch_3Q000912,2026-07-29 19:22:00,204.12,0.00,eur,3.11,201.01,Paid,Shopify order #1991,chloe.durand25509@example.com,#1991
ch_3Q000913,2026-07-29 12:39:00,52.70,0.00,eur,0.99,51.71,Paid,Shopify order #1992,louis.leroy95@example.com,#1992
ch_3Q000914,2026-07-29 09:15:00,346.80,0.00,eur,5.11,341.69,Paid,Shopify order #1993,arthur.garcia59072@example.com,#1993
ch_3Q000915,2026-07-29 17:32:00,52.70,0.00,eur,0.99,51.71,Paid,Shopify order #1994,arthur.moreau17950@example.com,#1994
ch_3Q000916,2026-07-29 09:43:00,226.80,0.00,eur,3.43,223.37,Paid,Shopify order #1995,jade.michel62314@example.com,#1995
ch_3Q000917,2026-07-29 11:23:00,260.40,0.00,eur,3.90,256.50,Paid,Shopify order #1996,louis.bernard38@example.com,#1996
ch_3Q000918,2026-07-29 13:47:00,473.04,0.00,eur,6.87,466.17,Paid,Shopify order #1997,manon.garcia97693@example.com,#1997
ch_3Q000919,2026-07-29 20:27:00,64.70,0.00,eur,1.16,63.54,Paid,Shopify order #1998,jade.thomas93305@example.com,#1998
ch_3Q000920,2026-07-29 12:13:00,116.64,0.00,eur,1.88,114.76,Paid,Shopify order #1999,louis.thomas76856@example.com,#1999
ch_3Q000921,2026-07-29 16:00:00,129.60,0.00,eur,2.06,127.54,Paid,Shopify order #2000,ines.moreau96@example.com,#2000
ch_3Q000922,2026-07-29 08:29:00,76.70,0.00,eur,1.32,75.38,Paid,Shopify order #2001,manon.moreau63907@example.com,#2001
ch_3Q000923,2026-07-29 11:22:00,452.40,0.00,eur,6.58,445.82,Paid,Shopify order #2002,camille.leroy49@example.com,#2002
ch_3Q000924,2026-07-29 15:13:00,346.80,0.00,eur,5.11,341.69,Paid,Shopify order #2003,lucas.durand45310@example.com,#2003
ch_3Q000925,2026-07-29 21:13:00,80.42,0.00,eur,1.38,79.04,Paid,Shopify order #2004,louis.dubois15608@example.com,#2004
ch_3Q000926,2026-07-29 20:38:00,76.70,0.00,eur,1.32,75.38,Paid,Shopify order #2005,sarah.robert32263@example.com,#2005
ch_3Q000927,2026-07-29 21:02:00,88.70,0.00,eur,1.49,87.21,Paid,Shopify order #2006,ines.thomas90732@example.com,#2006
ch_3Q000928,2026-07-29 09:01:00,76.70,0.00,eur,1.32,75.38,Paid,Shopify order #2007,lucas.durand16288@example.com,#2007
ch_3Q000929,2026-07-29 12:08:00,52.70,0.00,eur,0.99,51.71,Paid,Shopify order #2008,lucas.simon73@example.com,#2008
ch_3Q000930,2026-07-29 20:10:00,52.70,0.00,eur,0.99,51.71,Paid,Shopify order #2009,theo.moreau43304@example.com,#2009
ch_3Q000931,2026-07-29 22:35:00,88.70,0.00,eur,1.49,87.21,Paid,Shopify order #2010,chloe.laurent41376@example.com,#2010
ch_3Q000932,2026-07-29 14:10:00,226.80,174.68,eur,3.43,223.37,Paid,Shopify order #2011,gabriel.garcia48@example.com,#2011
ch_3Q000933,2026-07-29 19:14:00,525.60,0.00,eur,7.61,517.99,Paid,Shopify order #2012,nathan.garcia85@example.com,#2012
ch_3Q000934,2026-07-29 10:29:00,88.70,0.00,eur,1.49,87.21,Paid,Shopify order #2013,ines.lefebvre91087@example.com,#2013
ch_3Q000935,2026-07-30 13:23:00,100.70,0.00,eur,1.66,99.04,Paid,Shopify order #2014,paul.simon55375@example.com,#2014
ch_3Q000936,2026-07-30 08:01:00,141.60,0.00,eur,2.23,139.37,Paid,Shopify order #2015,paul.garcia58199@example.com,#2015
ch_3Q000937,2026-07-30 17:42:00,69.62,0.00,eur,1.22,68.40,Paid,Shopify order #2016,gabriel.bernard15363@example.com,#2016
ch_3Q000938,2026-07-30 18:19:00,178.80,0.00,eur,2.75,176.05,Paid,Shopify order #2017,lucas.thomas51178@example.com,#2017
ch_3Q000939,2026-07-30 21:34:00,386.64,0.00,eur,5.66,380.98,Paid,Shopify order #2018,ines.garcia37278@example.com,#2018
ch_3Q000940,2026-07-30 21:43:00,91.22,0.00,eur,1.53,89.69,Paid,Shopify order #2019,jade.garcia37409@example.com,#2019
ch_3Q000941,2026-07-30 18:54:00,246.24,0.00,eur,3.70,242.54,Paid,Shopify order #2020,theo.michel17372@example.com,#2020
ch_3Q000942,2026-07-30 10:05:00,453.60,0.00,eur,6.60,447.00,Paid,Shopify order #2021,emma.lefebvre97170@example.com,#2021
ch_3Q000943,2026-07-30 22:57:00,297.60,0.00,eur,4.42,293.18,Paid,Shopify order #2022,ines.martin44@example.com,#2022
ch_3Q000944,2026-07-30 12:02:00,52.70,0.00,eur,0.99,51.71,Paid,Shopify order #2023,nathan.leroy78223@example.com,#2023
ch_3Q000945,2026-07-30 15:16:00,225.60,0.00,eur,3.41,222.19,Paid,Shopify order #2024,ines.moreau14636@example.com,#2024
ch_3Q000946,2026-07-30 13:30:00,178.80,0.00,eur,2.75,176.05,Paid,Shopify order #2025,nathan.dubois26195@example.com,#2025
ch_3Q000947,2026-07-30 11:10:00,312.12,0.00,eur,4.62,307.50,Paid,Shopify order #2026,lucas.laurent94437@example.com,#2026
ch_3Q000948,2026-07-30 15:11:00,285.60,0.00,eur,4.25,281.35,Paid,Shopify order #2027,chloe.dubois85166@example.com,#2027
ch_3Q000949,2026-07-30 13:21:00,64.70,0.00,eur,1.16,63.54,Paid,Shopify order #2028,jade.laurent22@example.com,#2028
ch_3Q000950,2026-07-30 20:08:00,100.70,0.00,eur,1.66,99.04,Paid,Shopify order #2029,camille.laurent84926@example.com,#2029
ch_3Q000951,2026-07-30 19:37:00,225.60,0.00,eur,3.41,222.19,Paid,Shopify order #2030,hugo.thomas29762@example.com,#2030
ch_3Q000952,2026-07-30 09:34:00,417.60,0.00,eur,6.10,411.50,Paid,Shopify order #2031,nathan.petit85757@example.com,#2031
ch_3Q000953,2026-07-30 21:45:00,52.70,0.00,eur,0.99,51.71,Paid,Shopify order #2032,theo.thomas76128@example.com,#2032
ch_3Q000954,2026-07-30 13:07:00,273.60,133.21,eur,4.08,269.52,Paid,Shopify order #2033,ines.garcia40813@example.com,#2033
ch_3Q000955,2026-07-30 21:45:00,346.80,0.00,eur,5.11,341.69,Paid,Shopify order #2034,lucas.leroy82307@example.com,#2034
ch_3Q000956,2026-07-30 18:06:00,512.40,0.00,eur,7.42,504.98,Paid,Shopify order #2035,lucas.garcia24@example.com,#2035
ch_3Q000957,2026-07-30 19:14:00,178.80,0.00,eur,2.75,176.05,Paid,Shopify order #2036,nathan.martin54@example.com,#2036
ch_3Q000958,2026-07-30 20:18:00,80.42,0.00,eur,1.38,79.04,Paid,Shopify order #2037,lucas.bernard21571@example.com,#2037
ch_3Q000959,2026-07-30 11:46:00,226.80,0.00,eur,3.43,223.37,Paid,Shopify order #2038,chloe.laurent50577@example.com,#2038
ch_3Q000960,2026-07-30 10:54:00,178.80,0.00,eur,2.75,176.05,Paid,Shopify order #2039,louis.leroy27030@example.com,#2039
ch_3Q000961,2026-07-30 09:47:00,393.60,0.00,eur,5.76,387.84,Paid,Shopify order #2040,paul.robert59@example.com,#2040
ch_3Q000962,2026-07-30 08:47:00,100.70,0.00,eur,1.66,99.04,Paid,Shopify order #2041,gabriel.martin29@example.com,#2041
ch_3Q000963,2026-07-30 18:31:00,312.12,0.00,eur,4.62,307.50,Paid,Shopify order #2042,hugo.bernard88516@example.com,#2042
ch_3Q000964,2026-07-31 22:50:00,441.60,0.00,eur,6.43,435.17,Paid,Shopify order #2043,louis.michel38155@example.com,#2043
ch_3Q000965,2026-07-31 22:45:00,58.82,0.00,eur,1.07,57.75,Paid,Shopify order #2044,jade.petit43776@example.com,#2044
ch_3Q000966,2026-07-31 11:17:00,178.80,0.00,eur,2.75,176.05,Paid,Shopify order #2045,jade.lefebvre11475@example.com,#2045
ch_3Q000967,2026-07-31 12:00:00,357.60,0.00,eur,5.26,352.34,Paid,Shopify order #2046,camille.simon81@example.com,#2046
ch_3Q000968,2026-07-31 22:18:00,52.70,0.00,eur,0.99,51.71,Paid,Shopify order #2047,hugo.lefebvre65056@example.com,#2047
ch_3Q000969,2026-07-31 16:07:00,88.70,0.00,eur,1.49,87.21,Paid,Shopify order #2048,arthur.durand37@example.com,#2048
ch_3Q000970,2026-07-31 19:39:00,165.60,0.00,eur,2.57,163.03,Paid,Shopify order #2049,theo.robert97@example.com,#2049
ch_3Q000971,2026-07-31 19:38:00,357.60,0.00,eur,5.26,352.34,Paid,Shopify order #2050,lea.petit50@example.com,#2050
ch_3Q000972,2026-07-31 18:54:00,297.60,0.00,eur,4.42,293.18,Paid,Shopify order #2051,jade.garcia37409@example.com,#2051
ch_3Q000973,2026-07-31 15:54:00,88.70,0.00,eur,1.49,87.21,Paid,Shopify order #2052,nathan.moreau32422@example.com,#2052
ch_3Q000974,2026-07-31 21:24:00,189.60,0.00,eur,2.90,186.70,Paid,Shopify order #2053,camille.dubois63826@example.com,#2053
ch_3Q000975,2026-07-31 18:00:00,80.42,0.00,eur,1.38,79.04,Paid,Shopify order #2054,lucas.thomas10528@example.com,#2054
ch_3Q000976,2026-07-31 09:17:00,129.60,0.00,eur,2.06,127.54,Paid,Shopify order #2055,jade.thomas41@example.com,#2055
ch_3Q000977,2026-07-31 19:12:00,178.80,0.00,eur,2.75,176.05,Paid,Shopify order #2056,manon.lefebvre18@example.com,#2056
ch_3Q000978,2026-07-31 09:23:00,76.70,0.00,eur,1.32,75.38,Paid,Shopify order #2057,emma.durand94012@example.com,#2057
ch_3Q000979,2026-07-31 18:45:00,165.60,0.00,eur,2.57,163.03,Paid,Shopify order #2058,paul.leroy5@example.com,#2058
ch_3Q000980,2026-07-31 16:06:00,48.02,0.00,eur,0.92,47.10,Paid,Shopify order #2059,camille.simon87263@example.com,#2059
ch_3Q000981,2026-07-31 12:59:00,129.60,0.00,eur,2.06,127.54,Paid,Shopify order #2060,hugo.martin99557@example.com,#2060
ch_3Q000982,2026-07-31 18:59:00,165.60,0.00,eur,2.57,163.03,Paid,Shopify order #2061,louis.simon22275@example.com,#2061
ch_3Q000983,2026-07-31 16:31:00,141.60,0.00,eur,2.23,139.37,Paid,Shopify order #2062,jade.durand86@example.com,#2062
ch_3Q000984,2026-07-31 17:52:00,473.04,0.00,eur,6.87,466.17,Paid,Shopify order #2063,gabriel.leroy24657@example.com,#2063
ch_3Q000985,2026-07-31 14:27:00,76.70,0.00,eur,1.32,75.38,Paid,Shopify order #2064,arthur.martin16552@example.com,#2064
ch_3Q000986,2026-08-01 18:32:00,100.70,0.00,eur,1.66,99.04,Paid,Shopify order #2065,ines.michel5189@example.com,#2065
ch_3Q000987,2026-08-01 12:17:00,76.70,0.00,eur,1.32,75.38,Paid,Shopify order #2066,camille.martin36@example.com,#2066
ch_3Q000988,2026-08-01 15:58:00,226.80,0.00,eur,3.43,223.37,Paid,Shopify order #2067,nathan.leroy78223@example.com,#2067
ch_3Q000989,2026-08-01 15:47:00,189.60,0.00,eur,2.90,186.70,Paid,Shopify order #2068,chloe.michel21@example.com,#2068
ch_3Q000990,2026-08-01 10:47:00,320.40,0.00,eur,4.74,315.66,Paid,Shopify order #2069,lea.leroy57306@example.com,#2069
ch_3Q000991,2026-08-01 19:22:00,160.92,89.71,eur,2.50,158.42,Paid,Shopify order #2070,jade.lefebvre43255@example.com,#2070
ch_3Q000992,2026-08-01 22:55:00,52.70,0.00,eur,0.99,51.71,Paid,Shopify order #2071,ines.leroy85244@example.com,#2071
ch_3Q000993,2026-08-01 11:53:00,178.80,0.00,eur,2.75,176.05,Paid,Shopify order #2072,arthur.durand65639@example.com,#2072
ch_3Q000994,2026-08-01 13:51:00,331.56,0.00,eur,4.89,326.67,Paid,Shopify order #2073,manon.moreau7222@example.com,#2073
ch_3Q000995,2026-08-01 19:57:00,204.12,0.00,eur,3.11,201.01,Paid,Shopify order #2074,camille.martin16152@example.com,#2074
ch_3Q000996,2026-08-01 17:41:00,312.12,0.00,eur,4.62,307.50,Paid,Shopify order #2075,lea.leroy40@example.com,#2075
ch_3Q000997,2026-08-01 12:37:00,88.70,0.00,eur,1.49,87.21,Paid,Shopify order #2076,emma.lefebvre71@example.com,#2076
ch_3Q000998,2026-08-01 14:27:00,267.84,0.00,eur,4.00,263.84,Paid,Shopify order #2077,manon.lefebvre60476@example.com,#2077
ch_3Q000999,2026-08-01 19:19:00,138.24,0.00,eur,2.19,136.05,Paid,Shopify order #2078,ines.martin83490@example.com,#2078
ch_3Q001000,2026-08-01 17:31:00,204.12,0.00,eur,3.11,201.01,Paid,Shopify order #2079,hugo.garcia26913@example.com,#2079
ch_3Q001001,2026-08-01 20:08:00,170.64,0.00,eur,2.64,168.00,Paid,Shopify order #2080,emma.lefebvre71@example.com,#2080
ch_3Q001002,2026-08-01 09:45:00,346.80,0.00,eur,5.11,341.69,Paid,Shopify order #2081,arthur.leroy1926@example.com,#2081
ch_3Q001003,2026-08-01 15:55:00,417.60,0.00,eur,6.10,411.50,Paid,Shopify order #2082,gabriel.petit92055@example.com,#2082
ch_3Q001004,2026-08-01 14:51:00,76.70,0.00,eur,1.32,75.38,Paid,Shopify order #2083,theo.lefebvre28@example.com,#2083
ch_3Q001005,2026-08-01 22:01:00,386.64,0.00,eur,5.66,380.98,Paid,Shopify order #2084,paul.leroy72283@example.com,#2084
ch_3Q001006,2026-08-02 20:25:00,312.12,0.00,eur,4.62,307.50,Paid,Shopify order #2085,hugo.robert77733@example.com,#2085
ch_3Q001007,2026-08-02 14:52:00,129.60,0.00,eur,2.06,127.54,Paid,Shopify order #2086,theo.moreau43304@example.com,#2086
ch_3Q001008,2026-08-02 08:15:00,100.70,0.00,eur,1.66,99.04,Paid,Shopify order #2087,hugo.durand88@example.com,#2087
ch_3Q001009,2026-08-02 18:44:00,64.70,0.00,eur,1.16,63.54,Paid,Shopify order #2088,louis.robert56@example.com,#2088
ch_3Q001010,2026-08-02 17:14:00,273.60,0.00,eur,4.08,269.52,Paid,Shopify order #2089,emma.simon80@example.com,#2089
ch_3Q001011,2026-08-02 18:02:00,226.80,0.00,eur,3.43,223.37,Paid,Shopify order #2090,sarah.petit42969@example.com,#2090
ch_3Q001012,2026-08-02 13:46:00,91.22,0.00,eur,1.53,89.69,Paid,Shopify order #2091,theo.laurent87663@example.com,#2091
ch_3Q001013,2026-08-02 09:02:00,226.80,0.00,eur,3.43,223.37,Paid,Shopify order #2092,lea.lefebvre61835@example.com,#2092
ch_3Q001014,2026-08-02 12:11:00,129.60,0.00,eur,2.06,127.54,Paid,Shopify order #2093,lea.michel85779@example.com,#2093
ch_3Q001015,2026-08-02 13:23:00,52.70,0.00,eur,0.99,51.71,Paid,Shopify order #2094,ines.laurent2328@example.com,#2094
ch_3Q001016,2026-08-02 14:45:00,76.70,0.00,eur,1.32,75.38,Paid,Shopify order #2095,manon.leroy33588@example.com,#2095
ch_3Q001017,2026-08-02 15:00:00,178.80,0.00,eur,2.75,176.05,Paid,Shopify order #2096,arthur.lefebvre34287@example.com,#2096
ch_3Q001018,2026-08-02 21:45:00,153.60,0.00,eur,2.40,151.20,Paid,Shopify order #2097,ines.thomas14619@example.com,#2097
ch_3Q001019,2026-08-02 09:27:00,569.16,0.00,eur,8.22,560.94,Paid,Shopify order #2098,ines.martin99@example.com,#2098
ch_3Q001020,2026-08-02 16:45:00,309.60,0.00,eur,4.58,305.02,Paid,Shopify order #2099,lucas.michel99382@example.com,#2099
ch_3Q001021,2026-08-02 18:18:00,396.36,0.00,eur,5.80,390.56,Paid,Shopify order #2100,lucas.laurent60989@example.com,#2100
ch_3Q001022,2026-08-02 13:25:00,117.60,0.00,eur,1.90,115.70,Paid,Shopify order #2101,nathan.garcia16350@example.com,#2101
ch_3Q001023,2026-08-02 18:29:00,178.80,0.00,eur,2.75,176.05,Paid,Shopify order #2102,theo.laurent2540@example.com,#2102
ch_3Q001024,2026-08-02 11:22:00,129.60,0.00,eur,2.06,127.54,Paid,Shopify order #2103,louis.bernard34395@example.com,#2103
ch_3Q001025,2026-08-02 22:33:00,178.80,0.00,eur,2.75,176.05,Paid,Shopify order #2104,lea.moreau18122@example.com,#2104
ch_3Q001026,2026-08-02 20:31:00,117.60,0.00,eur,1.90,115.70,Paid,Shopify order #2105,theo.leroy11@example.com,#2105
ch_3Q001027,2026-08-02 14:54:00,178.80,0.00,eur,2.75,176.05,Paid,Shopify order #2106,hugo.simon16477@example.com,#2106
ch_3Q001028,2026-08-03 22:44:00,64.70,0.00,eur,1.16,63.54,Paid,Shopify order #2107,camille.garcia41714@example.com,#2107
ch_3Q001029,2026-08-03 19:32:00,76.70,0.00,eur,1.32,75.38,Paid,Shopify order #2108,arthur.dubois9@example.com,#2108
ch_3Q001030,2026-08-03 13:14:00,309.60,0.00,eur,4.58,305.02,Paid,Shopify order #2109,emma.robert57656@example.com,#2109
ch_3Q001031,2026-08-03 17:18:00,76.70,0.00,eur,1.32,75.38,Paid,Shopify order #2110,lucas.leroy2672@example.com,#2110
ch_3Q001032,2026-08-03 09:04:00,512.40,0.00,eur,7.42,504.98,Paid,Shopify order #2111,hugo.petit99035@example.com,#2111
ch_3Q001033,2026-08-03 15:29:00,357.60,0.00,eur,5.26,352.34,Paid,Shopify order #2112,chloe.durand17789@example.com,#2112
ch_3Q001034,2026-08-03 17:47:00,178.80,0.00,eur,2.75,176.05,Paid,Shopify order #2113,lea.garcia43@example.com,#2113
ch_3Q001035,2026-08-03 13:18:00,429.60,0.00,eur,6.26,423.34,Paid,Shopify order #2114,lucas.dubois29@example.com,#2114
ch_3Q001036,2026-08-03 18:16:00,64.70,0.00,eur,1.16,63.54,Paid,Shopify order #2115,chloe.durand25509@example.com,#2115
ch_3Q001037,2026-08-03 18:59:00,226.80,0.00,eur,3.43,223.37,Paid,Shopify order #2116,jade.lefebvre43255@example.com,#2116
ch_3Q001038,2026-08-03 17:19:00,76.70,0.00,eur,1.32,75.38,Paid,Shopify order #2117,manon.petit97038@example.com,#2117
ch_3Q001039,2026-08-03 09:36:00,226.80,0.00,eur,3.43,223.37,Paid,Shopify order #2118,chloe.moreau71@example.com,#2118
ch_3Q001040,2026-08-03 16:56:00,91.22,0.00,eur,1.53,89.69,Paid,Shopify order #2119,emma.laurent24@example.com,#2119
ch_3Q001041,2026-08-03 17:13:00,100.70,0.00,eur,1.66,99.04,Paid,Shopify order #2120,arthur.durand70@example.com,#2120
ch_3Q001042,2026-08-03 22:02:00,346.80,0.00,eur,5.11,341.69,Paid,Shopify order #2121,theo.laurent74@example.com,#2121
ch_3Q001043,2026-08-03 11:02:00,178.80,0.00,eur,2.75,176.05,Paid,Shopify order #2122,louis.bernard38@example.com,#2122
ch_3Q001044,2026-08-03 11:47:00,226.80,0.00,eur,3.43,223.37,Paid,Shopify order #2123,louis.simon65@example.com,#2123
ch_3Q001045,2026-08-03 21:51:00,261.60,0.00,eur,3.91,257.69,Paid,Shopify order #2124,nathan.bernard2@example.com,#2124
ch_3Q001046,2026-08-03 11:45:00,261.60,0.00,eur,3.91,257.69,Paid,Shopify order #2125,hugo.garcia28122@example.com,#2125
ch_3Q001047,2026-08-03 20:59:00,189.60,0.00,eur,2.90,186.70,Paid,Shopify order #2126,gabriel.thomas11402@example.com,#2126
ch_3Q001048,2026-08-03 16:08:00,365.04,0.00,eur,5.36,359.68,Paid,Shopify order #2127,hugo.robert52548@example.com,#2127
ch_3Q001049,2026-08-03 13:38:00,160.92,0.00,eur,2.50,158.42,Paid,Shopify order #2128,theo.thomas47066@example.com,#2128
ch_3Q001050,2026-08-03 20:42:00,64.70,0.00,eur,1.16,63.54,Paid,Shopify order #2129,paul.robert31970@example.com,#2129
ch_3Q001051,2026-08-03 12:26:00,260.40,0.00,eur,3.90,256.50,Paid,Shopify order #2130,chloe.durand25509@example.com,#2130
ch_3Q001052,2026-08-03 12:43:00,257.04,0.00,eur,3.85,253.19,Paid,Shopify order #2131,theo.thomas69@example.com,#2131
ch_3Q001053,2026-08-03 09:55:00,64.70,0.00,eur,1.16,63.54,Paid,Shopify order #2132,lucas.durand34@example.com,#2132
ch_3Q001054,2026-08-03 22:55:00,365.04,0.00,eur,5.36,359.68,Paid,Shopify order #2133,hugo.garcia37905@example.com,#2133
ch_3Q001055,2026-08-03 13:24:00,160.92,0.00,eur,2.50,158.42,Paid,Shopify order #2134,lea.martin62094@example.com,#2134
ch_3Q001056,2026-08-03 22:14:00,64.70,0.00,eur,1.16,63.54,Paid,Shopify order #2135,paul.martin46461@example.com,#2135
ch_3Q001057,2026-08-03 18:14:00,80.42,0.00,eur,1.38,79.04,Paid,Shopify order #2136,paul.laurent51@example.com,#2136
ch_3Q001058,2026-08-03 15:44:00,178.80,0.00,eur,2.75,176.05,Paid,Shopify order #2137,louis.thomas49869@example.com,#2137
ch_3Q001059,2026-08-04 16:19:00,312.12,0.00,eur,4.62,307.50,Paid,Shopify order #2138,manon.lefebvre20@example.com,#2138
ch_3Q001060,2026-08-04 13:32:00,309.60,0.00,eur,4.58,305.02,Paid,Shopify order #2139,ines.dubois49621@example.com,#2139
ch_3Q001061,2026-08-04 18:36:00,393.60,0.00,eur,5.76,387.84,Paid,Shopify order #2140,camille.moreau69171@example.com,#2140
ch_3Q001062,2026-08-04 13:44:00,346.80,237.04,eur,5.11,341.69,Paid,Shopify order #2141,lucas.robert11956@example.com,#2141
ch_3Q001063,2026-08-04 16:11:00,48.02,0.00,eur,0.92,47.10,Paid,Shopify order #2142,chloe.leroy24@example.com,#2142
ch_3Q001064,2026-08-04 22:22:00,160.92,0.00,eur,2.50,158.42,Paid,Shopify order #2143,manon.leroy44486@example.com,#2143
ch_3Q001065,2026-08-04 13:30:00,178.80,0.00,eur,2.75,176.05,Paid,Shopify order #2144,lucas.thomas69965@example.com,#2144
ch_3Q001066,2026-08-04 21:08:00,441.60,0.00,eur,6.43,435.17,Paid,Shopify order #2145,lucas.thomas10528@example.com,#2145
ch_3Q001067,2026-08-04 11:54:00,312.12,0.00,eur,4.62,307.50,Paid,Shopify order #2146,paul.petit6586@example.com,#2146
ch_3Q001068,2026-08-04 20:39:00,48.02,0.00,eur,0.92,47.10,Paid,Shopify order #2147,jade.laurent1099@example.com,#2147
ch_3Q001069,2026-08-04 19:53:00,357.60,0.00,eur,5.26,352.34,Paid,Shopify order #2148,lucas.garcia24@example.com,#2148
ch_3Q001070,2026-08-04 08:35:00,100.70,0.00,eur,1.66,99.04,Paid,Shopify order #2149,camille.robert39@example.com,#2149
ch_3Q001071,2026-08-04 13:22:00,99.50,0.00,eur,1.64,97.86,Paid,Shopify order #2150,hugo.garcia26913@example.com,#2150
ch_3Q001072,2026-08-04 19:32:00,88.70,0.00,eur,1.49,87.21,Paid,Shopify order #2151,nathan.martin33486@example.com,#2151
ch_3Q001073,2026-08-04 17:10:00,100.70,0.00,eur,1.66,99.04,Paid,Shopify order #2152,paul.lefebvre60@example.com,#2152
ch_3Q001074,2026-08-04 16:30:00,88.70,0.00,eur,1.49,87.21,Paid,Shopify order #2153,louis.dubois4060@example.com,#2153
ch_3Q001075,2026-08-04 08:33:00,64.70,0.00,eur,1.16,63.54,Paid,Shopify order #2154,louis.martin93@example.com,#2154
ch_3Q001076,2026-08-04 14:22:00,246.24,0.00,eur,3.70,242.54,Paid,Shopify order #2155,jade.robert65554@example.com,#2155
ch_3Q001077,2026-08-04 22:34:00,100.70,0.00,eur,1.66,99.04,Paid,Shopify order #2156,theo.laurent87063@example.com,#2156
ch_3Q001078,2026-08-04 12:55:00,88.70,0.00,eur,1.49,87.21,Paid,Shopify order #2157,gabriel.robert56@example.com,#2157
ch_3Q001079,2026-08-04 16:52:00,90.14,0.00,eur,1.51,88.63,Paid,Shopify order #2158,manon.leroy57@example.com,#2158
ch_3Q001080,2026-08-04 17:01:00,100.70,0.00,eur,1.66,99.04,Paid,Shopify order #2159,jade.simon3309@example.com,#2159
ch_3Q001081,2026-08-04 22:45:00,405.60,0.00,eur,5.93,399.67,Paid,Shopify order #2160,louis.thomas6485@example.com,#2160
ch_3Q001082,2026-08-04 17:43:00,439.56,0.00,eur,6.40,433.16,Paid,Shopify order #2161,emma.bernard35797@example.com,#2161
ch_3Q001083,2026-08-04 17:43:00,346.80,0.00,eur,5.11,341.69,Paid,Shopify order #2162,lea.garcia45762@example.com,#2162
ch_3Q001084,2026-08-04 21:38:00,52.70,0.00,eur,0.99,51.71,Paid,Shopify order #2163,nathan.garcia16515@example.com,#2163
ch_3Q001085,2026-08-04 12:22:00,100.70,0.00,eur,1.66,99.04,Paid,Shopify order #2164,paul.robert47@example.com,#2164
ch_3Q001086,2026-08-04 17:16:00,178.80,0.00,eur,2.75,176.05,Paid,Shopify order #2165,paul.thomas7827@example.com,#2165
ch_3Q001087,2026-08-04 18:54:00,153.60,0.00,eur,2.40,151.20,Paid,Shopify order #2166,hugo.robert60@example.com,#2166
ch_3Q001088,2026-08-04 11:54:00,141.60,0.00,eur,2.23,139.37,Paid,Shopify order #2167,hugo.martin23785@example.com,#2167
ch_3Q001089,2026-08-04 19:58:00,91.22,0.00,eur,1.53,89.69,Paid,Shopify order #2168,lucas.dubois41700@example.com,#2168
ch_3Q001090,2026-08-05 17:09:00,312.12,0.00,eur,4.62,307.50,Paid,Shopify order #2169,hugo.michel66200@example.com,#2169
ch_3Q001091,2026-08-05 20:41:00,88.70,0.00,eur,1.49,87.21,Paid,Shopify order #2170,sarah.thomas63968@example.com,#2170
ch_3Q001092,2026-08-05 08:48:00,76.70,0.00,eur,1.32,75.38,Paid,Shopify order #2171,gabriel.durand36079@example.com,#2171
ch_3Q001093,2026-08-05 19:08:00,272.40,0.00,eur,4.06,268.34,Paid,Shopify order #2172,camille.laurent38236@example.com,#2172
ch_3Q001094,2026-08-05 10:52:00,204.12,0.00,eur,3.11,201.01,Paid,Shopify order #2173,chloe.leroy24@example.com,#2173
ch_3Q001095,2026-08-05 21:26:00,312.12,0.00,eur,4.62,307.50,Paid,Shopify order #2174,lucas.leroy2672@example.com,#2174
ch_3Q001096,2026-08-05 11:49:00,226.80,0.00,eur,3.43,223.37,Paid,Shopify order #2175,emma.martin24945@example.com,#2175
ch_3Q001097,2026-08-05 09:31:00,261.60,0.00,eur,3.91,257.69,Paid,Shopify order #2176,jade.thomas36075@example.com,#2176
ch_3Q001098,2026-08-05 10:02:00,405.60,0.00,eur,5.93,399.67,Paid,Shopify order #2177,sarah.laurent60@example.com,#2177
ch_3Q001099,2026-08-05 13:34:00,225.60,0.00,eur,3.41,222.19,Paid,Shopify order #2178,hugo.simon3214@example.com,#2178
ch_3Q001100,2026-08-05 13:00:00,429.60,0.00,eur,6.26,423.34,Paid,Shopify order #2179,manon.dubois3726@example.com,#2179
ch_3Q001101,2026-08-05 21:54:00,453.60,0.00,eur,6.60,447.00,Paid,Shopify order #2180,louis.lefebvre2557@example.com,#2180
ch_3Q001102,2026-08-05 12:55:00,165.60,0.00,eur,2.57,163.03,Paid,Shopify order #2181,emma.dubois57906@example.com,#2181
ch_3Q001103,2026-08-05 22:48:00,127.44,0.00,eur,2.03,125.41,Paid,Shopify order #2182,manon.laurent37@example.com,#2182
ch_3Q001104,2026-08-05 13:39:00,100.70,0.00,eur,1.66,99.04,Paid,Shopify order #2183,chloe.garcia14963@example.com,#2183
ch_3Q001105,2026-08-05 18:28:00,88.70,0.00,eur,1.49,87.21,Paid,Shopify order #2184,lea.martin98146@example.com,#2184
ch_3Q001106,2026-08-05 13:00:00,283.20,0.00,eur,4.21,278.99,Paid,Shopify order #2185,emma.moreau73840@example.com,#2185
ch_3Q001107,2026-08-05 12:59:00,100.70,0.00,eur,1.66,99.04,Paid,Shopify order #2186,manon.moreau7222@example.com,#2186
ch_3Q001108,2026-08-05 11:34:00,76.70,0.00,eur,1.32,75.38,Paid,Shopify order #2187,jade.robert11929@example.com,#2187
ch_3Q001109,2026-08-05 18:04:00,76.70,0.00,eur,1.32,75.38,Paid,Shopify order #2188,jade.bernard24058@example.com,#2188
ch_3Q001110,2026-08-05 11:30:00,58.82,0.00,eur,1.07,57.75,Paid,Shopify order #2189,ines.laurent25059@example.com,#2189
ch_3Q001111,2026-08-05 11:47:00,99.50,0.00,eur,1.64,97.86,Paid,Shopify order #2190,camille.dubois75521@example.com,#2190
ch_3Q001112,2026-08-05 21:01:00,178.80,0.00,eur,2.75,176.05,Paid,Shopify order #2191,ines.thomas13675@example.com,#2191
ch_3Q001113,2026-08-05 11:55:00,88.70,0.00,eur,1.49,87.21,Paid,Shopify order #2192,ines.martin462@example.com,#2192
ch_3Q001114,2026-08-05 22:06:00,100.70,0.00,eur,1.66,99.04,Paid,Shopify order #2193,camille.robert39@example.com,#2193
ch_3Q001115,2026-08-05 09:07:00,76.70,0.00,eur,1.32,75.38,Paid,Shopify order #2194,gabriel.leroy22@example.com,#2194
ch_3Q001116,2026-08-05 10:35:00,64.70,0.00,eur,1.16,63.54,Paid,Shopify order #2195,ines.laurent56201@example.com,#2195
ch_3Q001117,2026-08-05 19:32:00,204.12,0.00,eur,3.11,201.01,Paid,Shopify order #2196,emma.robert94059@example.com,#2196
ch_3Q001118,2026-08-05 08:45:00,189.60,0.00,eur,2.90,186.70,Paid,Shopify order #2197,lea.lefebvre61835@example.com,#2197
ch_3Q001119,2026-08-05 09:05:00,165.60,0.00,eur,2.57,163.03,Paid,Shopify order #2198,manon.michel70090@example.com,#2198
ch_3Q001120,2026-08-06 18:54:00,226.80,0.00,eur,3.43,223.37,Paid,Shopify order #2199,louis.laurent15516@example.com,#2199
ch_3Q001121,2026-08-06 21:16:00,212.40,0.00,eur,3.22,209.18,Paid,Shopify order #2200,sarah.moreau5818@example.com,#2200
ch_3Q001122,2026-08-06 15:38:00,178.80,0.00,eur,2.75,176.05,Paid,Shopify order #2201,louis.dubois65414@example.com,#2201
ch_3Q001123,2026-08-06 19:22:00,357.60,0.00,eur,5.26,352.34,Paid,Shopify order #2202,hugo.simon74150@example.com,#2202
ch_3Q001124,2026-08-06 20:04:00,297.60,0.00,eur,4.42,293.18,Paid,Shopify order #2203,manon.martin91@example.com,#2203
ch_3Q001125,2026-08-06 12:47:00,153.60,0.00,eur,2.40,151.20,Paid,Shopify order #2204,gabriel.robert77@example.com,#2204
ch_3Q001126,2026-08-06 09:51:00,273.60,0.00,eur,4.08,269.52,Paid,Shopify order #2205,paul.moreau18851@example.com,#2205
ch_3Q001127,2026-08-06 15:45:00,76.70,0.00,eur,1.32,75.38,Paid,Shopify order #2206,camille.dubois75521@example.com,#2206
ch_3Q001128,2026-08-06 14:54:00,64.70,0.00,eur,1.16,63.54,Paid,Shopify order #2207,chloe.moreau24120@example.com,#2207
ch_3Q001129,2026-08-06 09:54:00,285.60,0.00,eur,4.25,281.35,Paid,Shopify order #2208,lea.michel85779@example.com,#2208
ch_3Q001130,2026-08-06 12:51:00,116.64,0.00,eur,1.88,114.76,Paid,Shopify order #2209,jade.thomas70@example.com,#2209
ch_3Q001131,2026-08-06 22:34:00,48.02,0.00,eur,0.92,47.10,Paid,Shopify order #2210,arthur.durand37@example.com,#2210
ch_3Q001132,2026-08-06 17:25:00,417.60,0.00,eur,6.10,411.50,Paid,Shopify order #2211,hugo.moreau85@example.com,#2211
ch_3Q001133,2026-08-06 16:33:00,346.80,0.00,eur,5.11,341.69,Paid,Shopify order #2212,sarah.martin51931@example.com,#2212
ch_3Q001134,2026-08-06 09:01:00,408.24,285.6,eur,5.97,402.27,Paid,Shopify order #2213,paul.thomas82@example.com,#2213
ch_3Q001135,2026-08-06 17:24:00,91.22,0.00,eur,1.53,89.69,Paid,Shopify order #2214,gabriel.petit59900@example.com,#2214
ch_3Q001136,2026-08-06 22:27:00,178.80,126.11,eur,2.75,176.05,Paid,Shopify order #2215,ines.bernard12399@example.com,#2215
ch_3Q001137,2026-08-06 08:57:00,393.60,0.00,eur,5.76,387.84,Paid,Shopify order #2216,lucas.dubois76@example.com,#2216
ch_3Q001138,2026-08-06 22:42:00,386.64,0.00,eur,5.66,380.98,Paid,Shopify order #2217,hugo.lefebvre55@example.com,#2217
ch_3Q001139,2026-08-06 10:05:00,204.12,0.00,eur,3.11,201.01,Paid,Shopify order #2218,theo.martin20029@example.com,#2218
ch_3Q001140,2026-08-06 10:12:00,273.60,0.00,eur,4.08,269.52,Paid,Shopify order #2219,camille.simon37201@example.com,#2219
ch_3Q001141,2026-08-06 22:43:00,257.04,0.00,eur,3.85,253.19,Paid,Shopify order #2220,ines.moreau14636@example.com,#2220
ch_3Q001142,2026-08-06 18:02:00,88.70,0.00,eur,1.49,87.21,Paid,Shopify order #2221,paul.moreau59358@example.com,#2221
ch_3Q001143,2026-08-06 12:45:00,573.60,0.00,eur,8.28,565.32,Paid,Shopify order #2222,gabriel.martin29@example.com,#2222
ch_3Q001144,2026-08-06 21:14:00,105.60,0.00,eur,1.73,103.87,Paid,Shopify order #2223,arthur.lefebvre72@example.com,#2223
ch_3Q001145,2026-08-06 11:47:00,153.60,0.00,eur,2.40,151.20,Paid,Shopify order #2224,sarah.bernard90@example.com,#2224
ch_3Q001146,2026-08-06 21:40:00,88.70,0.00,eur,1.49,87.21,Paid,Shopify order #2225,gabriel.durand29217@example.com,#2225
ch_3Q001147,2026-08-06 18:13:00,226.80,0.00,eur,3.43,223.37,Paid,Shopify order #2226,manon.moreau5539@example.com,#2226
ch_3Q001148,2026-08-06 14:28:00,346.80,0.00,eur,5.11,341.69,Paid,Shopify order #2227,louis.dubois4060@example.com,#2227
ch_3Q001149,2026-08-06 15:28:00,52.70,0.00,eur,0.99,51.71,Paid,Shopify order #2228,sarah.garcia41708@example.com,#2228
ch_3Q001150,2026-08-06 08:03:00,346.80,0.00,eur,5.11,341.69,Paid,Shopify order #2229,theo.simon33317@example.com,#2229
ch_3Q001151,2026-08-06 08:18:00,100.70,0.00,eur,1.66,99.04,Paid,Shopify order #2230,hugo.martin47049@example.com,#2230
ch_3Q001152,2026-08-06 08:36:00,165.60,0.00,eur,2.57,163.03,Paid,Shopify order #2231,chloe.durand59573@example.com,#2231
ch_3Q001153,2026-08-07 14:53:00,64.70,0.00,eur,1.16,63.54,Paid,Shopify order #2232,louis.robert78341@example.com,#2232
ch_3Q001154,2026-08-07 20:50:00,100.70,0.00,eur,1.66,99.04,Paid,Shopify order #2233,ines.moreau96@example.com,#2233
ch_3Q001155,2026-08-07 17:57:00,76.70,0.00,eur,1.32,75.38,Paid,Shopify order #2234,camille.robert48550@example.com,#2234
ch_3Q001156,2026-08-07 10:47:00,64.70,0.00,eur,1.16,63.54,Paid,Shopify order #2235,paul.leroy70566@example.com,#2235
ch_3Q001157,2026-08-07 09:32:00,153.60,0.00,eur,2.40,151.20,Paid,Shopify order #2236,gabriel.lefebvre42@example.com,#2236
ch_3Q001158,2026-08-07 11:13:00,52.70,0.00,eur,0.99,51.71,Paid,Shopify order #2237,ines.moreau46@example.com,#2237
ch_3Q001159,2026-08-07 10:40:00,76.70,0.00,eur,1.32,75.38,Paid,Shopify order #2238,chloe.bernard98440@example.com,#2238
ch_3Q001160,2026-08-07 13:13:00,178.80,0.00,eur,2.75,176.05,Paid,Shopify order #2239,hugo.lefebvre7999@example.com,#2239
ch_3Q001161,2026-08-07 10:46:00,64.70,0.00,eur,1.16,63.54,Paid,Shopify order #2240,lea.dubois16@example.com,#2240
ch_3Q001162,2026-08-07 22:23:00,260.40,0.00,eur,3.90,256.50,Paid,Shopify order #2241,arthur.simon85544@example.com,#2241
ch_3Q001163,2026-08-07 16:58:00,129.60,0.00,eur,2.06,127.54,Paid,Shopify order #2242,manon.laurent7@example.com,#2242
ch_3Q001164,2026-08-07 20:15:00,178.80,0.00,eur,2.75,176.05,Paid,Shopify order #2243,arthur.simon69290@example.com,#2243
ch_3Q001165,2026-08-07 21:45:00,100.70,0.00,eur,1.66,99.04,Paid,Shopify order #2244,paul.dubois35861@example.com,#2244
ch_3Q001166,2026-08-07 19:40:00,76.70,0.00,eur,1.32,75.38,Paid,Shopify order #2245,chloe.bernard74237@example.com,#2245
ch_3Q001167,2026-08-07 08:50:00,178.80,0.00,eur,2.75,176.05,Paid,Shopify order #2246,manon.leroy94701@example.com,#2246
ch_3Q001168,2026-08-07 20:02:00,226.80,0.00,eur,3.43,223.37,Paid,Shopify order #2247,theo.dubois85201@example.com,#2247
ch_3Q001169,2026-08-07 08:56:00,100.70,0.00,eur,1.66,99.04,Paid,Shopify order #2248,ines.durand98778@example.com,#2248
ch_3Q001170,2026-08-07 13:29:00,52.70,0.00,eur,0.99,51.71,Paid,Shopify order #2249,jade.bernard85883@example.com,#2249
ch_3Q001171,2026-08-07 10:40:00,69.62,0.00,eur,1.22,68.40,Paid,Shopify order #2250,nathan.moreau54628@example.com,#2250
ch_3Q001172,2026-08-07 22:09:00,160.92,0.00,eur,2.50,158.42,Paid,Shopify order #2251,chloe.durand17789@example.com,#2251
ch_3Q001173,2026-08-08 14:15:00,396.36,0.00,eur,5.80,390.56,Paid,Shopify order #2252,jade.michel31456@example.com,#2252
ch_3Q001174,2026-08-08 13:38:00,88.70,0.00,eur,1.49,87.21,Paid,Shopify order #2253,camille.lefebvre97912@example.com,#2253
ch_3Q001175,2026-08-08 19:53:00,346.80,0.00,eur,5.11,341.69,Paid,Shopify order #2254,theo.petit63453@example.com,#2254
ch_3Q001176,2026-08-08 11:16:00,440.40,0.00,eur,6.42,433.98,Paid,Shopify order #2255,chloe.laurent30429@example.com,#2255
ch_3Q001177,2026-08-08 21:01:00,178.80,0.00,eur,2.75,176.05,Paid,Shopify order #2256,sarah.simon33@example.com,#2256
ch_3Q001178,2026-08-08 15:05:00,405.60,0.00,eur,5.93,399.67,Paid,Shopify order #2257,arthur.lefebvre94355@example.com,#2257
ch_3Q001179,2026-08-08 16:28:00,226.80,0.00,eur,3.43,223.37,Paid,Shopify order #2258,ines.thomas90732@example.com,#2258
ch_3Q001180,2026-08-08 13:12:00,441.60,0.00,eur,6.43,435.17,Paid,Shopify order #2259,gabriel.leroy14670@example.com,#2259
ch_3Q001181,2026-08-08 09:41:00,76.70,0.00,eur,1.32,75.38,Paid,Shopify order #2260,manon.laurent96751@example.com,#2260
ch_3Q001182,2026-08-08 11:20:00,178.80,114.21,eur,2.75,176.05,Paid,Shopify order #2261,jade.martin12933@example.com,#2261
ch_3Q001183,2026-08-08 13:43:00,397.44,0.00,eur,5.81,391.63,Paid,Shopify order #2262,paul.simon20413@example.com,#2262
ch_3Q001184,2026-08-08 12:17:00,201.96,0.00,eur,3.08,198.88,Paid,Shopify order #2263,emma.lefebvre71@example.com,#2263
ch_3Q001185,2026-08-08 13:16:00,138.24,0.00,eur,2.19,136.05,Paid,Shopify order #2264,jade.lefebvre19031@example.com,#2264
ch_3Q001186,2026-08-08 10:53:00,178.80,0.00,eur,2.75,176.05,Paid,Shopify order #2265,theo.simon49816@example.com,#2265
ch_3Q001187,2026-08-08 14:39:00,76.70,0.00,eur,1.32,75.38,Paid,Shopify order #2266,sarah.garcia41708@example.com,#2266
ch_3Q001188,2026-08-08 15:30:00,226.80,0.00,eur,3.43,223.37,Paid,Shopify order #2267,louis.leroy94632@example.com,#2267
ch_3Q001189,2026-08-08 22:09:00,52.70,0.00,eur,0.99,51.71,Paid,Shopify order #2268,manon.petit12927@example.com,#2268
ch_3Q001190,2026-08-08 21:26:00,52.70,0.00,eur,0.99,51.71,Paid,Shopify order #2269,gabriel.petit18594@example.com,#2269
ch_3Q001191,2026-08-08 20:48:00,149.04,0.00,eur,2.34,146.70,Paid,Shopify order #2270,lea.petit50@example.com,#2270
ch_3Q001192,2026-08-08 09:26:00,273.60,0.00,eur,4.08,269.52,Paid,Shopify order #2271,jade.thomas57876@example.com,#2271
ch_3Q001193,2026-08-08 09:15:00,346.80,0.00,eur,5.11,341.69,Paid,Shopify order #2272,manon.lefebvre18@example.com,#2272
ch_3Q001194,2026-08-08 18:25:00,64.70,0.00,eur,1.16,63.54,Paid,Shopify order #2273,chloe.simon45280@example.com,#2273
ch_3Q001195,2026-08-08 22:46:00,204.12,0.00,eur,3.11,201.01,Paid,Shopify order #2274,theo.leroy1@example.com,#2274
ch_3Q001196,2026-08-08 20:09:00,312.12,0.00,eur,4.62,307.50,Paid,Shopify order #2275,chloe.thomas31373@example.com,#2275
ch_3Q001197,2026-08-08 21:42:00,52.70,0.00,eur,0.99,51.71,Paid,Shopify order #2276,jade.thomas92477@example.com,#2276
ch_3Q001198,2026-08-09 08:08:00,297.60,0.00,eur,4.42,293.18,Paid,Shopify order #2277,emma.bernard68896@example.com,#2277
ch_3Q001199,2026-08-09 22:26:00,88.70,0.00,eur,1.49,87.21,Paid,Shopify order #2278,theo.lefebvre91@example.com,#2278
ch_3Q001200,2026-08-09 10:15:00,52.70,0.00,eur,0.99,51.71,Paid,Shopify order #2279,chloe.lefebvre28179@example.com,#2279
ch_3Q001201,2026-08-09 17:54:00,129.60,0.00,eur,2.06,127.54,Paid,Shopify order #2280,emma.martin37567@example.com,#2280
ch_3Q001202,2026-08-09 20:16:00,273.60,0.00,eur,4.08,269.52,Paid,Shopify order #2281,gabriel.durand29217@example.com,#2281
ch_3Q001203,2026-08-09 09:52:00,416.40,0.00,eur,6.08,410.32,Paid,Shopify order #2282,nathan.leroy78223@example.com,#2282
ch_3Q001204,2026-08-09 22:08:00,320.40,0.00,eur,4.74,315.66,Paid,Shopify order #2283,lea.garcia3@example.com,#2283
ch_3Q001205,2026-08-09 20:02:00,52.70,0.00,eur,0.99,51.71,Paid,Shopify order #2284,manon.thomas39461@example.com,#2284
ch_3Q001206,2026-08-09 17:36:00,64.70,0.00,eur,1.16,63.54,Paid,Shopify order #2285,lucas.thomas69@example.com,#2285
ch_3Q001207,2026-08-09 19:16:00,95.04,0.00,eur,1.58,93.46,Paid,Shopify order #2286,arthur.laurent57@example.com,#2286
ch_3Q001208,2026-08-09 08:35:00,88.70,0.00,eur,1.49,87.21,Paid,Shopify order #2287,arthur.durand92@example.com,#2287
ch_3Q001209,2026-08-09 16:38:00,346.80,0.00,eur,5.11,341.69,Paid,Shopify order #2288,emma.dubois65448@example.com,#2288
ch_3Q001210,2026-08-09 12:42:00,69.62,0.00,eur,1.22,68.40,Paid,Shopify order #2289,sarah.garcia94721@example.com,#2289
ch_3Q001211,2026-08-09 12:01:00,178.80,0.00,eur,2.75,176.05,Paid,Shopify order #2290,jade.lefebvre2847@example.com,#2290
ch_3Q001212,2026-08-09 15:08:00,226.80,0.00,eur,3.43,223.37,Paid,Shopify order #2291,camille.durand14838@example.com,#2291
ch_3Q001213,2026-08-09 10:46:00,64.70,0.00,eur,1.16,63.54,Paid,Shopify order #2292,jade.michel31456@example.com,#2292
ch_3Q001214,2026-08-09 08:46:00,127.44,0.00,eur,2.03,125.41,Paid,Shopify order #2293,lea.bernard18727@example.com,#2293
ch_3Q001215,2026-08-09 18:36:00,69.62,0.00,eur,1.22,68.40,Paid,Shopify order #2294,manon.durand66@example.com,#2294
ch_3Q001216,2026-08-09 19:14:00,64.70,0.00,eur,1.16,63.54,Paid,Shopify order #2295,louis.simon62@example.com,#2295
ch_3Q001217,2026-08-09 19:44:00,261.60,0.00,eur,3.91,257.69,Paid,Shopify order #2296,sarah.martin64829@example.com,#2296
ch_3Q001218,2026-08-09 19:58:00,76.70,0.00,eur,1.32,75.38,Paid,Shopify order #2297,camille.lefebvre54974@example.com,#2297
ch_3Q001219,2026-08-09 16:32:00,76.70,0.00,eur,1.32,75.38,Paid,Shopify order #2298,gabriel.durand67865@example.com,#2298
ch_3Q001220,2026-08-10 14:24:00,226.80,0.00,eur,3.43,223.37,Paid,Shopify order #2299,louis.lefebvre11@example.com,#2299
ch_3Q001221,2026-08-10 22:52:00,393.60,0.00,eur,5.76,387.84,Paid,Shopify order #2300,gabriel.moreau84136@example.com,#2300
ch_3Q001222,2026-08-10 20:24:00,76.70,0.00,eur,1.32,75.38,Paid,Shopify order #2301,chloe.laurent32329@example.com,#2301
ch_3Q001223,2026-08-10 18:24:00,88.70,0.00,eur,1.49,87.21,Paid,Shopify order #2302,manon.dubois96226@example.com,#2302
ch_3Q001224,2026-08-10 19:22:00,100.70,0.00,eur,1.66,99.04,Paid,Shopify order #2303,ines.leroy91290@example.com,#2303
ch_3Q001225,2026-08-10 12:37:00,88.70,0.00,eur,1.49,87.21,Paid,Shopify order #2304,chloe.laurent50577@example.com,#2304
ch_3Q001226,2026-08-10 12:02:00,246.24,0.00,eur,3.70,242.54,Paid,Shopify order #2305,arthur.robert93@example.com,#2305
ch_3Q001227,2026-08-10 13:17:00,141.60,0.00,eur,2.23,139.37,Paid,Shopify order #2306,nathan.dubois43133@example.com,#2306
ch_3Q001228,2026-08-10 16:53:00,52.70,0.00,eur,0.99,51.71,Paid,Shopify order #2307,manon.petit78@example.com,#2307
ch_3Q001229,2026-08-10 21:59:00,100.70,0.00,eur,1.66,99.04,Paid,Shopify order #2308,jade.garcia67555@example.com,#2308
ch_3Q001230,2026-08-10 12:24:00,225.60,0.00,eur,3.41,222.19,Paid,Shopify order #2309,manon.moreau78598@example.com,#2309
ch_3Q001231,2026-08-10 20:44:00,88.70,0.00,eur,1.49,87.21,Paid,Shopify order #2310,paul.laurent99769@example.com,#2310
ch_3Q001232,2026-08-10 15:08:00,297.60,0.00,eur,4.42,293.18,Paid,Shopify order #2311,theo.robert85828@example.com,#2311
ch_3Q001233,2026-08-10 19:57:00,141.60,0.00,eur,2.23,139.37,Paid,Shopify order #2312,theo.simon82842@example.com,#2312
ch_3Q001234,2026-08-10 11:41:00,141.60,0.00,eur,2.23,139.37,Paid,Shopify order #2313,chloe.robert17960@example.com,#2313
ch_3Q001235,2026-08-10 08:09:00,88.70,0.00,eur,1.49,87.21,Paid,Shopify order #2314,chloe.garcia14321@example.com,#2314
ch_3Q001236,2026-08-10 20:20:00,920.40,0.00,eur,13.14,907.26,Paid,Shopify order #2315,jade.dubois93254@example.com,#2315
ch_3Q001237,2026-08-10 22:31:00,417.60,0.00,eur,6.10,411.50,Paid,Shopify order #2316,lucas.bernard21571@example.com,#2316
ch_3Q001238,2026-08-10 16:48:00,141.60,0.00,eur,2.23,139.37,Paid,Shopify order #2317,sarah.simon26203@example.com,#2317
ch_3Q001239,2026-08-10 22:57:00,52.70,0.00,eur,0.99,51.71,Paid,Shopify order #2318,ines.dubois42412@example.com,#2318
ch_3Q001240,2026-08-10 08:29:00,52.70,0.00,eur,0.99,51.71,Paid,Shopify order #2319,manon.laurent96751@example.com,#2319
ch_3Q001241,2026-08-10 18:32:00,58.82,0.00,eur,1.07,57.75,Paid,Shopify order #2320,jade.thomas57876@example.com,#2320
ch_3Q001242,2026-08-10 12:31:00,80.42,0.00,eur,1.38,79.04,Paid,Shopify order #2321,lea.thomas78478@example.com,#2321
ch_3Q001243,2026-08-10 16:22:00,212.40,0.00,eur,3.22,209.18,Paid,Shopify order #2322,theo.bernard88@example.com,#2322
ch_3Q001244,2026-08-10 14:03:00,397.44,0.00,eur,5.81,391.63,Paid,Shopify order #2323,nathan.dubois60@example.com,#2323
ch_3Q001245,2026-08-10 14:09:00,100.70,0.00,eur,1.66,99.04,Paid,Shopify order #2324,paul.laurent62@example.com,#2324
ch_3Q001246,2026-08-10 09:53:00,52.70,0.00,eur,0.99,51.71,Paid,Shopify order #2325,lea.laurent93386@example.com,#2325
ch_3Q001247,2026-08-10 09:34:00,346.80,0.00,eur,5.11,341.69,Paid,Shopify order #2326,hugo.thomas58346@example.com,#2326
ch_3Q001248,2026-08-10 10:14:00,226.80,0.00,eur,3.43,223.37,Paid,Shopify order #2327,ines.thomas15601@example.com,#2327
ch_3Q001249,2026-08-10 14:34:00,204.12,0.00,eur,3.11,201.01,Paid,Shopify order #2328,gabriel.thomas35270@example.com,#2328
ch_3Q001250,2026-08-10 22:58:00,91.22,0.00,eur,1.53,89.69,Paid,Shopify order #2329,arthur.petit96538@example.com,#2329
ch_3Q001251,2026-08-10 18:42:00,127.44,0.00,eur,2.03,125.41,Paid,Shopify order #2330,emma.simon47254@example.com,#2330
ch_3Q001252,2026-08-10 11:54:00,249.60,0.00,eur,3.74,245.86,Paid,Shopify order #2331,arthur.simon65634@example.com,#2331
ch_3Q001253,2026-08-10 19:42:00,178.80,0.00,eur,2.75,176.05,Paid,Shopify order #2332,emma.moreau79279@example.com,#2332
ch_3Q001254,2026-08-10 10:42:00,235.44,0.00,eur,3.55,231.89,Paid,Shopify order #2333,camille.durand32804@example.com,#2333
ch_3Q001255,2026-08-10 16:53:00,64.70,0.00,eur,1.16,63.54,Paid,Shopify order #2334,jade.michel31456@example.com,#2334
ch_3Q001256,2026-08-11 19:24:00,226.80,0.00,eur,3.43,223.37,Paid,Shopify order #2335,jade.petit21254@example.com,#2335
ch_3Q001257,2026-08-11 15:26:00,346.80,0.00,eur,5.11,341.69,Paid,Shopify order #2336,paul.dubois11@example.com,#2336
ch_3Q001258,2026-08-11 13:18:00,88.70,0.00,eur,1.49,87.21,Paid,Shopify order #2337,lucas.durand16288@example.com,#2337
ch_3Q001259,2026-08-11 19:07:00,64.70,0.00,eur,1.16,63.54,Paid,Shopify order #2338,louis.moreau67977@example.com,#2338
ch_3Q001260,2026-08-11 19:03:00,129.60,0.00,eur,2.06,127.54,Paid,Shopify order #2339,louis.robert56@example.com,#2339
ch_3Q001261,2026-08-11 12:35:00,100.70,0.00,eur,1.66,99.04,Paid,Shopify order #2340,camille.petit61696@example.com,#2340
ch_3Q001262,2026-08-11 15:41:00,266.76,0.00,eur,3.98,262.78,Paid,Shopify order #2341,manon.simon39@example.com,#2341
ch_3Q001263,2026-08-11 10:16:00,52.70,0.00,eur,0.99,51.71,Paid,Shopify order #2342,sarah.simon52790@example.com,#2342
ch_3Q001264,2026-08-11 19:28:00,129.60,0.00,eur,2.06,127.54,Paid,Shopify order #2343,ines.laurent73346@example.com,#2343
ch_3Q001265,2026-08-11 19:45:00,178.80,0.00,eur,2.75,176.05,Paid,Shopify order #2344,chloe.michel91@example.com,#2344
ch_3Q001266,2026-08-11 11:02:00,312.12,0.00,eur,4.62,307.50,Paid,Shopify order #2345,camille.lefebvre54974@example.com,#2345
ch_3Q001267,2026-08-11 08:55:00,76.70,0.00,eur,1.32,75.38,Paid,Shopify order #2346,chloe.simon53767@example.com,#2346
ch_3Q001268,2026-08-11 12:29:00,453.60,0.00,eur,6.60,447.00,Paid,Shopify order #2347,paul.thomas60126@example.com,#2347
ch_3Q001269,2026-08-11 08:24:00,160.92,0.00,eur,2.50,158.42,Paid,Shopify order #2348,paul.martin15884@example.com,#2348
ch_3Q001270,2026-08-11 16:31:00,69.62,0.00,eur,1.22,68.40,Paid,Shopify order #2349,sarah.durand99@example.com,#2349
ch_3Q001271,2026-08-11 20:31:00,80.42,0.00,eur,1.38,79.04,Paid,Shopify order #2350,lucas.simon41624@example.com,#2350
ch_3Q001272,2026-08-11 09:16:00,375.84,0.00,eur,5.51,370.33,Paid,Shopify order #2351,lea.bernard954@example.com,#2351
ch_3Q001273,2026-08-11 10:23:00,453.60,0.00,eur,6.60,447.00,Paid,Shopify order #2352,sarah.garcia71827@example.com,#2352
ch_3Q001274,2026-08-11 14:56:00,212.40,0.00,eur,3.22,209.18,Paid,Shopify order #2353,jade.michel82@example.com,#2353
ch_3Q001275,2026-08-11 17:35:00,52.70,0.00,eur,0.99,51.71,Paid,Shopify order #2354,manon.leroy6@example.com,#2354
ch_3Q001276,2026-08-11 10:21:00,278.64,0.00,eur,4.15,274.49,Paid,Shopify order #2355,nathan.garcia11@example.com,#2355
ch_3Q001277,2026-08-11 13:47:00,76.70,0.00,eur,1.32,75.38,Paid,Shopify order #2356,nathan.lefebvre78194@example.com,#2356
ch_3Q001278,2026-08-11 09:00:00,95.04,0.00,eur,1.58,93.46,Paid,Shopify order #2357,camille.laurent48118@example.com,#2357
ch_3Q001279,2026-08-11 09:20:00,204.12,0.00,eur,3.11,201.01,Paid,Shopify order #2358,ines.martin83490@example.com,#2358
ch_3Q001280,2026-08-11 08:28:00,69.62,0.00,eur,1.22,68.40,Paid,Shopify order #2359,lucas.petit16056@example.com,#2359
ch_3Q001281,2026-08-11 12:38:00,80.42,0.00,eur,1.38,79.04,Paid,Shopify order #2360,emma.dubois65448@example.com,#2360
ch_3Q001282,2026-08-11 21:03:00,64.70,0.00,eur,1.16,63.54,Paid,Shopify order #2361,paul.leroy70566@example.com,#2361
ch_3Q001283,2026-08-11 19:56:00,141.60,0.00,eur,2.23,139.37,Paid,Shopify order #2362,chloe.simon92@example.com,#2362
ch_3Q001284,2026-08-11 17:40:00,117.60,0.00,eur,1.90,115.70,Paid,Shopify order #2363,lea.bernard12@example.com,#2363
ch_3Q001285,2026-08-11 19:07:00,225.60,0.00,eur,3.41,222.19,Paid,Shopify order #2364,jade.garcia41520@example.com,#2364
ch_3Q001286,2026-08-11 11:53:00,764.40,0.00,eur,10.95,753.45,Paid,Shopify order #2365,sarah.durand99@example.com,#2365
ch_3Q001287,2026-08-11 17:22:00,88.70,0.00,eur,1.49,87.21,Paid,Shopify order #2366,manon.laurent52675@example.com,#2366
ch_3Q001288,2026-08-11 15:54:00,178.80,0.00,eur,2.75,176.05,Paid,Shopify order #2367,gabriel.dubois39567@example.com,#2367
ch_3Q001289,2026-08-11 08:02:00,76.70,0.00,eur,1.32,75.38,Paid,Shopify order #2368,chloe.bernard71@example.com,#2368
ch_3Q001290,2026-08-11 17:53:00,52.70,0.00,eur,0.99,51.71,Paid,Shopify order #2369,camille.michel69522@example.com,#2369
ch_3Q001291,2026-08-12 14:12:00,226.80,0.00,eur,3.43,223.37,Paid,Shopify order #2370,theo.robert85828@example.com,#2370
ch_3Q001292,2026-08-12 22:25:00,64.70,0.00,eur,1.16,63.54,Paid,Shopify order #2371,camille.moreau47394@example.com,#2371
ch_3Q001293,2026-08-12 15:33:00,52.70,0.00,eur,0.99,51.71,Paid,Shopify order #2372,louis.leroy94723@example.com,#2372
ch_3Q001294,2026-08-12 12:47:00,160.92,0.00,eur,2.50,158.42,Paid,Shopify order #2373,nathan.lefebvre52026@example.com,#2373
ch_3Q001295,2026-08-12 17:15:00,52.70,0.00,eur,0.99,51.71,Paid,Shopify order #2374,chloe.bernard53440@example.com,#2374
ch_3Q001296,2026-08-12 17:06:00,99.50,0.00,eur,1.64,97.86,Paid,Shopify order #2375,hugo.michel91517@example.com,#2375
ch_3Q001297,2026-08-12 12:40:00,52.70,0.00,eur,0.99,51.71,Paid,Shopify order #2376,arthur.martin5186@example.com,#2376
ch_3Q001298,2026-08-12 11:47:00,226.80,0.00,eur,3.43,223.37,Paid,Shopify order #2377,sarah.bernard90@example.com,#2377
ch_3Q001299,2026-08-12 09:07:00,149.04,0.00,eur,2.34,146.70,Paid,Shopify order #2378,theo.laurent2433@example.com,#2378
ch_3Q001300,2026-08-12 19:37:00,76.70,0.00,eur,1.32,75.38,Paid,Shopify order #2379,chloe.lefebvre91@example.com,#2379
ch_3Q001301,2026-08-12 16:20:00,405.60,0.00,eur,5.93,399.67,Paid,Shopify order #2380,nathan.bernard91133@example.com,#2380
ch_3Q001302,2026-08-12 10:06:00,91.22,0.00,eur,1.53,89.69,Paid,Shopify order #2381,louis.michel38155@example.com,#2381
ch_3Q001303,2026-08-12 10:33:00,88.70,0.00,eur,1.49,87.21,Paid,Shopify order #2382,jade.petit90330@example.com,#2382
ch_3Q001304,2026-08-12 10:44:00,165.60,0.00,eur,2.57,163.03,Paid,Shopify order #2383,manon.dubois19755@example.com,#2383
ch_3Q001305,2026-08-12 22:12:00,91.22,0.00,eur,1.53,89.69,Paid,Shopify order #2384,gabriel.leroy86715@example.com,#2384
ch_3Q001306,2026-08-12 13:44:00,88.70,0.00,eur,1.49,87.21,Paid,Shopify order #2385,gabriel.moreau37732@example.com,#2385
ch_3Q001307,2026-08-12 09:16:00,52.70,0.00,eur,0.99,51.71,Paid,Shopify order #2386,ines.petit47111@example.com,#2386
ch_3Q001308,2026-08-12 22:36:00,52.70,28.9,eur,0.99,51.71,Paid,Shopify order #2387,lea.simon4@example.com,#2387
ch_3Q001309,2026-08-12 12:49:00,273.60,0.00,eur,4.08,269.52,Paid,Shopify order #2388,camille.garcia41714@example.com,#2388
ch_3Q001310,2026-08-12 17:19:00,573.60,0.00,eur,8.28,565.32,Paid,Shopify order #2389,lucas.durand8776@example.com,#2389
ch_3Q001311,2026-08-12 11:32:00,407.16,0.00,eur,5.95,401.21,Paid,Shopify order #2390,manon.simon31449@example.com,#2390
ch_3Q001312,2026-08-12 09:56:00,52.70,0.00,eur,0.99,51.71,Paid,Shopify order #2391,gabriel.martin21164@example.com,#2391
ch_3Q001313,2026-08-12 19:51:00,357.60,0.00,eur,5.26,352.34,Paid,Shopify order #2392,gabriel.dubois56631@example.com,#2392
ch_3Q001314,2026-08-12 13:07:00,159.84,0.00,eur,2.49,157.35,Paid,Shopify order #2393,paul.leroy72283@example.com,#2393
ch_3Q001315,2026-08-12 17:01:00,100.70,0.00,eur,1.66,99.04,Paid,Shopify order #2394,sarah.simon72@example.com,#2394
ch_3Q001316,2026-08-13 15:35:00,141.60,0.00,eur,2.23,139.37,Paid,Shopify order #2395,manon.garcia28162@example.com,#2395
ch_3Q001317,2026-08-13 08:52:00,312.12,221.98,eur,4.62,307.50,Paid,Shopify order #2396,jade.garcia91009@example.com,#2396
ch_3Q001318,2026-08-13 13:58:00,88.70,0.00,eur,1.49,87.21,Paid,Shopify order #2397,chloe.garcia14963@example.com,#2397
ch_3Q001319,2026-08-13 08:44:00,88.70,0.00,eur,1.49,87.21,Paid,Shopify order #2398,gabriel.moreau700@example.com,#2398
ch_3Q001320,2026-08-13 13:12:00,100.70,0.00,eur,1.66,99.04,Paid,Shopify order #2399,chloe.moreau87255@example.com,#2399
ch_3Q001321,2026-08-13 22:24:00,129.60,0.00,eur,2.06,127.54,Paid,Shopify order #2400,hugo.martin28@example.com,#2400
ch_3Q001322,2026-08-13 13:21:00,76.70,0.00,eur,1.32,75.38,Paid,Shopify order #2401,paul.moreau30@example.com,#2401
ch_3Q001323,2026-08-13 13:18:00,203.04,0.00,eur,3.09,199.95,Paid,Shopify order #2402,theo.lefebvre72@example.com,#2402
ch_3Q001324,2026-08-13 10:17:00,76.70,0.00,eur,1.32,75.38,Paid,Shopify order #2403,ines.laurent73346@example.com,#2403
ch_3Q001325,2026-08-13 21:18:00,226.80,0.00,eur,3.43,223.37,Paid,Shopify order #2404,lea.michel25@example.com,#2404
ch_3Q001326,2026-08-13 12:19:00,127.44,0.00,eur,2.03,125.41,Paid,Shopify order #2405,arthur.leroy10@example.com,#2405
ch_3Q001327,2026-08-13 16:37:00,321.60,0.00,eur,4.75,316.85,Paid,Shopify order #2406,sarah.garcia58514@example.com,#2406
ch_3Q001328,2026-08-13 11:23:00,309.60,0.00,eur,4.58,305.02,Paid,Shopify order #2407,sarah.martin99775@example.com,#2407
ch_3Q001329,2026-08-13 18:27:00,312.12,0.00,eur,4.62,307.50,Paid,Shopify order #2408,chloe.petit14772@example.com,#2408
ch_3Q001330,2026-08-13 13:40:00,88.70,0.00,eur,1.49,87.21,Paid,Shopify order #2409,lucas.robert97200@example.com,#2409
ch_3Q001331,2026-08-13 12:45:00,153.60,0.00,eur,2.40,151.20,Paid,Shopify order #2410,arthur.durand2080@example.com,#2410
ch_3Q001332,2026-08-13 17:25:00,76.70,0.00,eur,1.32,75.38,Paid,Shopify order #2411,sarah.simon91986@example.com,#2411
ch_3Q001333,2026-08-13 12:48:00,52.70,0.00,eur,0.99,51.71,Paid,Shopify order #2412,lea.bernard51723@example.com,#2412
ch_3Q001334,2026-08-13 12:19:00,393.60,0.00,eur,5.76,387.84,Paid,Shopify order #2413,theo.durand32184@example.com,#2413
ch_3Q001335,2026-08-13 12:32:00,312.12,0.00,eur,4.62,307.50,Paid,Shopify order #2414,gabriel.petit59900@example.com,#2414
ch_3Q001336,2026-08-13 09:54:00,178.80,0.00,eur,2.75,176.05,Paid,Shopify order #2415,camille.lefebvre45@example.com,#2415
ch_3Q001337,2026-08-13 10:56:00,88.70,0.00,eur,1.49,87.21,Paid,Shopify order #2416,lea.bernard51723@example.com,#2416
ch_3Q001338,2026-08-13 13:13:00,213.84,111.86,eur,3.24,210.60,Paid,Shopify order #2417,jade.dubois93254@example.com,#2417
ch_3Q001339,2026-08-13 09:55:00,129.60,0.00,eur,2.06,127.54,Paid,Shopify order #2418,paul.laurent65496@example.com,#2418
ch_3Q001340,2026-08-13 20:00:00,226.80,0.00,eur,3.43,223.37,Paid,Shopify order #2419,chloe.michel94117@example.com,#2419
ch_3Q001341,2026-08-13 13:40:00,178.80,0.00,eur,2.75,176.05,Paid,Shopify order #2420,gabriel.durand29217@example.com,#2420
ch_3Q001342,2026-08-13 08:45:00,365.04,0.00,eur,5.36,359.68,Paid,Shopify order #2421,lucas.robert82453@example.com,#2421
ch_3Q001343,2026-08-13 09:03:00,52.70,0.00,eur,0.99,51.71,Paid,Shopify order #2422,lea.bernard31356@example.com,#2422
ch_3Q001344,2026-08-13 13:22:00,100.70,0.00,eur,1.66,99.04,Paid,Shopify order #2423,ines.bernard22853@example.com,#2423
ch_3Q001345,2026-08-13 19:27:00,88.70,0.00,eur,1.49,87.21,Paid,Shopify order #2424,lucas.thomas91620@example.com,#2424
ch_3Q001346,2026-08-13 11:22:00,100.70,0.00,eur,1.66,99.04,Paid,Shopify order #2425,theo.leroy11@example.com,#2425
ch_3Q001347,2026-08-13 18:36:00,88.70,0.00,eur,1.49,87.21,Paid,Shopify order #2426,theo.dubois50992@example.com,#2426
ch_3Q001348,2026-08-13 12:21:00,100.70,0.00,eur,1.66,99.04,Paid,Shopify order #2427,ines.martin65795@example.com,#2427
ch_3Q001349,2026-08-13 19:57:00,64.70,0.00,eur,1.16,63.54,Paid,Shopify order #2428,manon.martin91@example.com,#2428
ch_3Q001350,2026-08-14 09:38:00,138.24,0.00,eur,2.19,136.05,Paid,Shopify order #2429,arthur.durand99185@example.com,#2429
ch_3Q001351,2026-08-14 16:01:00,91.22,0.00,eur,1.53,89.69,Paid,Shopify order #2430,theo.petit63453@example.com,#2430
ch_3Q001352,2026-08-14 14:35:00,346.80,0.00,eur,5.11,341.69,Paid,Shopify order #2431,theo.petit58@example.com,#2431
ch_3Q001353,2026-08-14 11:56:00,52.70,0.00,eur,0.99,51.71,Paid,Shopify order #2432,gabriel.petit59900@example.com,#2432
ch_3Q001354,2026-08-14 17:08:00,429.60,0.00,eur,6.26,423.34,Paid,Shopify order #2433,arthur.simon25207@example.com,#2433
ch_3Q001355,2026-08-14 10:04:00,204.12,0.00,eur,3.11,201.01,Paid,Shopify order #2434,chloe.thomas8959@example.com,#2434
ch_3Q001356,2026-08-14 20:28:00,88.70,0.00,eur,1.49,87.21,Paid,Shopify order #2435,manon.laurent40542@example.com,#2435
ch_3Q001357,2026-08-14 13:02:00,160.92,0.00,eur,2.50,158.42,Paid,Shopify order #2436,manon.laurent7@example.com,#2436
ch_3Q001358,2026-08-14 14:03:00,64.70,0.00,eur,1.16,63.54,Paid,Shopify order #2437,manon.michel95367@example.com,#2437
ch_3Q001359,2026-08-14 22:24:00,100.70,0.00,eur,1.66,99.04,Paid,Shopify order #2438,louis.bernard7380@example.com,#2438
ch_3Q001360,2026-08-14 10:48:00,226.80,0.00,eur,3.43,223.37,Paid,Shopify order #2439,arthur.durand92@example.com,#2439
ch_3Q001361,2026-08-14 12:03:00,48.02,0.00,eur,0.92,47.10,Paid,Shopify order #2440,gabriel.dubois61448@example.com,#2440
ch_3Q001362,2026-08-14 10:44:00,297.60,0.00,eur,4.42,293.18,Paid,Shopify order #2441,ines.durand61427@example.com,#2441
ch_3Q001363,2026-08-14 14:28:00,88.70,0.00,eur,1.49,87.21,Paid,Shopify order #2442,lea.bernard31356@example.com,#2442
ch_3Q001364,2026-08-14 12:05:00,64.70,0.00,eur,1.16,63.54,Paid,Shopify order #2443,paul.martin15884@example.com,#2443
ch_3Q001365,2026-08-14 11:57:00,178.80,0.00,eur,2.75,176.05,Paid,Shopify order #2444,nathan.michel48835@example.com,#2444
ch_3Q001366,2026-08-14 19:30:00,76.70,0.00,eur,1.32,75.38,Paid,Shopify order #2445,emma.laurent24@example.com,#2445
ch_3Q001367,2026-08-14 10:14:00,386.64,0.00,eur,5.66,380.98,Paid,Shopify order #2446,arthur.petit7294@example.com,#2446
ch_3Q001368,2026-08-14 21:18:00,346.80,0.00,eur,5.11,341.69,Paid,Shopify order #2447,chloe.lefebvre46929@example.com,#2447
ch_3Q001369,2026-08-14 12:17:00,64.70,0.00,eur,1.16,63.54,Paid,Shopify order #2448,chloe.thomas31373@example.com,#2448
ch_3Q001370,2026-08-15 20:22:00,88.70,0.00,eur,1.49,87.21,Paid,Shopify order #2449,nathan.dubois26195@example.com,#2449
ch_3Q001371,2026-08-15 09:18:00,441.60,0.00,eur,6.43,435.17,Paid,Shopify order #2450,hugo.michel91517@example.com,#2450
ch_3Q001372,2026-08-15 15:42:00,91.22,0.00,eur,1.53,89.69,Paid,Shopify order #2451,manon.dubois31@example.com,#2451
ch_3Q001373,2026-08-15 15:34:00,346.80,0.00,eur,5.11,341.69,Paid,Shopify order #2452,emma.laurent37468@example.com,#2452
ch_3Q001374,2026-08-15 17:37:00,100.70,0.00,eur,1.66,99.04,Paid,Shopify order #2453,lea.leroy20480@example.com,#2453
ch_3Q001375,2026-08-15 13:14:00,920.40,0.00,eur,13.14,907.26,Paid,Shopify order #2454,camille.simon23610@example.com,#2454
ch_3Q001376,2026-08-15 11:28:00,64.70,0.00,eur,1.16,63.54,Paid,Shopify order #2455,lucas.thomas32908@example.com,#2455
ch_3Q001377,2026-08-15 18:52:00,76.70,0.00,eur,1.32,75.38,Paid,Shopify order #2456,gabriel.moreau95640@example.com,#2456
ch_3Q001378,2026-08-15 16:30:00,64.70,0.00,eur,1.16,63.54,Paid,Shopify order #2457,paul.laurent62@example.com,#2457
ch_3Q001379,2026-08-15 22:32:00,117.60,0.00,eur,1.90,115.70,Paid,Shopify order #2458,emma.dubois94878@example.com,#2458
ch_3Q001380,2026-08-15 16:14:00,488.40,0.00,eur,7.09,481.31,Paid,Shopify order #2459,camille.petit61696@example.com,#2459
ch_3Q001381,2026-08-15 20:13:00,100.70,0.00,eur,1.66,99.04,Paid,Shopify order #2460,chloe.thomas13031@example.com,#2460
ch_3Q001382,2026-08-15 14:18:00,76.70,0.00,eur,1.32,75.38,Paid,Shopify order #2461,louis.lefebvre84887@example.com,#2461
ch_3Q001383,2026-08-15 16:19:00,188.40,0.00,eur,2.89,185.51,Paid,Shopify order #2462,chloe.simon9@example.com,#2462
ch_3Q001384,2026-08-15 10:31:00,64.70,0.00,eur,1.16,63.54,Paid,Shopify order #2463,nathan.robert45225@example.com,#2463
ch_3Q001385,2026-08-15 19:55:00,693.60,0.00,eur,9.96,683.64,Paid,Shopify order #2464,camille.durand1665@example.com,#2464
ch_3Q001386,2026-08-15 08:15:00,312.12,0.00,eur,4.62,307.50,Paid,Shopify order #2465,gabriel.lefebvre94183@example.com,#2465
ch_3Q001387,2026-08-15 15:22:00,100.70,0.00,eur,1.66,99.04,Paid,Shopify order #2466,ines.durand57081@example.com,#2466
ch_3Q001388,2026-08-15 11:03:00,405.60,183.0,eur,5.93,399.67,Paid,Shopify order #2467,manon.dubois45865@example.com,#2467
ch_3Q001389,2026-08-15 22:18:00,52.70,0.00,eur,0.99,51.71,Paid,Shopify order #2468,ines.moreau46@example.com,#2468
ch_3Q001390,2026-08-15 17:50:00,117.60,0.00,eur,1.90,115.70,Paid,Shopify order #2469,jade.petit92@example.com,#2469
ch_3Q001391,2026-08-15 11:22:00,64.70,0.00,eur,1.16,63.54,Paid,Shopify order #2470,ines.moreau14636@example.com,#2470
ch_3Q001392,2026-08-16 10:21:00,226.80,0.00,eur,3.43,223.37,Paid,Shopify order #2471,louis.moreau40170@example.com,#2471
ch_3Q001393,2026-08-16 18:14:00,58.82,0.00,eur,1.07,57.75,Paid,Shopify order #2472,hugo.robert33500@example.com,#2472
ch_3Q001394,2026-08-16 12:58:00,261.60,0.00,eur,3.91,257.69,Paid,Shopify order #2473,arthur.bernard55110@example.com,#2473
ch_3Q001395,2026-08-16 09:33:00,226.80,0.00,eur,3.43,223.37,Paid,Shopify order #2474,lea.durand17576@example.com,#2474
ch_3Q001396,2026-08-16 12:17:00,100.70,0.00,eur,1.66,99.04,Paid,Shopify order #2475,gabriel.lefebvre41@example.com,#2475
ch_3Q001397,2026-08-16 10:47:00,52.70,0.00,eur,0.99,51.71,Paid,Shopify order #2476,theo.petit24970@example.com,#2476
ch_3Q001398,2026-08-16 12:40:00,441.60,0.00,eur,6.43,435.17,Paid,Shopify order #2477,lea.petit50@example.com,#2477
ch_3Q001399,2026-08-16 10:41:00,153.60,0.00,eur,2.40,151.20,Paid,Shopify order #2478,paul.thomas50409@example.com,#2478
ch_3Q001400,2026-08-16 18:41:00,100.70,0.00,eur,1.66,99.04,Paid,Shopify order #2479,lucas.simon73@example.com,#2479
ch_3Q001401,2026-08-16 14:52:00,64.70,0.00,eur,1.16,63.54,Paid,Shopify order #2480,camille.simon81@example.com,#2480
ch_3Q001402,2026-08-16 15:31:00,76.70,0.00,eur,1.32,75.38,Paid,Shopify order #2481,lea.laurent30191@example.com,#2481
ch_3Q001403,2026-08-16 22:08:00,226.80,0.00,eur,3.43,223.37,Paid,Shopify order #2482,manon.petit97038@example.com,#2482
ch_3Q001404,2026-08-16 15:30:00,226.80,0.00,eur,3.43,223.37,Paid,Shopify order #2483,jade.michel62314@example.com,#2483
ch_3Q001405,2026-08-16 18:45:00,48.02,0.00,eur,0.92,47.10,Paid,Shopify order #2484,chloe.garcia13@example.com,#2484
ch_3Q001406,2026-08-16 16:41:00,100.70,0.00,eur,1.66,99.04,Paid,Shopify order #2485,theo.martin80260@example.com,#2485
ch_3Q001407,2026-08-16 18:39:00,178.80,0.00,eur,2.75,176.05,Paid,Shopify order #2486,gabriel.garcia86070@example.com,#2486
ch_3Q001408,2026-08-16 08:00:00,76.70,37.66,eur,1.32,75.38,Paid,Shopify order #2487,manon.laurent96751@example.com,#2487
ch_3Q001409,2026-08-16 16:20:00,69.62,0.00,eur,1.22,68.40,Paid,Shopify order #2488,gabriel.simon80132@example.com,#2488
ch_3Q001410,2026-08-16 15:22:00,226.80,0.00,eur,3.43,223.37,Paid,Shopify order #2489,manon.leroy67882@example.com,#2489
ch_3Q001411,2026-08-16 15:35:00,52.70,0.00,eur,0.99,51.71,Paid,Shopify order #2490,paul.bernard90@example.com,#2490
ch_3Q001412,2026-08-16 08:47:00,249.60,0.00,eur,3.74,245.86,Paid,Shopify order #2491,arthur.garcia84306@example.com,#2491
ch_3Q001413,2026-08-16 13:05:00,129.60,0.00,eur,2.06,127.54,Paid,Shopify order #2492,paul.durand46386@example.com,#2492
ch_3Q001414,2026-08-17 11:25:00,261.60,0.00,eur,3.91,257.69,Paid,Shopify order #2493,gabriel.leroy35279@example.com,#2493
ch_3Q001415,2026-08-17 21:33:00,153.60,0.00,eur,2.40,151.20,Paid,Shopify order #2494,gabriel.leroy26507@example.com,#2494
ch_3Q001416,2026-08-17 22:00:00,88.70,0.00,eur,1.49,87.21,Paid,Shopify order #2495,emma.robert76068@example.com,#2495
ch_3Q001417,2026-08-17 09:02:00,76.70,0.00,eur,1.32,75.38,Paid,Shopify order #2496,hugo.thomas29762@example.com,#2496
ch_3Q001418,2026-08-17 17:31:00,204.12,0.00,eur,3.11,201.01,Paid,Shopify order #2497,chloe.laurent30020@example.com,#2497
ch_3Q001419,2026-08-17 12:06:00,178.80,0.00,eur,2.75,176.05,Paid,Shopify order #2498,lucas.simon73@example.com,#2498
ch_3Q001420,2026-08-17 13:16:00,405.60,0.00,eur,5.93,399.67,Paid,Shopify order #2499,theo.simon60988@example.com,#2499
ch_3Q001421,2026-08-17 18:36:00,189.60,0.00,eur,2.90,186.70,Paid,Shopify order #2500,chloe.laurent32329@example.com,#2500
ch_3Q001422,2026-08-17 20:52:00,309.60,0.00,eur,4.58,305.02,Paid,Shopify order #2501,lucas.durand78249@example.com,#2501
ch_3Q001423,2026-08-17 19:39:00,80.42,0.00,eur,1.38,79.04,Paid,Shopify order #2502,lucas.lefebvre89683@example.com,#2502
ch_3Q001424,2026-08-17 08:19:00,64.70,0.00,eur,1.16,63.54,Paid,Shopify order #2503,hugo.simon6398@example.com,#2503
ch_3Q001425,2026-08-17 18:59:00,226.80,0.00,eur,3.43,223.37,Paid,Shopify order #2504,theo.simon65@example.com,#2504
ch_3Q001426,2026-08-17 09:12:00,375.84,0.00,eur,5.51,370.33,Paid,Shopify order #2505,gabriel.simon37011@example.com,#2505
ch_3Q001427,2026-08-17 19:32:00,178.80,0.00,eur,2.75,176.05,Paid,Shopify order #2506,lea.michel23524@example.com,#2506
ch_3Q001428,2026-08-17 10:53:00,52.70,0.00,eur,0.99,51.71,Paid,Shopify order #2507,emma.bernard14952@example.com,#2507
ch_3Q001429,2026-08-17 15:42:00,226.80,0.00,eur,3.43,223.37,Paid,Shopify order #2508,jade.bernard24058@example.com,#2508
ch_3Q001430,2026-08-17 16:08:00,100.70,0.00,eur,1.66,99.04,Paid,Shopify order #2509,nathan.robert18443@example.com,#2509
ch_3Q001431,2026-08-17 21:50:00,52.70,0.00,eur,0.99,51.71,Paid,Shopify order #2510,chloe.durand17789@example.com,#2510
ch_3Q001432,2026-08-17 20:13:00,52.70,0.00,eur,0.99,51.71,Paid,Shopify order #2511,lea.michel23557@example.com,#2511
ch_3Q001433,2026-08-17 08:36:00,573.60,0.00,eur,8.28,565.32,Paid,Shopify order #2512,manon.moreau76717@example.com,#2512
ch_3Q001434,2026-08-17 09:59:00,309.60,0.00,eur,4.58,305.02,Paid,Shopify order #2513,louis.martin47@example.com,#2513
ch_3Q001435,2026-08-17 18:25:00,48.02,0.00,eur,0.92,47.10,Paid,Shopify order #2514,emma.garcia41032@example.com,#2514
ch_3Q001436,2026-08-17 09:17:00,91.22,0.00,eur,1.53,89.69,Paid,Shopify order #2515,lea.garcia1096@example.com,#2515
ch_3Q001437,2026-08-17 12:36:00,177.60,0.00,eur,2.74,174.86,Paid,Shopify order #2516,nathan.michel6093@example.com,#2516
ch_3Q001438,2026-08-17 22:28:00,178.80,0.00,eur,2.75,176.05,Paid,Shopify order #2517,louis.dubois4060@example.com,#2517
ch_3Q001439,2026-08-17 11:51:00,52.70,0.00,eur,0.99,51.71,Paid,Shopify order #2518,ines.simon97660@example.com,#2518
ch_3Q001440,2026-08-17 10:01:00,346.80,0.00,eur,5.11,341.69,Paid,Shopify order #2519,paul.durand31@example.com,#2519
ch_3Q001441,2026-08-17 14:57:00,105.84,0.00,eur,1.73,104.11,Paid,Shopify order #2520,lucas.martin98378@example.com,#2520
ch_3Q001442,2026-08-17 22:06:00,357.60,0.00,eur,5.26,352.34,Paid,Shopify order #2521,lucas.robert51141@example.com,#2521
ch_3Q001443,2026-08-17 22:03:00,76.70,0.00,eur,1.32,75.38,Paid,Shopify order #2522,lea.durand34863@example.com,#2522
ch_3Q001444,2026-08-17 18:40:00,178.80,0.00,eur,2.75,176.05,Paid,Shopify order #2523,emma.leroy68852@example.com,#2523
ch_3Q001445,2026-08-17 12:04:00,525.60,0.00,eur,7.61,517.99,Paid,Shopify order #2524,theo.simon82842@example.com,#2524
ch_3Q001446,2026-08-17 11:10:00,88.70,0.00,eur,1.49,87.21,Paid,Shopify order #2525,arthur.petit13782@example.com,#2525
ch_3Q001447,2026-08-18 20:57:00,149.04,0.00,eur,2.34,146.70,Paid,Shopify order #2526,louis.moreau14529@example.com,#2526
ch_3Q001448,2026-08-18 12:55:00,141.60,0.00,eur,2.23,139.37,Paid,Shopify order #2527,lea.leroy88@example.com,#2527
ch_3Q001449,2026-08-18 21:49:00,178.80,0.00,eur,2.75,176.05,Paid,Shopify order #2528,nathan.martin92002@example.com,#2528
ch_3Q001450,2026-08-18 20:38:00,58.82,0.00,eur,1.07,57.75,Paid,Shopify order #2529,chloe.leroy34626@example.com,#2529
ch_3Q001451,2026-08-18 19:08:00,48.02,0.00,eur,0.92,47.10,Paid,Shopify order #2530,gabriel.moreau700@example.com,#2530
ch_3Q001452,2026-08-18 09:10:00,178.80,0.00,eur,2.75,176.05,Paid,Shopify order #2531,emma.garcia7671@example.com,#2531
ch_3Q001453,2026-08-18 22:54:00,76.70,0.00,eur,1.32,75.38,Paid,Shopify order #2532,louis.thomas49869@example.com,#2532
ch_3Q001454,2026-08-18 19:50:00,80.42,0.00,eur,1.38,79.04,Paid,Shopify order #2533,theo.bernard2590@example.com,#2533
ch_3Q001455,2026-08-18 12:11:00,178.80,0.00,eur,2.75,176.05,Paid,Shopify order #2534,emma.bernard75403@example.com,#2534
ch_3Q001456,2026-08-18 17:44:00,273.60,0.00,eur,4.08,269.52,Paid,Shopify order #2535,hugo.leroy39865@example.com,#2535
ch_3Q001457,2026-08-18 15:03:00,88.70,0.00,eur,1.49,87.21,Paid,Shopify order #2536,ines.robert70478@example.com,#2536
ch_3Q001458,2026-08-18 18:57:00,76.70,0.00,eur,1.32,75.38,Paid,Shopify order #2537,theo.michel61@example.com,#2537
ch_3Q001459,2026-08-18 13:51:00,52.70,0.00,eur,0.99,51.71,Paid,Shopify order #2538,lucas.thomas74696@example.com,#2538
ch_3Q001460,2026-08-18 12:15:00,88.70,0.00,eur,1.49,87.21,Paid,Shopify order #2539,sarah.petit27875@example.com,#2539
ch_3Q001461,2026-08-18 17:08:00,76.70,0.00,eur,1.32,75.38,Paid,Shopify order #2540,hugo.simon32340@example.com,#2540
ch_3Q001462,2026-08-18 14:14:00,693.60,0.00,eur,9.96,683.64,Paid,Shopify order #2541,manon.durand39@example.com,#2541
ch_3Q001463,2026-08-18 16:33:00,76.70,0.00,eur,1.32,75.38,Paid,Shopify order #2542,chloe.laurent98@example.com,#2542
ch_3Q001464,2026-08-18 09:21:00,226.80,0.00,eur,3.43,223.37,Paid,Shopify order #2543,louis.bernard67516@example.com,#2543
ch_3Q001465,2026-08-18 16:55:00,204.12,0.00,eur,3.11,201.01,Paid,Shopify order #2544,louis.garcia31@example.com,#2544
ch_3Q001466,2026-08-18 21:29:00,178.80,0.00,eur,2.75,176.05,Paid,Shopify order #2545,camille.simon37201@example.com,#2545
ch_3Q001467,2026-08-18 17:00:00,226.80,0.00,eur,3.43,223.37,Paid,Shopify order #2546,chloe.thomas5653@example.com,#2546
ch_3Q001468,2026-08-18 19:27:00,285.60,0.00,eur,4.25,281.35,Paid,Shopify order #2547,hugo.michel91517@example.com,#2547
ch_3Q001469,2026-08-18 20:05:00,64.70,0.00,eur,1.16,63.54,Paid,Shopify order #2548,sarah.lefebvre97477@example.com,#2548
ch_3Q001470,2026-08-18 12:19:00,64.70,0.00,eur,1.16,63.54,Paid,Shopify order #2549,lucas.michel99382@example.com,#2549
ch_3Q001471,2026-08-18 16:41:00,88.70,0.00,eur,1.49,87.21,Paid,Shopify order #2550,hugo.lefebvre65056@example.com,#2550
ch_3Q001472,2026-08-18 16:12:00,800.40,0.00,eur,11.46,788.94,Paid,Shopify order #2551,camille.garcia97789@example.com,#2551
ch_3Q001473,2026-08-18 20:31:00,100.70,0.00,eur,1.66,99.04,Paid,Shopify order #2552,manon.petit12927@example.com,#2552
ch_3Q001474,2026-08-18 09:13:00,64.70,0.00,eur,1.16,63.54,Paid,Shopify order #2553,camille.petit38904@example.com,#2553
ch_3Q001475,2026-08-18 14:18:00,141.60,0.00,eur,2.23,139.37,Paid,Shopify order #2554,camille.garcia96169@example.com,#2554
ch_3Q001476,2026-08-18 20:46:00,76.70,0.00,eur,1.32,75.38,Paid,Shopify order #2555,lea.lefebvre24703@example.com,#2555
ch_3Q001477,2026-08-18 08:54:00,346.80,251.04,eur,5.11,341.69,Paid,Shopify order #2556,arthur.garcia59072@example.com,#2556
ch_3Q001478,2026-08-18 11:23:00,346.80,0.00,eur,5.11,341.69,Paid,Shopify order #2557,camille.garcia14@example.com,#2557
ch_3Q001479,2026-08-18 15:32:00,165.60,0.00,eur,2.57,163.03,Paid,Shopify order #2558,lucas.durand50@example.com,#2558
ch_3Q001480,2026-08-18 14:26:00,64.70,0.00,eur,1.16,63.54,Paid,Shopify order #2559,lea.dubois34444@example.com,#2559
ch_3Q001481,2026-08-19 08:14:00,88.70,0.00,eur,1.49,87.21,Paid,Shopify order #2560,hugo.michel96327@example.com,#2560
ch_3Q001482,2026-08-19 09:46:00,129.60,0.00,eur,2.06,127.54,Paid,Shopify order #2561,lea.garcia88919@example.com,#2561
ch_3Q001483,2026-08-19 13:59:00,573.60,0.00,eur,8.28,565.32,Paid,Shopify order #2562,lucas.petit75865@example.com,#2562
ch_3Q001484,2026-08-19 20:35:00,920.40,0.00,eur,13.14,907.26,Paid,Shopify order #2563,gabriel.laurent73882@example.com,#2563
ch_3Q001485,2026-08-19 13:09:00,64.70,0.00,eur,1.16,63.54,Paid,Shopify order #2564,sarah.petit11@example.com,#2564
ch_3Q001486,2026-08-19 22:53:00,346.80,0.00,eur,5.11,341.69,Paid,Shopify order #2565,chloe.bernard55455@example.com,#2565
ch_3Q001487,2026-08-19 16:33:00,189.60,0.00,eur,2.90,186.70,Paid,Shopify order #2566,manon.thomas29661@example.com,#2566
ch_3Q001488,2026-08-19 09:49:00,321.60,0.00,eur,4.75,316.85,Paid,Shopify order #2567,ines.dubois79@example.com,#2567
ch_3Q001489,2026-08-19 21:33:00,309.60,0.00,eur,4.58,305.02,Paid,Shopify order #2568,manon.garcia15@example.com,#2568
ch_3Q001490,2026-08-19 14:31:00,69.62,0.00,eur,1.22,68.40,Paid,Shopify order #2569,theo.durand32184@example.com,#2569
ch_3Q001491,2026-08-19 09:46:00,100.70,0.00,eur,1.66,99.04,Paid,Shopify order #2570,theo.leroy41396@example.com,#2570
ch_3Q001492,2026-08-19 08:35:00,76.70,0.00,eur,1.32,75.38,Paid,Shopify order #2571,paul.laurent51261@example.com,#2571
ch_3Q001493,2026-08-19 16:11:00,64.70,0.00,eur,1.16,63.54,Paid,Shopify order #2572,lea.durand90840@example.com,#2572
ch_3Q001494,2026-08-19 15:02:00,100.70,0.00,eur,1.66,99.04,Paid,Shopify order #2573,chloe.michel13057@example.com,#2573
ch_3Q001495,2026-08-19 19:36:00,257.04,0.00,eur,3.85,253.19,Paid,Shopify order #2574,gabriel.garcia89736@example.com,#2574
ch_3Q001496,2026-08-19 16:58:00,80.42,0.00,eur,1.38,79.04,Paid,Shopify order #2575,camille.martin71920@example.com,#2575
ch_3Q001497,2026-08-19 14:37:00,312.12,0.00,eur,4.62,307.50,Paid,Shopify order #2576,emma.bernard3337@example.com,#2576
ch_3Q001498,2026-08-19 11:10:00,64.70,0.00,eur,1.16,63.54,Paid,Shopify order #2577,louis.dubois4060@example.com,#2577
ch_3Q001499,2026-08-19 17:07:00,141.60,0.00,eur,2.23,139.37,Paid,Shopify order #2578,lucas.durand50@example.com,#2578
ch_3Q001500,2026-08-19 16:38:00,226.80,0.00,eur,3.43,223.37,Paid,Shopify order #2579,jade.laurent16232@example.com,#2579
ch_3Q001501,2026-08-19 12:57:00,624.24,0.00,eur,8.99,615.25,Paid,Shopify order #2580,lucas.moreau72243@example.com,#2580
ch_3Q001502,2026-08-19 16:53:00,204.12,0.00,eur,3.11,201.01,Paid,Shopify order #2581,manon.petit9@example.com,#2581
ch_3Q001503,2026-08-19 14:05:00,76.70,0.00,eur,1.32,75.38,Paid,Shopify order #2582,camille.durand43293@example.com,#2582
ch_3Q001504,2026-08-19 13:27:00,405.60,0.00,eur,5.93,399.67,Paid,Shopify order #2583,manon.robert81732@example.com,#2583
ch_3Q001505,2026-08-19 17:05:00,203.04,0.00,eur,3.09,199.95,Paid,Shopify order #2584,camille.dubois75521@example.com,#2584
ch_3Q001506,2026-08-19 09:29:00,100.70,0.00,eur,1.66,99.04,Paid,Shopify order #2585,lucas.dubois49045@example.com,#2585
ch_3Q001507,2026-08-19 08:22:00,584.40,0.00,eur,8.43,575.97,Paid,Shopify order #2586,emma.robert2967@example.com,#2586
ch_3Q001508,2026-08-19 21:22:00,225.60,0.00,eur,3.41,222.19,Paid,Shopify order #2587,paul.moreau59358@example.com,#2587
ch_3Q001509,2026-08-19 21:31:00,225.60,0.00,eur,3.41,222.19,Paid,Shopify order #2588,lea.thomas78478@example.com,#2588
ch_3Q001510,2026-08-19 21:00:00,346.80,0.00,eur,5.11,341.69,Paid,Shopify order #2589,lucas.laurent15168@example.com,#2589
ch_3Q001511,2026-08-19 14:29:00,91.22,0.00,eur,1.53,89.69,Paid,Shopify order #2590,paul.robert31970@example.com,#2590
ch_3Q001512,2026-08-19 21:23:00,149.04,0.00,eur,2.34,146.70,Paid,Shopify order #2591,lea.lefebvre85230@example.com,#2591
ch_3Q001513,2026-08-19 14:39:00,52.70,0.00,eur,0.99,51.71,Paid,Shopify order #2592,theo.durand32184@example.com,#2592
ch_3Q001514,2026-08-20 17:58:00,429.60,0.00,eur,6.26,423.34,Paid,Shopify order #2593,lea.bernard99755@example.com,#2593
ch_3Q001515,2026-08-20 08:29:00,164.40,0.00,eur,2.55,161.85,Paid,Shopify order #2594,emma.laurent31543@example.com,#2594
ch_3Q001516,2026-08-20 16:30:00,64.70,0.00,eur,1.16,63.54,Paid,Shopify order #2595,sarah.leroy11045@example.com,#2595
ch_3Q001517,2026-08-20 09:25:00,88.70,0.00,eur,1.49,87.21,Paid,Shopify order #2596,hugo.robert77733@example.com,#2596
ch_3Q001518,2026-08-20 22:02:00,226.80,0.00,eur,3.43,223.37,Paid,Shopify order #2597,lea.moreau42@example.com,#2597
ch_3Q001519,2026-08-20 10:45:00,91.22,0.00,eur,1.53,89.69,Paid,Shopify order #2598,paul.simon89115@example.com,#2598
ch_3Q001520,2026-08-20 20:25:00,100.70,0.00,eur,1.66,99.04,Paid,Shopify order #2599,lea.durand77071@example.com,#2599
ch_3Q001521,2026-08-20 18:39:00,69.62,0.00,eur,1.22,68.40,Paid,Shopify order #2600,ines.dubois49621@example.com,#2600
ch_3Q001522,2026-08-20 22:53:00,178.80,0.00,eur,2.75,176.05,Paid,Shopify order #2601,lucas.thomas74696@example.com,#2601
ch_3Q001523,2026-08-20 19:27:00,226.80,0.00,eur,3.43,223.37,Paid,Shopify order #2602,gabriel.thomas93813@example.com,#2602
ch_3Q001524,2026-08-20 20:09:00,776.40,0.00,eur,11.12,765.28,Paid,Shopify order #2603,theo.lefebvre21883@example.com,#2603
ch_3Q001525,2026-08-20 13:05:00,64.70,0.00,eur,1.16,63.54,Paid,Shopify order #2604,emma.martin24945@example.com,#2604
ch_3Q001526,2026-08-20 18:34:00,76.70,0.00,eur,1.32,75.38,Paid,Shopify order #2605,sarah.bernard93783@example.com,#2605
ch_3Q001527,2026-08-20 18:26:00,153.60,0.00,eur,2.40,151.20,Paid,Shopify order #2606,emma.simon75398@example.com,#2606
ch_3Q001528,2026-08-20 11:50:00,178.80,0.00,eur,2.75,176.05,Paid,Shopify order #2607,louis.simon65@example.com,#2607
ch_3Q001529,2026-08-20 09:31:00,58.82,0.00,eur,1.07,57.75,Paid,Shopify order #2608,camille.garcia7433@example.com,#2608
ch_3Q001530,2026-08-20 16:42:00,260.40,0.00,eur,3.90,256.50,Paid,Shopify order #2609,gabriel.garcia86070@example.com,#2609
ch_3Q001531,2026-08-20 17:31:00,365.04,0.00,eur,5.36,359.68,Paid,Shopify order #2610,sarah.petit9@example.com,#2610
ch_3Q001532,2026-08-20 16:45:00,226.80,0.00,eur,3.43,223.37,Paid,Shopify order #2611,jade.thomas13790@example.com,#2611
ch_3Q001533,2026-08-20 09:04:00,100.70,0.00,eur,1.66,99.04,Paid,Shopify order #2612,emma.dubois65448@example.com,#2612
ch_3Q001534,2026-08-20 11:33:00,76.70,0.00,eur,1.32,75.38,Paid,Shopify order #2613,gabriel.robert87768@example.com,#2613
ch_3Q001535,2026-08-20 22:43:00,204.12,0.00,eur,3.11,201.01,Paid,Shopify order #2614,emma.leroy38313@example.com,#2614
ch_3Q001536,2026-08-20 08:48:00,273.60,0.00,eur,4.08,269.52,Paid,Shopify order #2615,jade.bernard36181@example.com,#2615
ch_3Q001537,2026-08-20 12:00:00,346.80,0.00,eur,5.11,341.69,Paid,Shopify order #2616,louis.simon11@example.com,#2616
ch_3Q001538,2026-08-20 20:23:00,346.80,0.00,eur,5.11,341.69,Paid,Shopify order #2617,camille.bernard93749@example.com,#2617
ch_3Q001539,2026-08-20 18:42:00,346.80,0.00,eur,5.11,341.69,Paid,Shopify order #2618,manon.dubois53@example.com,#2618
ch_3Q001540,2026-08-20 16:28:00,100.70,0.00,eur,1.66,99.04,Paid,Shopify order #2619,hugo.laurent42@example.com,#2619
ch_3Q001541,2026-08-20 16:12:00,69.62,34.92,eur,1.22,68.40,Paid,Shopify order #2620,jade.lefebvre82708@example.com,#2620
ch_3Q001542,2026-08-20 22:49:00,52.70,0.00,eur,0.99,51.71,Paid,Shopify order #2621,louis.leroy94723@example.com,#2621
ch_3Q001543,2026-08-20 11:30:00,52.70,0.00,eur,0.99,51.71,Paid,Shopify order #2622,lucas.dubois29@example.com,#2622
ch_3Q001544,2026-08-20 16:18:00,52.70,0.00,eur,0.99,51.71,Paid,Shopify order #2623,theo.garcia11554@example.com,#2623
ch_3Q001545,2026-08-20 21:11:00,159.84,0.00,eur,2.49,157.35,Paid,Shopify order #2624,manon.laurent15509@example.com,#2624
ch_3Q001546,2026-08-20 16:23:00,64.70,0.00,eur,1.16,63.54,Paid,Shopify order #2625,manon.durand39@example.com,#2625
ch_3Q001547,2026-08-21 12:25:00,237.60,0.00,eur,3.58,234.02,Paid,Shopify order #2626,lea.garcia1096@example.com,#2626
ch_3Q001548,2026-08-21 15:41:00,178.80,0.00,eur,2.75,176.05,Paid,Shopify order #2627,gabriel.martin99639@example.com,#2627
ch_3Q001549,2026-08-21 15:15:00,473.04,0.00,eur,6.87,466.17,Paid,Shopify order #2628,arthur.durand99185@example.com,#2628
ch_3Q001550,2026-08-21 18:51:00,76.70,0.00,eur,1.32,75.38,Paid,Shopify order #2629,hugo.robert60@example.com,#2629
ch_3Q001551,2026-08-21 14:51:00,189.60,0.00,eur,2.90,186.70,Paid,Shopify order #2630,lucas.moreau59079@example.com,#2630
ch_3Q001552,2026-08-21 08:39:00,273.60,0.00,eur,4.08,269.52,Paid,Shopify order #2631,lucas.durand8776@example.com,#2631
ch_3Q001553,2026-08-21 16:10:00,346.80,0.00,eur,5.11,341.69,Paid,Shopify order #2632,emma.garcia82039@example.com,#2632
ch_3Q001554,2026-08-21 17:38:00,204.12,0.00,eur,3.11,201.01,Paid,Shopify order #2633,emma.leroy21507@example.com,#2633
ch_3Q001555,2026-08-21 19:02:00,260.40,0.00,eur,3.90,256.50,Paid,Shopify order #2634,ines.durand93121@example.com,#2634
ch_3Q001556,2026-08-21 16:05:00,429.60,0.00,eur,6.26,423.34,Paid,Shopify order #2635,manon.leroy6@example.com,#2635
ch_3Q001557,2026-08-21 08:26:00,408.24,0.00,eur,5.97,402.27,Paid,Shopify order #2636,hugo.michel93128@example.com,#2636
ch_3Q001558,2026-08-21 15:39:00,76.70,0.00,eur,1.32,75.38,Paid,Shopify order #2637,jade.thomas5796@example.com,#2637
ch_3Q001559,2026-08-21 22:10:00,226.80,0.00,eur,3.43,223.37,Paid,Shopify order #2638,louis.thomas95851@example.com,#2638
ch_3Q001560,2026-08-21 15:31:00,165.60,0.00,eur,2.57,163.03,Paid,Shopify order #2639,jade.michel48264@example.com,#2639
ch_3Q001561,2026-08-21 10:36:00,393.60,0.00,eur,5.76,387.84,Paid,Shopify order #2640,sarah.simon91986@example.com,#2640
ch_3Q001562,2026-08-21 14:21:00,257.04,0.00,eur,3.85,253.19,Paid,Shopify order #2641,lucas.thomas91620@example.com,#2641
ch_3Q001563,2026-08-21 11:05:00,48.02,0.00,eur,0.92,47.10,Paid,Shopify order #2642,sarah.bernard47279@example.com,#2642
ch_3Q001564,2026-08-21 10:01:00,129.60,0.00,eur,2.06,127.54,Paid,Shopify order #2643,gabriel.petit88597@example.com,#2643
ch_3Q001565,2026-08-21 21:26:00,52.70,0.00,eur,0.99,51.71,Paid,Shopify order #2644,ines.durand98778@example.com,#2644
ch_3Q001566,2026-08-21 11:01:00,204.12,0.00,eur,3.11,201.01,Paid,Shopify order #2645,chloe.durand80@example.com,#2645
ch_3Q001567,2026-08-21 11:18:00,624.24,0.00,eur,8.99,615.25,Paid,Shopify order #2646,sarah.laurent45@example.com,#2646
ch_3Q001568,2026-08-21 20:17:00,88.70,0.00,eur,1.49,87.21,Paid,Shopify order #2647,emma.dubois74@example.com,#2647
ch_3Q001569,2026-08-22 13:14:00,69.62,0.00,eur,1.22,68.40,Paid,Shopify order #2648,louis.bernard50968@example.com,#2648
ch_3Q001570,2026-08-22 09:56:00,178.80,0.00,eur,2.75,176.05,Paid,Shopify order #2649,manon.durand40499@example.com,#2649
ch_3Q001571,2026-08-22 08:51:00,117.60,0.00,eur,1.90,115.70,Paid,Shopify order #2650,lea.thomas3245@example.com,#2650
ch_3Q001572,2026-08-22 08:55:00,69.62,0.00,eur,1.22,68.40,Paid,Shopify order #2651,ines.thomas54819@example.com,#2651
ch_3Q001573,2026-08-22 22:54:00,76.70,0.00,eur,1.32,75.38,Paid,Shopify order #2652,louis.leroy76017@example.com,#2652
ch_3Q001574,2026-08-22 16:16:00,52.70,0.00,eur,0.99,51.71,Paid,Shopify order #2653,louis.thomas30343@example.com,#2653
ch_3Q001575,2026-08-22 10:07:00,64.70,0.00,eur,1.16,63.54,Paid,Shopify order #2654,emma.leroy68852@example.com,#2654
ch_3Q001576,2026-08-22 17:21:00,249.60,0.00,eur,3.74,245.86,Paid,Shopify order #2655,theo.laurent2433@example.com,#2655
ch_3Q001577,2026-08-22 17:25:00,201.96,160.41,eur,3.08,198.88,Paid,Shopify order #2656,louis.lefebvre1785@example.com,#2656
ch_3Q001578,2026-08-22 19:12:00,100.70,0.00,eur,1.66,99.04,Paid,Shopify order #2657,jade.thomas5796@example.com,#2657
ch_3Q001579,2026-08-22 13:40:00,397.44,0.00,eur,5.81,391.63,Paid,Shopify order #2658,jade.simon70557@example.com,#2658
ch_3Q001580,2026-08-22 12:29:00,312.12,0.00,eur,4.62,307.50,Paid,Shopify order #2659,louis.simon9703@example.com,#2659
ch_3Q001581,2026-08-22 09:57:00,88.70,0.00,eur,1.49,87.21,Paid,Shopify order #2660,lucas.michel9195@example.com,#2660
ch_3Q001582,2026-08-22 17:40:00,76.70,0.00,eur,1.32,75.38,Paid,Shopify order #2661,theo.moreau31514@example.com,#2661
ch_3Q001583,2026-08-22 08:37:00,273.60,0.00,eur,4.08,269.52,Paid,Shopify order #2662,lucas.lefebvre89683@example.com,#2662
ch_3Q001584,2026-08-22 12:20:00,296.40,0.00,eur,4.40,292.00,Paid,Shopify order #2663,hugo.garcia81048@example.com,#2663
ch_3Q001585,2026-08-22 11:07:00,58.82,0.00,eur,1.07,57.75,Paid,Shopify order #2664,lea.durand40768@example.com,#2664
ch_3Q001586,2026-08-22 12:53:00,178.80,0.00,eur,2.75,176.05,Paid,Shopify order #2665,louis.dubois15608@example.com,#2665
ch_3Q001587,2026-08-22 20:10:00,153.60,0.00,eur,2.40,151.20,Paid,Shopify order #2666,manon.moreau47551@example.com,#2666
ch_3Q001588,2026-08-22 22:31:00,64.70,0.00,eur,1.16,63.54,Paid,Shopify order #2667,gabriel.robert70462@example.com,#2667
ch_3Q001589,2026-08-22 09:07:00,127.44,0.00,eur,2.03,125.41,Paid,Shopify order #2668,manon.dubois31@example.com,#2668
ch_3Q001590,2026-08-22 21:07:00,64.70,0.00,eur,1.16,63.54,Paid,Shopify order #2669,theo.bernard33012@example.com,#2669
ch_3Q001591,2026-08-22 16:14:00,91.22,0.00,eur,1.53,89.69,Paid,Shopify order #2670,manon.petit78@example.com,#2670
ch_3Q001592,2026-08-23 10:34:00,346.80,0.00,eur,5.11,341.69,Paid,Shopify order #2671,gabriel.martin95@example.com,#2671
ch_3Q001593,2026-08-23 08:44:00,141.60,0.00,eur,2.23,139.37,Paid,Shopify order #2672,hugo.moreau45@example.com,#2672
ch_3Q001594,2026-08-23 18:06:00,88.70,0.00,eur,1.49,87.21,Paid,Shopify order #2673,nathan.dubois83936@example.com,#2673
ch_3Q001595,2026-08-23 20:55:00,91.22,0.00,eur,1.53,89.69,Paid,Shopify order #2674,theo.bernard59@example.com,#2674
ch_3Q001596,2026-08-23 21:54:00,76.70,0.00,eur,1.32,75.38,Paid,Shopify order #2675,nathan.moreau14165@example.com,#2675
ch_3Q001597,2026-08-23 17:51:00,76.70,0.00,eur,1.32,75.38,Paid,Shopify order #2676,camille.michel32425@example.com,#2676
ch_3Q001598,2026-08-23 16:23:00,226.80,133.76,eur,3.43,223.37,Paid,Shopify order #2677,emma.dubois65448@example.com,#2677
ch_3Q001599,2026-08-23 12:16:00,312.12,0.00,eur,4.62,307.50,Paid,Shopify order #2678,louis.simon65@example.com,#2678
ch_3Q001600,2026-08-23 11:16:00,178.80,0.00,eur,2.75,176.05,Paid,Shopify order #2679,emma.robert63858@example.com,#2679
ch_3Q001601,2026-08-23 16:29:00,177.60,0.00,eur,2.74,174.86,Paid,Shopify order #2680,hugo.thomas14006@example.com,#2680
ch_3Q001602,2026-08-23 12:10:00,129.60,0.00,eur,2.06,127.54,Paid,Shopify order #2681,lucas.thomas12692@example.com,#2681
ch_3Q001603,2026-08-23 21:55:00,91.22,0.00,eur,1.53,89.69,Paid,Shopify order #2682,manon.leroy71504@example.com,#2682
ch_3Q001604,2026-08-23 11:37:00,52.70,0.00,eur,0.99,51.71,Paid,Shopify order #2683,lucas.laurent42186@example.com,#2683
ch_3Q001605,2026-08-23 11:46:00,226.80,0.00,eur,3.43,223.37,Paid,Shopify order #2684,arthur.thomas69846@example.com,#2684
ch_3Q001606,2026-08-23 09:28:00,178.80,0.00,eur,2.75,176.05,Paid,Shopify order #2685,hugo.martin99557@example.com,#2685
ch_3Q001607,2026-08-23 13:02:00,88.70,0.00,eur,1.49,87.21,Paid,Shopify order #2686,emma.michel47032@example.com,#2686
ch_3Q001608,2026-08-23 22:12:00,64.70,0.00,eur,1.16,63.54,Paid,Shopify order #2687,theo.thomas61754@example.com,#2687
ch_3Q001609,2026-08-23 16:29:00,117.60,0.00,eur,1.90,115.70,Paid,Shopify order #2688,nathan.michel6059@example.com,#2688
ch_3Q001610,2026-08-23 16:02:00,165.60,0.00,eur,2.57,163.03,Paid,Shopify order #2689,nathan.dubois60@example.com,#2689
ch_3Q001611,2026-08-23 09:09:00,226.80,0.00,eur,3.43,223.37,Paid,Shopify order #2690,emma.lefebvre72786@example.com,#2690
ch_3Q001612,2026-08-23 19:56:00,225.60,0.00,eur,3.41,222.19,Paid,Shopify order #2691,lea.leroy34081@example.com,#2691
ch_3Q001613,2026-08-23 20:24:00,393.60,0.00,eur,5.76,387.84,Paid,Shopify order #2692,louis.leroy728@example.com,#2692
ch_3Q001614,2026-08-23 13:14:00,346.80,0.00,eur,5.11,341.69,Paid,Shopify order #2693,camille.durand45663@example.com,#2693
ch_3Q001615,2026-08-24 12:52:00,159.84,0.00,eur,2.49,157.35,Paid,Shopify order #2694,gabriel.michel44277@example.com,#2694
ch_3Q001616,2026-08-24 19:54:00,224.64,0.00,eur,3.39,221.25,Paid,Shopify order #2695,arthur.dubois71684@example.com,#2695
ch_3Q001617,2026-08-24 11:33:00,226.80,0.00,eur,3.43,223.37,Paid,Shopify order #2696,manon.martin91@example.com,#2696
ch_3Q001618,2026-08-24 09:21:00,76.70,0.00,eur,1.32,75.38,Paid,Shopify order #2697,chloe.robert67820@example.com,#2697
ch_3Q001619,2026-08-24 16:50:00,127.44,0.00,eur,2.03,125.41,Paid,Shopify order #2698,gabriel.moreau3599@example.com,#2698
ch_3Q001620,2026-08-24 09:31:00,346.80,0.00,eur,5.11,341.69,Paid,Shopify order #2699,nathan.laurent38437@example.com,#2699
ch_3Q001621,2026-08-24 19:52:00,374.76,197.95,eur,5.50,369.26,Paid,Shopify order #2700,camille.simon35157@example.com,#2700
ch_3Q001622,2026-08-24 22:55:00,88.70,0.00,eur,1.49,87.21,Paid,Shopify order #2701,lea.leroy34081@example.com,#2701
ch_3Q001623,2026-08-24 09:05:00,235.44,0.00,eur,3.55,231.89,Paid,Shopify order #2702,ines.lefebvre77327@example.com,#2702
ch_3Q001624,2026-08-24 13:00:00,129.60,0.00,eur,2.06,127.54,Paid,Shopify order #2703,lea.moreau38173@example.com,#2703
ch_3Q001625,2026-08-24 18:53:00,58.82,0.00,eur,1.07,57.75,Paid,Shopify order #2704,chloe.garcia1367@example.com,#2704
ch_3Q001626,2026-08-24 15:02:00,52.70,0.00,eur,0.99,51.71,Paid,Shopify order #2705,camille.petit38829@example.com,#2705
ch_3Q001627,2026-08-24 10:08:00,226.80,0.00,eur,3.43,223.37,Paid,Shopify order #2706,emma.lefebvre52227@example.com,#2706
ch_3Q001628,2026-08-24 13:45:00,141.60,0.00,eur,2.23,139.37,Paid,Shopify order #2707,hugo.garcia37905@example.com,#2707
ch_3Q001629,2026-08-24 18:22:00,129.60,0.00,eur,2.06,127.54,Paid,Shopify order #2708,louis.robert95901@example.com,#2708
ch_3Q001630,2026-08-24 21:05:00,91.22,0.00,eur,1.53,89.69,Paid,Shopify order #2709,sarah.laurent7798@example.com,#2709
ch_3Q001631,2026-08-24 16:48:00,76.70,0.00,eur,1.32,75.38,Paid,Shopify order #2710,nathan.moreau47072@example.com,#2710
ch_3Q001632,2026-08-24 16:53:00,69.62,0.00,eur,1.22,68.40,Paid,Shopify order #2711,lea.thomas95381@example.com,#2711
ch_3Q001633,2026-08-24 10:01:00,48.02,0.00,eur,0.92,47.10,Paid,Shopify order #2712,sarah.garcia65@example.com,#2712
ch_3Q001634,2026-08-24 13:48:00,64.70,0.00,eur,1.16,63.54,Paid,Shopify order #2713,lucas.lefebvre32270@example.com,#2713
ch_3Q001635,2026-08-24 22:25:00,346.80,0.00,eur,5.11,341.69,Paid,Shopify order #2714,louis.martin18480@example.com,#2714
ch_3Q001636,2026-08-24 09:06:00,346.80,0.00,eur,5.11,341.69,Paid,Shopify order #2715,nathan.laurent39110@example.com,#2715
ch_3Q001637,2026-08-24 20:03:00,178.80,0.00,eur,2.75,176.05,Paid,Shopify order #2716,chloe.robert35625@example.com,#2716
ch_3Q001638,2026-08-24 12:34:00,100.70,0.00,eur,1.66,99.04,Paid,Shopify order #2717,hugo.leroy12916@example.com,#2717
ch_3Q001639,2026-08-24 10:45:00,160.92,0.00,eur,2.50,158.42,Paid,Shopify order #2718,lea.bernard11167@example.com,#2718
ch_3Q001640,2026-08-24 19:09:00,178.80,0.00,eur,2.75,176.05,Paid,Shopify order #2719,hugo.simon74150@example.com,#2719
ch_3Q001641,2026-08-24 18:29:00,52.70,0.00,eur,0.99,51.71,Paid,Shopify order #2720,lucas.laurent75971@example.com,#2720
ch_3Q001642,2026-08-24 09:48:00,141.60,0.00,eur,2.23,139.37,Paid,Shopify order #2721,lucas.martin10842@example.com,#2721
ch_3Q001643,2026-08-24 20:21:00,48.02,0.00,eur,0.92,47.10,Paid,Shopify order #2722,camille.martin90@example.com,#2722
ch_3Q001644,2026-08-24 22:54:00,88.70,0.00,eur,1.49,87.21,Paid,Shopify order #2723,camille.simon35157@example.com,#2723
ch_3Q001645,2026-08-24 10:33:00,234.36,0.00,eur,3.53,230.83,Paid,Shopify order #2724,chloe.moreau24120@example.com,#2724
ch_3Q001646,2026-08-24 18:41:00,117.60,0.00,eur,1.90,115.70,Paid,Shopify order #2725,paul.moreau26259@example.com,#2725
ch_3Q001647,2026-08-24 15:37:00,99.50,0.00,eur,1.64,97.86,Paid,Shopify order #2726,sarah.simon91986@example.com,#2726
ch_3Q001648,2026-08-24 11:56:00,309.96,0.00,eur,4.59,305.37,Paid,Shopify order #2727,arthur.michel17099@example.com,#2727
ch_3Q001649,2026-08-24 10:01:00,178.80,0.00,eur,2.75,176.05,Paid,Shopify order #2728,louis.thomas87360@example.com,#2728
ch_3Q001650,2026-08-24 11:47:00,226.80,0.00,eur,3.43,223.37,Paid,Shopify order #2729,gabriel.durand69438@example.com,#2729
ch_3Q001651,2026-08-24 21:03:00,64.70,0.00,eur,1.16,63.54,Paid,Shopify order #2730,sarah.thomas90181@example.com,#2730
ch_3Q001652,2026-08-24 09:10:00,204.12,0.00,eur,3.11,201.01,Paid,Shopify order #2731,sarah.petit43846@example.com,#2731
ch_3Q001653,2026-08-25 20:52:00,178.80,0.00,eur,2.75,176.05,Paid,Shopify order #2732,hugo.robert77733@example.com,#2732
ch_3Q001654,2026-08-25 19:10:00,226.80,0.00,eur,3.43,223.37,Paid,Shopify order #2733,lucas.dubois63433@example.com,#2733
ch_3Q001655,2026-08-25 11:42:00,88.70,0.00,eur,1.49,87.21,Paid,Shopify order #2734,jade.robert84956@example.com,#2734
ch_3Q001656,2026-08-25 10:00:00,429.60,0.00,eur,6.26,423.34,Paid,Shopify order #2735,louis.leroy94723@example.com,#2735
ch_3Q001657,2026-08-25 17:27:00,189.60,0.00,eur,2.90,186.70,Paid,Shopify order #2736,theo.bernard33012@example.com,#2736
ch_3Q001658,2026-08-25 10:53:00,386.64,0.00,eur,5.66,380.98,Paid,Shopify order #2737,camille.bernard55910@example.com,#2737
ch_3Q001659,2026-08-25 18:37:00,48.02,0.00,eur,0.92,47.10,Paid,Shopify order #2738,sarah.simon27056@example.com,#2738
ch_3Q001660,2026-08-25 19:08:00,52.70,0.00,eur,0.99,51.71,Paid,Shopify order #2739,emma.michel47032@example.com,#2739
ch_3Q001661,2026-08-25 09:32:00,693.60,0.00,eur,9.96,683.64,Paid,Shopify order #2740,emma.moreau61726@example.com,#2740
ch_3Q001662,2026-08-25 13:30:00,666.36,0.00,eur,9.58,656.78,Paid,Shopify order #2741,sarah.garcia58514@example.com,#2741
ch_3Q001663,2026-08-25 08:57:00,88.70,0.00,eur,1.49,87.21,Paid,Shopify order #2742,chloe.martin36668@example.com,#2742
ch_3Q001664,2026-08-25 21:43:00,204.12,0.00,eur,3.11,201.01,Paid,Shopify order #2743,camille.michel69522@example.com,#2743
ch_3Q001665,2026-08-25 19:17:00,273.60,0.00,eur,4.08,269.52,Paid,Shopify order #2744,camille.martin16152@example.com,#2744
ch_3Q001666,2026-08-25 16:15:00,100.70,0.00,eur,1.66,99.04,Paid,Shopify order #2745,arthur.martin5186@example.com,#2745
ch_3Q001667,2026-08-25 13:44:00,224.40,0.00,eur,3.39,221.01,Paid,Shopify order #2746,lucas.simon6631@example.com,#2746
ch_3Q001668,2026-08-25 16:32:00,160.92,0.00,eur,2.50,158.42,Paid,Shopify order #2747,camille.petit87812@example.com,#2747
ch_3Q001669,2026-08-25 14:01:00,69.62,0.00,eur,1.22,68.40,Paid,Shopify order #2748,arthur.laurent39338@example.com,#2748
ch_3Q001670,2026-08-25 17:12:00,48.02,0.00,eur,0.92,47.10,Paid,Shopify order #2749,nathan.dubois43133@example.com,#2749
ch_3Q001671,2026-08-25 17:28:00,693.60,0.00,eur,9.96,683.64,Paid,Shopify order #2750,nathan.durand13994@example.com,#2750
ch_3Q001672,2026-08-25 10:04:00,88.70,0.00,eur,1.49,87.21,Paid,Shopify order #2751,chloe.garcia62@example.com,#2751
ch_3Q001673,2026-08-25 18:04:00,100.70,0.00,eur,1.66,99.04,Paid,Shopify order #2752,lucas.garcia76@example.com,#2752
ch_3Q001674,2026-08-25 17:11:00,177.60,0.00,eur,2.74,174.86,Paid,Shopify order #2753,paul.lefebvre60@example.com,#2753
ch_3Q001675,2026-08-25 19:19:00,52.70,0.00,eur,0.99,51.71,Paid,Shopify order #2754,gabriel.garcia37690@example.com,#2754
ch_3Q001676,2026-08-25 14:24:00,88.70,0.00,eur,1.49,87.21,Paid,Shopify order #2755,manon.bernard88655@example.com,#2755
ch_3Q001677,2026-08-25 19:22:00,88.70,0.00,eur,1.49,87.21,Paid,Shopify order #2756,lucas.petit39398@example.com,#2756
ch_3Q001678,2026-08-25 16:04:00,58.82,0.00,eur,1.07,57.75,Paid,Shopify order #2757,manon.moreau7222@example.com,#2757
ch_3Q001679,2026-08-25 08:35:00,69.62,0.00,eur,1.22,68.40,Paid,Shopify order #2758,chloe.laurent75647@example.com,#2758
ch_3Q001680,2026-08-25 19:45:00,246.24,0.00,eur,3.70,242.54,Paid,Shopify order #2759,paul.leroy6959@example.com,#2759
ch_3Q001681,2026-08-25 20:06:00,88.70,0.00,eur,1.49,87.21,Paid,Shopify order #2760,lucas.petit65213@example.com,#2760
ch_3Q001682,2026-08-25 15:22:00,273.60,0.00,eur,4.08,269.52,Paid,Shopify order #2761,manon.laurent34480@example.com,#2761
ch_3Q001683,2026-08-25 22:43:00,52.70,0.00,eur,0.99,51.71,Paid,Shopify order #2762,hugo.thomas82580@example.com,#2762
ch_3Q001684,2026-08-26 08:19:00,76.70,0.00,eur,1.32,75.38,Paid,Shopify order #2763,arthur.simon8852@example.com,#2763
ch_3Q001685,2026-08-26 09:01:00,76.70,0.00,eur,1.32,75.38,Paid,Shopify order #2764,gabriel.robert87768@example.com,#2764
ch_3Q001686,2026-08-26 22:51:00,48.02,0.00,eur,0.92,47.10,Paid,Shopify order #2765,louis.bernard51363@example.com,#2765
ch_3Q001687,2026-08-26 20:19:00,88.70,0.00,eur,1.49,87.21,Paid,Shopify order #2766,louis.thomas95851@example.com,#2766
ch_3Q001688,2026-08-26 09:03:00,138.24,0.00,eur,2.19,136.05,Paid,Shopify order #2767,manon.petit66046@example.com,#2767
ch_3Q001689,2026-08-26 12:57:00,160.92,0.00,eur,2.50,158.42,Paid,Shopify order #2768,chloe.lefebvre94671@example.com,#2768
ch_3Q001690,2026-08-26 20:01:00,160.92,0.00,eur,2.50,158.42,Paid,Shopify order #2769,lucas.robert26218@example.com,#2769
ch_3Q001691,2026-08-26 20:50:00,76.70,0.00,eur,1.32,75.38,Paid,Shopify order #2770,louis.moreau67977@example.com,#2770
ch_3Q001692,2026-08-26 11:51:00,80.42,0.00,eur,1.38,79.04,Paid,Shopify order #2771,jade.laurent18050@example.com,#2771
ch_3Q001693,2026-08-26 16:20:00,429.60,0.00,eur,6.26,423.34,Paid,Shopify order #2772,gabriel.leroy96753@example.com,#2772
ch_3Q001694,2026-08-26 08:50:00,52.70,0.00,eur,0.99,51.71,Paid,Shopify order #2773,jade.leroy38@example.com,#2773
ch_3Q001695,2026-08-26 14:21:00,64.70,0.00,eur,1.16,63.54,Paid,Shopify order #2774,louis.simon6934@example.com,#2774
ch_3Q001696,2026-08-26 22:16:00,204.12,0.00,eur,3.11,201.01,Paid,Shopify order #2775,camille.martin90@example.com,#2775
ch_3Q001697,2026-08-26 12:58:00,64.70,0.00,eur,1.16,63.54,Paid,Shopify order #2776,ines.simon81620@example.com,#2776
ch_3Q001698,2026-08-26 15:14:00,249.60,0.00,eur,3.74,245.86,Paid,Shopify order #2777,ines.leroy2237@example.com,#2777
ch_3Q001699,2026-08-26 12:39:00,165.60,0.00,eur,2.57,163.03,Paid,Shopify order #2778,lucas.durand69@example.com,#2778
ch_3Q001700,2026-08-26 14:25:00,141.60,0.00,eur,2.23,139.37,Paid,Shopify order #2779,lea.bernard94921@example.com,#2779
ch_3Q001701,2026-08-26 14:27:00,178.80,0.00,eur,2.75,176.05,Paid,Shopify order #2780,gabriel.durand69438@example.com,#2780
ch_3Q001702,2026-08-26 19:04:00,52.70,0.00,eur,0.99,51.71,Paid,Shopify order #2781,chloe.laurent98@example.com,#2781
ch_3Q001703,2026-08-26 18:25:00,212.76,0.00,eur,3.23,209.53,Paid,Shopify order #2782,gabriel.robert65918@example.com,#2782
ch_3Q001704,2026-08-26 16:59:00,346.80,0.00,eur,5.11,341.69,Paid,Shopify order #2783,paul.thomas50409@example.com,#2783
ch_3Q001705,2026-08-26 12:12:00,260.40,0.00,eur,3.90,256.50,Paid,Shopify order #2784,hugo.leroy12916@example.com,#2784
ch_3Q001706,2026-08-26 11:08:00,312.12,0.00,eur,4.62,307.50,Paid,Shopify order #2785,theo.robert41575@example.com,#2785
ch_3Q001707,2026-08-26 11:18:00,178.80,0.00,eur,2.75,176.05,Paid,Shopify order #2786,chloe.durand74212@example.com,#2786
ch_3Q001708,2026-08-26 21:33:00,52.70,0.00,eur,0.99,51.71,Paid,Shopify order #2787,louis.leroy67647@example.com,#2787
ch_3Q001709,2026-08-26 08:12:00,52.70,0.00,eur,0.99,51.71,Paid,Shopify order #2788,gabriel.leroy22740@example.com,#2788
ch_3Q001710,2026-08-26 15:50:00,117.60,0.00,eur,1.90,115.70,Paid,Shopify order #2789,paul.martin46461@example.com,#2789
ch_3Q001711,2026-08-26 18:29:00,100.70,0.00,eur,1.66,99.04,Paid,Shopify order #2790,hugo.petit99035@example.com,#2790
ch_3Q001712,2026-08-26 22:19:00,69.62,0.00,eur,1.22,68.40,Paid,Shopify order #2791,louis.bernard67516@example.com,#2791
ch_3Q001713,2026-08-26 22:22:00,80.42,0.00,eur,1.38,79.04,Paid,Shopify order #2792,arthur.robert55@example.com,#2792
ch_3Q001714,2026-08-26 08:18:00,178.80,0.00,eur,2.75,176.05,Paid,Shopify order #2793,arthur.bernard2193@example.com,#2793
ch_3Q001715,2026-08-26 20:02:00,226.80,0.00,eur,3.43,223.37,Paid,Shopify order #2794,ines.laurent54824@example.com,#2794
ch_3Q001716,2026-08-26 13:07:00,354.24,0.00,eur,5.21,349.03,Paid,Shopify order #2795,camille.durand14838@example.com,#2795
ch_3Q001717,2026-08-26 09:36:00,453.60,0.00,eur,6.60,447.00,Paid,Shopify order #2796,lea.michel43@example.com,#2796
ch_3Q001718,2026-08-26 16:30:00,226.80,0.00,eur,3.43,223.37,Paid,Shopify order #2797,arthur.robert44822@example.com,#2797
ch_3Q001719,2026-08-27 15:23:00,52.70,0.00,eur,0.99,51.71,Paid,Shopify order #2798,gabriel.laurent76740@example.com,#2798
ch_3Q001720,2026-08-27 12:07:00,69.62,0.00,eur,1.22,68.40,Paid,Shopify order #2799,sarah.thomas14897@example.com,#2799
ch_3Q001721,2026-08-27 13:26:00,178.80,0.00,eur,2.75,176.05,Paid,Shopify order #2800,hugo.michel82@example.com,#2800
ch_3Q001722,2026-08-27 18:25:00,453.60,0.00,eur,6.60,447.00,Paid,Shopify order #2801,paul.dubois39@example.com,#2801
ch_3Q001723,2026-08-27 19:08:00,346.80,0.00,eur,5.11,341.69,Paid,Shopify order #2802,chloe.dubois85166@example.com,#2802
ch_3Q001724,2026-08-27 18:51:00,138.24,0.00,eur,2.19,136.05,Paid,Shopify order #2803,lucas.dubois76@example.com,#2803
ch_3Q001725,2026-08-27 16:07:00,76.70,0.00,eur,1.32,75.38,Paid,Shopify order #2804,paul.petit97963@example.com,#2804
ch_3Q001726,2026-08-27 08:50:00,226.80,0.00,eur,3.43,223.37,Paid,Shopify order #2805,lucas.thomas72246@example.com,#2805
ch_3Q001727,2026-08-27 13:26:00,226.80,0.00,eur,3.43,223.37,Paid,Shopify order #2806,emma.michel96532@example.com,#2806
ch_3Q001728,2026-08-27 11:12:00,346.80,0.00,eur,5.11,341.69,Paid,Shopify order #2807,arthur.bernard9336@example.com,#2807
ch_3Q001729,2026-08-27 18:50:00,584.40,0.00,eur,8.43,575.97,Paid,Shopify order #2808,sarah.lefebvre43501@example.com,#2808
ch_3Q001730,2026-08-27 09:05:00,246.24,0.00,eur,3.70,242.54,Paid,Shopify order #2809,lucas.moreau23425@example.com,#2809
ch_3Q001731,2026-08-27 15:17:00,704.40,0.00,eur,10.11,694.29,Paid,Shopify order #2810,paul.thomas37@example.com,#2810
ch_3Q001732,2026-08-27 21:29:00,100.70,0.00,eur,1.66,99.04,Paid,Shopify order #2811,sarah.moreau50603@example.com,#2811
ch_3Q001733,2026-08-27 09:54:00,88.70,0.00,eur,1.49,87.21,Paid,Shopify order #2812,paul.petit28155@example.com,#2812
ch_3Q001734,2026-08-27 15:57:00,344.40,0.00,eur,5.07,339.33,Paid,Shopify order #2813,chloe.martin36668@example.com,#2813
ch_3Q001735,2026-08-27 22:00:00,76.70,0.00,eur,1.32,75.38,Paid,Shopify order #2814,jade.lefebvre11949@example.com,#2814
ch_3Q001736,2026-08-27 13:33:00,346.80,0.00,eur,5.11,341.69,Paid,Shopify order #2815,camille.dubois86541@example.com,#2815
ch_3Q001737,2026-08-27 15:36:00,346.80,190.86,eur,5.11,341.69,Paid,Shopify order #2816,ines.durand98778@example.com,#2816
ch_3Q001738,2026-08-27 18:30:00,397.44,0.00,eur,5.81,391.63,Paid,Shopify order #2817,lucas.lefebvre42@example.com,#2817
ch_3Q001739,2026-08-27 10:24:00,100.70,0.00,eur,1.66,99.04,Paid,Shopify order #2818,theo.dubois29669@example.com,#2818
ch_3Q001740,2026-08-27 13:46:00,76.70,0.00,eur,1.32,75.38,Paid,Shopify order #2819,ines.thomas25483@example.com,#2819
ch_3Q001741,2026-08-27 17:47:00,88.70,0.00,eur,1.49,87.21,Paid,Shopify order #2820,lea.moreau24891@example.com,#2820
ch_3Q001742,2026-08-27 15:09:00,91.22,0.00,eur,1.53,89.69,Paid,Shopify order #2821,jade.bernard2052@example.com,#2821
ch_3Q001743,2026-08-27 09:19:00,52.70,0.00,eur,0.99,51.71,Paid,Shopify order #2822,louis.durand98559@example.com,#2822
ch_3Q001744,2026-08-27 17:56:00,100.70,0.00,eur,1.66,99.04,Paid,Shopify order #2823,nathan.durand20526@example.com,#2823
ch_3Q001745,2026-08-27 21:33:00,158.76,0.00,eur,2.47,156.29,Paid,Shopify order #2824,lea.lefebvre71377@example.com,#2824
ch_3Q001746,2026-08-27 12:57:00,105.84,0.00,eur,1.73,104.11,Paid,Shopify order #2825,chloe.simon7486@example.com,#2825
ch_3Q001747,2026-08-28 19:23:00,720.36,0.00,eur,10.34,710.02,Paid,Shopify order #2826,lucas.dubois16322@example.com,#2826
ch_3Q001748,2026-08-28 16:26:00,64.70,0.00,eur,1.16,63.54,Paid,Shopify order #2827,paul.leroy6959@example.com,#2827
ch_3Q001749,2026-08-28 19:12:00,105.84,0.00,eur,1.73,104.11,Paid,Shopify order #2828,lea.michel25@example.com,#2828
ch_3Q001750,2026-08-28 15:12:00,226.80,0.00,eur,3.43,223.37,Paid,Shopify order #2829,arthur.durand94@example.com,#2829
ch_3Q001751,2026-08-28 21:12:00,309.96,0.00,eur,4.59,305.37,Paid,Shopify order #2830,arthur.simon65634@example.com,#2830
ch_3Q001752,2026-08-28 19:55:00,91.22,0.00,eur,1.53,89.69,Paid,Shopify order #2831,lucas.moreau17@example.com,#2831
ch_3Q001753,2026-08-28 20:57:00,76.70,0.00,eur,1.32,75.38,Paid,Shopify order #2832,theo.simon43421@example.com,#2832
ch_3Q001754,2026-08-28 20:03:00,127.44,0.00,eur,2.03,125.41,Paid,Shopify order #2833,lea.durand22526@example.com,#2833
ch_3Q001755,2026-08-28 16:40:00,273.60,0.00,eur,4.08,269.52,Paid,Shopify order #2834,gabriel.martin95@example.com,#2834
ch_3Q001756,2026-08-28 14:29:00,226.80,0.00,eur,3.43,223.37,Paid,Shopify order #2835,manon.dubois96226@example.com,#2835
ch_3Q001757,2026-08-28 08:05:00,69.62,41.42,eur,1.22,68.40,Paid,Shopify order #2836,nathan.lefebvre87799@example.com,#2836
ch_3Q001758,2026-08-28 22:21:00,88.70,0.00,eur,1.49,87.21,Paid,Shopify order #2837,emma.garcia78124@example.com,#2837
ch_3Q001759,2026-08-28 16:17:00,788.40,0.00,eur,11.29,777.11,Paid,Shopify order #2838,camille.bernard6824@example.com,#2838
ch_3Q001760,2026-08-28 21:34:00,203.04,0.00,eur,3.09,199.95,Paid,Shopify order #2839,chloe.lefebvre74561@example.com,#2839
ch_3Q001761,2026-08-28 13:21:00,141.60,0.00,eur,2.23,139.37,Paid,Shopify order #2840,jade.robert11929@example.com,#2840
ch_3Q001762,2026-08-28 19:00:00,64.70,0.00,eur,1.16,63.54,Paid,Shopify order #2841,gabriel.leroy26507@example.com,#2841
ch_3Q001763,2026-08-28 16:25:00,76.70,0.00,eur,1.32,75.38,Paid,Shopify order #2842,camille.laurent84926@example.com,#2842
ch_3Q001764,2026-08-28 19:54:00,138.24,0.00,eur,2.19,136.05,Paid,Shopify order #2843,lucas.dubois76@example.com,#2843
ch_3Q001765,2026-08-28 13:54:00,346.80,0.00,eur,5.11,341.69,Paid,Shopify order #2844,manon.petit74@example.com,#2844
ch_3Q001766,2026-08-28 12:00:00,204.12,0.00,eur,3.11,201.01,Paid,Shopify order #2845,lucas.simon73@example.com,#2845
ch_3Q001767,2026-08-28 22:27:00,52.70,0.00,eur,0.99,51.71,Paid,Shopify order #2846,lea.leroy27841@example.com,#2846
ch_3Q001768,2026-08-28 18:37:00,100.70,0.00,eur,1.66,99.04,Paid,Shopify order #2847,lucas.bernard97039@example.com,#2847
ch_3Q001769,2026-08-28 17:16:00,165.60,0.00,eur,2.57,163.03,Paid,Shopify order #2848,sarah.martin99716@example.com,#2848
ch_3Q001770,2026-08-28 22:18:00,48.02,0.00,eur,0.92,47.10,Paid,Shopify order #2849,lucas.lefebvre32270@example.com,#2849
ch_3Q001771,2026-08-28 16:01:00,129.60,0.00,eur,2.06,127.54,Paid,Shopify order #2850,hugo.garcia4810@example.com,#2850
ch_3Q001772,2026-08-28 21:30:00,226.80,0.00,eur,3.43,223.37,Paid,Shopify order #2851,jade.laurent66390@example.com,#2851
ch_3Q001773,2026-08-29 13:41:00,153.60,0.00,eur,2.40,151.20,Paid,Shopify order #2852,lucas.leroy46165@example.com,#2852
ch_3Q001774,2026-08-29 19:48:00,693.60,0.00,eur,9.96,683.64,Paid,Shopify order #2853,sarah.robert67359@example.com,#2853
ch_3Q001775,2026-08-29 11:48:00,178.80,0.00,eur,2.75,176.05,Paid,Shopify order #2854,paul.dubois21389@example.com,#2854
ch_3Q001776,2026-08-29 19:39:00,91.22,0.00,eur,1.53,89.69,Paid,Shopify order #2855,emma.garcia18@example.com,#2855
ch_3Q001777,2026-08-29 12:50:00,226.80,0.00,eur,3.43,223.37,Paid,Shopify order #2856,camille.lefebvre30321@example.com,#2856
ch_3Q001778,2026-08-29 16:27:00,88.70,0.00,eur,1.49,87.21,Paid,Shopify order #2857,sarah.thomas14897@example.com,#2857
ch_3Q001779,2026-08-29 14:51:00,285.60,0.00,eur,4.25,281.35,Paid,Shopify order #2858,hugo.simon32061@example.com,#2858
ch_3Q001780,2026-08-29 15:52:00,525.60,0.00,eur,7.61,517.99,Paid,Shopify order #2859,nathan.leroy68498@example.com,#2859
ch_3Q001781,2026-08-29 14:18:00,88.70,0.00,eur,1.49,87.21,Paid,Shopify order #2860,sarah.durand99@example.com,#2860
ch_3Q001782,2026-08-29 13:10:00,48.02,0.00,eur,0.92,47.10,Paid,Shopify order #2861,paul.martin22@example.com,#2861
ch_3Q001783,2026-08-29 13:04:00,141.60,0.00,eur,2.23,139.37,Paid,Shopify order #2862,theo.bernard33012@example.com,#2862
ch_3Q001784,2026-08-29 15:19:00,346.80,0.00,eur,5.11,341.69,Paid,Shopify order #2863,chloe.garcia24@example.com,#2863
ch_3Q001785,2026-08-29 17:06:00,91.22,0.00,eur,1.53,89.69,Paid,Shopify order #2864,lea.leroy99158@example.com,#2864
ch_3Q001786,2026-08-29 10:51:00,88.70,0.00,eur,1.49,87.21,Paid,Shopify order #2865,chloe.petit39@example.com,#2865
ch_3Q001787,2026-08-29 10:14:00,226.80,131.54,eur,3.43,223.37,Paid,Shopify order #2866,nathan.moreau97260@example.com,#2866
ch_3Q001788,2026-08-29 15:33:00,117.60,0.00,eur,1.90,115.70,Paid,Shopify order #2867,arthur.garcia59072@example.com,#2867
ch_3Q001789,2026-08-29 09:57:00,346.80,0.00,eur,5.11,341.69,Paid,Shopify order #2868,hugo.garcia94168@example.com,#2868
ch_3Q001790,2026-08-29 11:48:00,52.70,0.00,eur,0.99,51.71,Paid,Shopify order #2869,lea.petit41827@example.com,#2869
ch_3Q001791,2026-08-29 17:31:00,285.60,0.00,eur,4.25,281.35,Paid,Shopify order #2870,ines.leroy45@example.com,#2870
ch_3Q001792,2026-08-29 18:27:00,273.60,0.00,eur,4.08,269.52,Paid,Shopify order #2871,manon.dubois96226@example.com,#2871
ch_3Q001793,2026-08-29 09:46:00,52.70,0.00,eur,0.99,51.71,Paid,Shopify order #2872,arthur.bernard9336@example.com,#2872
ch_3Q001794,2026-08-29 11:26:00,100.70,0.00,eur,1.66,99.04,Paid,Shopify order #2873,lucas.simon51649@example.com,#2873
ch_3Q001795,2026-08-29 16:21:00,99.50,0.00,eur,1.64,97.86,Paid,Shopify order #2874,louis.leroy83530@example.com,#2874
ch_3Q001796,2026-08-29 12:43:00,76.70,0.00,eur,1.32,75.38,Paid,Shopify order #2875,jade.petit81@example.com,#2875
ch_3Q001797,2026-08-30 18:27:00,273.60,0.00,eur,4.08,269.52,Paid,Shopify order #2876,hugo.garcia4810@example.com,#2876
ch_3Q001798,2026-08-30 14:35:00,404.40,0.00,eur,5.91,398.49,Paid,Shopify order #2877,louis.garcia53871@example.com,#2877
ch_3Q001799,2026-08-30 20:09:00,261.60,161.74,eur,3.91,257.69,Paid,Shopify order #2878,jade.simon87530@example.com,#2878
ch_3Q001800,2026-08-30 17:58:00,321.60,0.00,eur,4.75,316.85,Paid,Shopify order #2879,ines.martin99@example.com,#2879
ch_3Q001801,2026-08-30 10:37:00,99.50,0.00,eur,1.64,97.86,Paid,Shopify order #2880,paul.moreau16@example.com,#2880
ch_3Q001802,2026-08-30 18:39:00,76.70,0.00,eur,1.32,75.38,Paid,Shopify order #2881,theo.garcia32148@example.com,#2881
ch_3Q001803,2026-08-30 17:58:00,224.64,0.00,eur,3.39,221.25,Paid,Shopify order #2882,ines.garcia15306@example.com,#2882
ch_3Q001804,2026-08-30 10:36:00,58.82,0.00,eur,1.07,57.75,Paid,Shopify order #2883,gabriel.leroy61241@example.com,#2883
ch_3Q001805,2026-08-30 12:00:00,237.60,0.00,eur,3.58,234.02,Paid,Shopify order #2884,gabriel.michel93182@example.com,#2884
ch_3Q001806,2026-08-30 08:03:00,296.40,0.00,eur,4.40,292.00,Paid,Shopify order #2885,manon.martin88197@example.com,#2885
ch_3Q001807,2026-08-30 11:35:00,178.80,0.00,eur,2.75,176.05,Paid,Shopify order #2886,chloe.durand17789@example.com,#2886
ch_3Q001808,2026-08-30 11:37:00,297.60,0.00,eur,4.42,293.18,Paid,Shopify order #2887,hugo.martin28@example.com,#2887
ch_3Q001809,2026-08-30 22:35:00,536.40,0.00,eur,7.76,528.64,Paid,Shopify order #2888,jade.simon3309@example.com,#2888
ch_3Q001810,2026-08-30 14:40:00,129.60,0.00,eur,2.06,127.54,Paid,Shopify order #2889,nathan.petit31655@example.com,#2889
ch_3Q001811,2026-08-30 20:54:00,88.70,0.00,eur,1.49,87.21,Paid,Shopify order #2890,gabriel.moreau3599@example.com,#2890
ch_3Q001812,2026-08-30 21:10:00,76.70,0.00,eur,1.32,75.38,Paid,Shopify order #2891,arthur.robert44822@example.com,#2891
ch_3Q001813,2026-08-30 17:44:00,52.70,0.00,eur,0.99,51.71,Paid,Shopify order #2892,theo.michel61@example.com,#2892
ch_3Q001814,2026-08-30 10:56:00,100.70,0.00,eur,1.66,99.04,Paid,Shopify order #2893,manon.bernard70470@example.com,#2893
ch_3Q001815,2026-08-30 08:33:00,178.80,0.00,eur,2.75,176.05,Paid,Shopify order #2894,emma.bernard71396@example.com,#2894
ch_3Q001816,2026-08-30 15:00:00,88.70,0.00,eur,1.49,87.21,Paid,Shopify order #2895,hugo.lefebvre55@example.com,#2895
ch_3Q001817,2026-08-30 20:07:00,48.02,0.00,eur,0.92,47.10,Paid,Shopify order #2896,emma.bernard71396@example.com,#2896
ch_3Q001818,2026-08-31 18:32:00,160.92,0.00,eur,2.50,158.42,Paid,Shopify order #2897,gabriel.leroy61241@example.com,#2897
ch_3Q001819,2026-08-31 08:42:00,285.60,0.00,eur,4.25,281.35,Paid,Shopify order #2898,camille.martin12440@example.com,#2898
ch_3Q001820,2026-08-31 08:31:00,346.80,0.00,eur,5.11,341.69,Paid,Shopify order #2899,theo.durand53818@example.com,#2899
ch_3Q001821,2026-08-31 17:35:00,346.80,0.00,eur,5.11,341.69,Paid,Shopify order #2900,lucas.martin10842@example.com,#2900
ch_3Q001822,2026-08-31 10:03:00,178.80,0.00,eur,2.75,176.05,Paid,Shopify order #2901,emma.moreau73840@example.com,#2901
ch_3Q001823,2026-08-31 10:36:00,52.70,0.00,eur,0.99,51.71,Paid,Shopify order #2902,paul.laurent48349@example.com,#2902
ch_3Q001824,2026-08-31 22:51:00,160.92,70.62,eur,2.50,158.42,Paid,Shopify order #2903,jade.thomas36075@example.com,#2903
ch_3Q001825,2026-08-31 15:02:00,100.70,0.00,eur,1.66,99.04,Paid,Shopify order #2904,jade.laurent60872@example.com,#2904
ch_3Q001826,2026-08-31 22:37:00,416.40,0.00,eur,6.08,410.32,Paid,Shopify order #2905,paul.simon61329@example.com,#2905
ch_3Q001827,2026-08-31 11:02:00,58.82,0.00,eur,1.07,57.75,Paid,Shopify order #2906,ines.thomas61788@example.com,#2906
ch_3Q001828,2026-08-31 18:38:00,346.80,0.00,eur,5.11,341.69,Paid,Shopify order #2907,louis.simon22275@example.com,#2907
ch_3Q001829,2026-08-31 18:35:00,548.40,0.00,eur,7.93,540.47,Paid,Shopify order #2908,sarah.bernard68195@example.com,#2908
ch_3Q001830,2026-08-31 18:10:00,312.12,0.00,eur,4.62,307.50,Paid,Shopify order #2909,lucas.petit32@example.com,#2909
ch_3Q001831,2026-08-31 15:53:00,58.82,0.00,eur,1.07,57.75,Paid,Shopify order #2910,chloe.garcia14321@example.com,#2910
ch_3Q001832,2026-08-31 13:07:00,272.40,0.00,eur,4.06,268.34,Paid,Shopify order #2911,theo.petit92918@example.com,#2911
ch_3Q001833,2026-08-31 12:18:00,321.60,0.00,eur,4.75,316.85,Paid,Shopify order #2912,emma.simon6017@example.com,#2912
ch_3Q001834,2026-08-31 14:42:00,91.22,0.00,eur,1.53,89.69,Paid,Shopify order #2913,sarah.garcia41708@example.com,#2913
ch_3Q001835,2026-08-31 13:40:00,141.60,0.00,eur,2.23,139.37,Paid,Shopify order #2914,gabriel.lefebvre94183@example.com,#2914
ch_3Q001836,2026-08-31 11:06:00,346.80,0.00,eur,5.11,341.69,Paid,Shopify order #2915,chloe.lefebvre17139@example.com,#2915
ch_3Q001837,2026-08-31 22:16:00,64.70,0.00,eur,1.16,63.54,Paid,Shopify order #2916,hugo.simon74150@example.com,#2916
ch_3Q001838,2026-08-31 19:49:00,178.80,0.00,eur,2.75,176.05,Paid,Shopify order #2917,manon.garcia95828@example.com,#2917
ch_3Q001839,2026-08-31 11:36:00,273.60,0.00,eur,4.08,269.52,Paid,Shopify order #2918,camille.robert53341@example.com,#2918
ch_3Q001840,2026-08-31 16:13:00,88.70,0.00,eur,1.49,87.21,Paid,Shopify order #2919,theo.martin7277@example.com,#2919
ch_3Q001841,2026-08-31 20:45:00,234.36,0.00,eur,3.53,230.83,Paid,Shopify order #2920,chloe.bernard56259@example.com,#2920
ch_3Q001842,2026-08-31 21:52:00,105.84,0.00,eur,1.73,104.11,Paid,Shopify order #2921,lea.garcia64320@example.com,#2921
ch_3Q001843,2026-08-31 14:33:00,224.64,0.00,eur,3.39,221.25,Paid,Shopify order #2922,arthur.robert44822@example.com,#2922
ch_3Q001844,2026-08-31 10:04:00,52.70,0.00,eur,0.99,51.71,Paid,Shopify order #2923,gabriel.robert70462@example.com,#2923
ch_3Q001845,2026-08-31 16:40:00,88.70,0.00,eur,1.49,87.21,Paid,Shopify order #2924,arthur.simon85544@example.com,#2924
ch_3Q001846,2026-08-31 09:35:00,365.04,0.00,eur,5.36,359.68,Paid,Shopify order #2925,lea.martin68@example.com,#2925
ch_3Q001847,2026-08-31 14:21:00,226.80,0.00,eur,3.43,223.37,Paid,Shopify order #2926,chloe.thomas31373@example.com,#2926
ch_3Q001848,2026-09-01 09:07:00,99.50,0.00,eur,1.64,97.86,Paid,Shopify order #2927,jade.thomas95411@example.com,#2927
ch_3Q001849,2026-09-01 10:08:00,69.62,0.00,eur,1.22,68.40,Paid,Shopify order #2928,jade.laurent66390@example.com,#2928
ch_3Q001850,2026-09-01 19:38:00,704.40,0.00,eur,10.11,694.29,Paid,Shopify order #2929,arthur.simon65634@example.com,#2929
ch_3Q001851,2026-09-01 18:32:00,76.70,0.00,eur,1.32,75.38,Paid,Shopify order #2930,hugo.durand53756@example.com,#2930
ch_3Q001852,2026-09-01 15:33:00,117.60,53.83,eur,1.90,115.70,Paid,Shopify order #2931,lea.dubois16@example.com,#2931
ch_3Q001853,2026-09-01 16:30:00,357.60,0.00,eur,5.26,352.34,Paid,Shopify order #2932,camille.martin12440@example.com,#2932
ch_3Q001854,2026-09-01 17:56:00,88.70,0.00,eur,1.49,87.21,Paid,Shopify order #2933,manon.moreau5539@example.com,#2933
ch_3Q001855,2026-09-01 22:58:00,88.70,0.00,eur,1.49,87.21,Paid,Shopify order #2934,theo.petit66806@example.com,#2934
ch_3Q001856,2026-09-01 20:39:00,178.80,0.00,eur,2.75,176.05,Paid,Shopify order #2935,arthur.moreau17950@example.com,#2935
ch_3Q001857,2026-09-01 21:46:00,80.42,0.00,eur,1.38,79.04,Paid,Shopify order #2936,manon.martin90778@example.com,#2936
ch_3Q001858,2026-09-01 10:56:00,80.42,0.00,eur,1.38,79.04,Paid,Shopify order #2937,camille.simon35157@example.com,#2937
ch_3Q001859,2026-09-01 13:12:00,100.70,0.00,eur,1.66,99.04,Paid,Shopify order #2938,lucas.durand78249@example.com,#2938
ch_3Q001860,2026-09-01 18:39:00,272.40,0.00,eur,4.06,268.34,Paid,Shopify order #2939,jade.lefebvre69111@example.com,#2939
ch_3Q001861,2026-09-01 11:34:00,178.80,0.00,eur,2.75,176.05,Paid,Shopify order #2940,nathan.robert45225@example.com,#2940
ch_3Q001862,2026-09-01 12:08:00,129.60,0.00,eur,2.06,127.54,Paid,Shopify order #2941,louis.robert49814@example.com,#2941
ch_3Q001863,2026-09-01 15:14:00,346.80,0.00,eur,5.11,341.69,Paid,Shopify order #2942,gabriel.petit18594@example.com,#2942
ch_3Q001864,2026-09-01 19:02:00,346.80,0.00,eur,5.11,341.69,Paid,Shopify order #2943,hugo.michel91517@example.com,#2943
ch_3Q001865,2026-09-01 22:27:00,226.80,0.00,eur,3.43,223.37,Paid,Shopify order #2944,sarah.thomas31850@example.com,#2944
ch_3Q001866,2026-09-01 20:08:00,100.70,0.00,eur,1.66,99.04,Paid,Shopify order #2945,lea.petit12008@example.com,#2945
ch_3Q001867,2026-09-01 18:20:00,346.80,0.00,eur,5.11,341.69,Paid,Shopify order #2946,manon.moreau53517@example.com,#2946
ch_3Q001868,2026-09-01 10:50:00,52.70,0.00,eur,0.99,51.71,Paid,Shopify order #2947,gabriel.petit72@example.com,#2947
ch_3Q001869,2026-09-01 21:35:00,178.80,0.00,eur,2.75,176.05,Paid,Shopify order #2948,emma.dubois65448@example.com,#2948
ch_3Q001870,2026-09-01 10:49:00,178.80,0.00,eur,2.75,176.05,Paid,Shopify order #2949,manon.robert54508@example.com,#2949
ch_3Q001871,2026-09-01 12:50:00,408.24,0.00,eur,5.97,402.27,Paid,Shopify order #2950,jade.simon26940@example.com,#2950
ch_3Q001872,2026-09-01 16:52:00,90.14,0.00,eur,1.51,88.63,Paid,Shopify order #2951,lea.garcia45762@example.com,#2951
ch_3Q001873,2026-09-01 11:28:00,64.70,0.00,eur,1.16,63.54,Paid,Shopify order #2952,hugo.moreau60077@example.com,#2952
ch_3Q001874,2026-09-01 10:29:00,516.24,0.00,eur,7.48,508.76,Paid,Shopify order #2953,ines.thomas19208@example.com,#2953
ch_3Q001875,2026-09-01 13:52:00,105.84,0.00,eur,1.73,104.11,Paid,Shopify order #2954,louis.lefebvre1785@example.com,#2954
ch_3Q001876,2026-09-01 08:42:00,88.70,0.00,eur,1.49,87.21,Paid,Shopify order #2955,nathan.garcia5283@example.com,#2955
ch_3Q001877,2026-09-01 08:53:00,100.70,0.00,eur,1.66,99.04,Paid,Shopify order #2956,louis.moreau87674@example.com,#2956
ch_3Q001878,2026-09-01 14:36:00,100.70,50.44,eur,1.66,99.04,Paid,Shopify order #2957,lucas.lefebvre70561@example.com,#2957
ch_3Q001879,2026-09-02 14:51:00,312.12,0.00,eur,4.62,307.50,Paid,Shopify order #2958,paul.lefebvre8256@example.com,#2958
ch_3Q001880,2026-09-02 19:26:00,88.70,0.00,eur,1.49,87.21,Paid,Shopify order #2959,jade.michel36113@example.com,#2959
ch_3Q001881,2026-09-02 09:25:00,405.60,0.00,eur,5.93,399.67,Paid,Shopify order #2960,hugo.martin99557@example.com,#2960
ch_3Q001882,2026-09-02 21:28:00,88.70,0.00,eur,1.49,87.21,Paid,Shopify order #2961,paul.garcia15365@example.com,#2961
ch_3Q001883,2026-09-02 10:56:00,88.70,0.00,eur,1.49,87.21,Paid,Shopify order #2962,ines.durand57562@example.com,#2962
ch_3Q001884,2026-09-02 10:35:00,76.70,0.00,eur,1.32,75.38,Paid,Shopify order #2963,paul.leroy6959@example.com,#2963
ch_3Q001885,2026-09-02 13:39:00,573.60,0.00,eur,8.28,565.32,Paid,Shopify order #2964,manon.dubois99561@example.com,#2964
ch_3Q001886,2026-09-02 21:59:00,872.40,0.00,eur,12.46,859.94,Paid,Shopify order #2965,lucas.bernard97039@example.com,#2965
ch_3Q001887,2026-09-02 17:04:00,48.02,0.00,eur,0.92,47.10,Paid,Shopify order #2966,hugo.garcia81048@example.com,#2966
ch_3Q001888,2026-09-02 08:22:00,160.92,0.00,eur,2.50,158.42,Paid,Shopify order #2967,chloe.bernard28@example.com,#2967
ch_3Q001889,2026-09-02 12:48:00,828.36,0.00,eur,11.85,816.51,Paid,Shopify order #2968,theo.garcia11554@example.com,#2968
ch_3Q001890,2026-09-02 17:08:00,346.80,0.00,eur,5.11,341.69,Paid,Shopify order #2969,camille.bernard69119@example.com,#2969
ch_3Q001891,2026-09-02 19:32:00,178.80,0.00,eur,2.75,176.05,Paid,Shopify order #2970,lea.lefebvre78460@example.com,#2970
ch_3Q001892,2026-09-02 22:28:00,188.40,0.00,eur,2.89,185.51,Paid,Shopify order #2971,emma.thomas71022@example.com,#2971
ch_3Q001893,2026-09-02 12:31:00,141.60,0.00,eur,2.23,139.37,Paid,Shopify order #2972,theo.laurent2433@example.com,#2972
ch_3Q001894,2026-09-02 12:02:00,165.60,0.00,eur,2.57,163.03,Paid,Shopify order #2973,arthur.petit30@example.com,#2973
ch_3Q001895,2026-09-02 19:15:00,160.92,0.00,eur,2.50,158.42,Paid,Shopify order #2974,gabriel.petit41948@example.com,#2974
ch_3Q001896,2026-09-02 15:28:00,178.80,0.00,eur,2.75,176.05,Paid,Shopify order #2975,chloe.laurent87827@example.com,#2975
ch_3Q001897,2026-09-02 08:51:00,64.70,0.00,eur,1.16,63.54,Paid,Shopify order #2976,camille.lefebvre45@example.com,#2976
ch_3Q001898,2026-09-02 10:31:00,226.80,0.00,eur,3.43,223.37,Paid,Shopify order #2977,louis.robert56@example.com,#2977
ch_3Q001899,2026-09-02 14:05:00,321.60,0.00,eur,4.75,316.85,Paid,Shopify order #2978,jade.laurent22@example.com,#2978
ch_3Q001900,2026-09-02 11:29:00,288.36,0.00,eur,4.29,284.07,Paid,Shopify order #2979,manon.garcia15@example.com,#2979
ch_3Q001901,2026-09-02 15:16:00,64.70,0.00,eur,1.16,63.54,Paid,Shopify order #2980,lucas.simon73@example.com,#2980
ch_3Q001902,2026-09-02 22:18:00,76.70,0.00,eur,1.32,75.38,Paid,Shopify order #2981,louis.durand10132@example.com,#2981
ch_3Q001903,2026-09-02 22:31:00,127.44,0.00,eur,2.03,125.41,Paid,Shopify order #2982,lucas.thomas72246@example.com,#2982
ch_3Q001904,2026-09-02 11:15:00,525.60,0.00,eur,7.61,517.99,Paid,Shopify order #2983,hugo.durand24004@example.com,#2983
ch_3Q001905,2026-09-02 09:05:00,204.12,0.00,eur,3.11,201.01,Paid,Shopify order #2984,ines.martin53@example.com,#2984
ch_3Q001906,2026-09-02 18:28:00,141.60,0.00,eur,2.23,139.37,Paid,Shopify order #2985,arthur.simon25207@example.com,#2985
ch_3Q001907,2026-09-02 17:43:00,224.40,0.00,eur,3.39,221.01,Paid,Shopify order #2986,paul.thomas16@example.com,#2986
ch_3Q001908,2026-09-02 20:58:00,624.24,0.00,eur,8.99,615.25,Paid,Shopify order #2987,hugo.garcia4810@example.com,#2987
ch_3Q001909,2026-09-03 08:06:00,48.02,0.00,eur,0.92,47.10,Paid,Shopify order #2988,nathan.bernard716@example.com,#2988
ch_3Q001910,2026-09-03 16:39:00,48.02,0.00,eur,0.92,47.10,Paid,Shopify order #2989,chloe.robert91286@example.com,#2989
ch_3Q001911,2026-09-03 18:34:00,321.60,0.00,eur,4.75,316.85,Paid,Shopify order #2990,arthur.martin45@example.com,#2990
ch_3Q001912,2026-09-03 13:25:00,88.70,0.00,eur,1.49,87.21,Paid,Shopify order #2991,jade.martin28206@example.com,#2991
ch_3Q001913,2026-09-03 18:46:00,76.70,0.00,eur,1.32,75.38,Paid,Shopify order #2992,gabriel.thomas43304@example.com,#2992
ch_3Q001914,2026-09-03 14:26:00,58.82,0.00,eur,1.07,57.75,Paid,Shopify order #2993,emma.bernard9673@example.com,#2993
ch_3Q001915,2026-09-03 08:24:00,80.42,0.00,eur,1.38,79.04,Paid,Shopify order #2994,gabriel.petit88597@example.com,#2994
ch_3Q001916,2026-09-03 08:50:00,189.60,0.00,eur,2.90,186.70,Paid,Shopify order #2995,jade.thomas93305@example.com,#2995
ch_3Q001917,2026-09-03 13:07:00,261.60,0.00,eur,3.91,257.69,Paid,Shopify order #2996,hugo.martin80411@example.com,#2996
ch_3Q001918,2026-09-03 15:42:00,58.82,0.00,eur,1.07,57.75,Paid,Shopify order #2997,nathan.robert15091@example.com,#2997
ch_3Q001919,2026-09-03 21:42:00,48.02,0.00,eur,0.92,47.10,Paid,Shopify order #2998,lucas.leroy90312@example.com,#2998
ch_3Q001920,2026-09-03 13:13:00,178.80,0.00,eur,2.75,176.05,Paid,Shopify order #2999,manon.dubois31@example.com,#2999
ch_3Q001921,2026-09-03 15:10:00,76.70,0.00,eur,1.32,75.38,Paid,Shopify order #3000,emma.laurent96285@example.com,#3000
ch_3Q001922,2026-09-03 19:36:00,165.60,0.00,eur,2.57,163.03,Paid,Shopify order #3001,louis.simon38332@example.com,#3001
ch_3Q001923,2026-09-03 20:49:00,69.62,0.00,eur,1.22,68.40,Paid,Shopify order #3002,theo.simon36076@example.com,#3002
ch_3Q001924,2026-09-03 13:29:00,116.64,0.00,eur,1.88,114.76,Paid,Shopify order #3003,ines.moreau56152@example.com,#3003
ch_3Q001925,2026-09-03 21:21:00,127.44,0.00,eur,2.03,125.41,Paid,Shopify order #3004,paul.moreau15662@example.com,#3004
ch_3Q001926,2026-09-03 22:34:00,141.60,0.00,eur,2.23,139.37,Paid,Shopify order #3005,theo.thomas76128@example.com,#3005
ch_3Q001927,2026-09-03 11:12:00,91.22,0.00,eur,1.53,89.69,Paid,Shopify order #3006,arthur.michel86046@example.com,#3006
ch_3Q001928,2026-09-03 18:51:00,177.60,0.00,eur,2.74,174.86,Paid,Shopify order #3007,lucas.thomas10528@example.com,#3007
ch_3Q001929,2026-09-03 10:12:00,117.60,0.00,eur,1.90,115.70,Paid,Shopify order #3008,lucas.durand74988@example.com,#3008
ch_3Q001930,2026-09-03 13:50:00,320.40,0.00,eur,4.74,315.66,Paid,Shopify order #3009,louis.simon28492@example.com,#3009
ch_3Q001931,2026-09-03 20:00:00,64.70,0.00,eur,1.16,63.54,Paid,Shopify order #3010,sarah.laurent7798@example.com,#3010
ch_3Q001932,2026-09-03 20:55:00,204.12,0.00,eur,3.11,201.01,Paid,Shopify order #3011,louis.thomas87360@example.com,#3011
ch_3Q001933,2026-09-03 16:10:00,203.04,0.00,eur,3.09,199.95,Paid,Shopify order #3012,manon.bernard23059@example.com,#3012
ch_3Q001934,2026-09-03 16:05:00,297.60,0.00,eur,4.42,293.18,Paid,Shopify order #3013,manon.dubois41047@example.com,#3013
ch_3Q001935,2026-09-03 14:05:00,64.70,0.00,eur,1.16,63.54,Paid,Shopify order #3014,lea.bernard31356@example.com,#3014
ch_3Q001936,2026-09-03 16:14:00,76.70,39.1,eur,1.32,75.38,Paid,Shopify order #3015,emma.robert56116@example.com,#3015
ch_3Q001937,2026-09-04 20:40:00,160.92,0.00,eur,2.50,158.42,Paid,Shopify order #3016,lucas.robert51141@example.com,#3016
ch_3Q001938,2026-09-04 12:44:00,204.12,0.00,eur,3.11,201.01,Paid,Shopify order #3017,manon.robert81732@example.com,#3017
ch_3Q001939,2026-09-04 17:03:00,453.60,0.00,eur,6.60,447.00,Paid,Shopify order #3018,emma.lefebvre71@example.com,#3018
ch_3Q001940,2026-09-04 09:19:00,331.56,0.00,eur,4.89,326.67,Paid,Shopify order #3019,lucas.dubois2725@example.com,#3019
ch_3Q001941,2026-09-04 08:58:00,88.70,0.00,eur,1.49,87.21,Paid,Shopify order #3020,manon.leroy89033@example.com,#3020
ch_3Q001942,2026-09-04 22:35:00,226.80,0.00,eur,3.43,223.37,Paid,Shopify order #3021,sarah.garcia58514@example.com,#3021
ch_3Q001943,2026-09-04 18:41:00,226.80,0.00,eur,3.43,223.37,Paid,Shopify order #3022,manon.bernard88655@example.com,#3022
ch_3Q001944,2026-09-04 10:50:00,273.60,0.00,eur,4.08,269.52,Paid,Shopify order #3023,lucas.durand37514@example.com,#3023
ch_3Q001945,2026-09-04 12:17:00,346.80,0.00,eur,5.11,341.69,Paid,Shopify order #3024,nathan.leroy94673@example.com,#3024
ch_3Q001946,2026-09-04 20:34:00,88.70,0.00,eur,1.49,87.21,Paid,Shopify order #3025,gabriel.garcia76583@example.com,#3025
ch_3Q001947,2026-09-04 17:25:00,52.70,0.00,eur,0.99,51.71,Paid,Shopify order #3026,camille.durand91042@example.com,#3026
ch_3Q001948,2026-09-04 16:34:00,453.60,0.00,eur,6.60,447.00,Paid,Shopify order #3027,emma.lefebvre52227@example.com,#3027
ch_3Q001949,2026-09-04 16:05:00,64.70,0.00,eur,1.16,63.54,Paid,Shopify order #3028,louis.dubois4060@example.com,#3028
ch_3Q001950,2026-09-04 22:01:00,88.70,0.00,eur,1.49,87.21,Paid,Shopify order #3029,ines.laurent99285@example.com,#3029
ch_3Q001951,2026-09-04 09:11:00,346.80,0.00,eur,5.11,341.69,Paid,Shopify order #3030,ines.lefebvre27922@example.com,#3030
ch_3Q001952,2026-09-04 10:13:00,226.80,0.00,eur,3.43,223.37,Paid,Shopify order #3031,theo.moreau90481@example.com,#3031
ch_3Q001953,2026-09-04 10:06:00,88.70,0.00,eur,1.49,87.21,Paid,Shopify order #3032,camille.petit87705@example.com,#3032
ch_3Q001954,2026-09-04 21:04:00,64.70,0.00,eur,1.16,63.54,Paid,Shopify order #3033,lucas.petit39398@example.com,#3033
ch_3Q001955,2026-09-04 19:42:00,88.70,0.00,eur,1.49,87.21,Paid,Shopify order #3034,nathan.lefebvre47621@example.com,#3034
ch_3Q001956,2026-09-04 13:49:00,453.60,0.00,eur,6.60,447.00,Paid,Shopify order #3035,lucas.lefebvre64938@example.com,#3035
ch_3Q001957,2026-09-04 22:54:00,178.80,0.00,eur,2.75,176.05,Paid,Shopify order #3036,theo.petit24970@example.com,#3036
ch_3Q001958,2026-09-04 10:16:00,226.80,0.00,eur,3.43,223.37,Paid,Shopify order #3037,hugo.bernard92074@example.com,#3037
ch_3Q001959,2026-09-05 21:38:00,160.92,0.00,eur,2.50,158.42,Paid,Shopify order #3038,gabriel.durand84621@example.com,#3038
ch_3Q001960,2026-09-05 10:27:00,165.60,0.00,eur,2.57,163.03,Paid,Shopify order #3039,louis.martin23108@example.com,#3039
ch_3Q001961,2026-09-05 20:08:00,453.60,0.00,eur,6.60,447.00,Paid,Shopify order #3040,gabriel.martin70601@example.com,#3040
ch_3Q001962,2026-09-05 12:59:00,226.80,0.00,eur,3.43,223.37,Paid,Shopify order #3041,lucas.moreau17@example.com,#3041
ch_3Q001963,2026-09-05 16:02:00,58.82,0.00,eur,1.07,57.75,Paid,Shopify order #3042,manon.petit74@example.com,#3042
ch_3Q001964,2026-09-05 21:41:00,346.80,0.00,eur,5.11,341.69,Paid,Shopify order #3043,sarah.michel68812@example.com,#3043
ch_3Q001965,2026-09-05 11:36:00,153.60,0.00,eur,2.40,151.20,Paid,Shopify order #3044,hugo.michel99@example.com,#3044
ch_3Q001966,2026-09-05 15:07:00,224.40,0.00,eur,3.39,221.01,Paid,Shopify order #3045,ines.leroy2237@example.com,#3045
ch_3Q001967,2026-09-05 09:42:00,76.70,0.00,eur,1.32,75.38,Paid,Shopify order #3046,theo.robert85828@example.com,#3046
ch_3Q001968,2026-09-05 17:46:00,226.80,0.00,eur,3.43,223.37,Paid,Shopify order #3047,louis.dubois62946@example.com,#3047
ch_3Q001969,2026-09-05 17:23:00,100.70,0.00,eur,1.66,99.04,Paid,Shopify order #3048,emma.garcia73140@example.com,#3048
ch_3Q001970,2026-09-05 08:47:00,48.02,0.00,eur,0.92,47.10,Paid,Shopify order #3049,sarah.garcia58514@example.com,#3049
ch_3Q001971,2026-09-05 18:30:00,138.24,0.00,eur,2.19,136.05,Paid,Shopify order #3050,ines.durand61427@example.com,#3050
ch_3Q001972,2026-09-05 08:21:00,226.80,0.00,eur,3.43,223.37,Paid,Shopify order #3051,lucas.leroy90312@example.com,#3051
ch_3Q001973,2026-09-05 09:55:00,52.70,0.00,eur,0.99,51.71,Paid,Shopify order #3052,camille.leroy49@example.com,#3052
ch_3Q001974,2026-09-05 17:09:00,160.92,0.00,eur,2.50,158.42,Paid,Shopify order #3053,jade.robert37931@example.com,#3053
ch_3Q001975,2026-09-05 17:42:00,64.70,0.00,eur,1.16,63.54,Paid,Shopify order #3054,nathan.dubois82336@example.com,#3054
ch_3Q001976,2026-09-05 15:58:00,52.70,0.00,eur,0.99,51.71,Paid,Shopify order #3055,chloe.martin98@example.com,#3055
ch_3Q001977,2026-09-05 08:56:00,48.02,0.00,eur,0.92,47.10,Paid,Shopify order #3056,hugo.michel66200@example.com,#3056
ch_3Q001978,2026-09-05 22:22:00,141.60,0.00,eur,2.23,139.37,Paid,Shopify order #3057,emma.lefebvre52227@example.com,#3057
ch_3Q001979,2026-09-05 19:25:00,312.12,0.00,eur,4.62,307.50,Paid,Shopify order #3058,hugo.moreau31853@example.com,#3058
ch_3Q001980,2026-09-05 20:06:00,88.70,0.00,eur,1.49,87.21,Paid,Shopify order #3059,lea.laurent34@example.com,#3059
ch_3Q001981,2026-09-05 15:44:00,261.60,0.00,eur,3.91,257.69,Paid,Shopify order #3060,arthur.simon65634@example.com,#3060
ch_3Q001982,2026-09-06 09:21:00,64.70,0.00,eur,1.16,63.54,Paid,Shopify order #3061,arthur.durand92@example.com,#3061
ch_3Q001983,2026-09-06 10:14:00,69.62,0.00,eur,1.22,68.40,Paid,Shopify order #3062,ines.laurent15@example.com,#3062
ch_3Q001984,2026-09-06 22:18:00,88.70,0.00,eur,1.49,87.21,Paid,Shopify order #3063,gabriel.leroy74980@example.com,#3063
ch_3Q001985,2026-09-06 18:30:00,429.60,0.00,eur,6.26,423.34,Paid,Shopify order #3064,manon.robert54508@example.com,#3064
ch_3Q001986,2026-09-06 18:05:00,375.84,0.00,eur,5.51,370.33,Paid,Shopify order #3065,theo.michel61@example.com,#3065
ch_3Q001987,2026-09-06 13:43:00,64.70,0.00,eur,1.16,63.54,Paid,Shopify order #3066,ines.garcia61172@example.com,#3066
ch_3Q001988,2026-09-06 15:45:00,99.50,0.00,eur,1.64,97.86,Paid,Shopify order #3067,jade.bernard3717@example.com,#3067
ch_3Q001989,2026-09-06 20:48:00,226.80,0.00,eur,3.43,223.37,Paid,Shopify order #3068,lea.bernard45453@example.com,#3068
ch_3Q001990,2026-09-06 09:10:00,153.60,0.00,eur,2.40,151.20,Paid,Shopify order #3069,arthur.petit39@example.com,#3069
ch_3Q001991,2026-09-06 20:55:00,69.62,0.00,eur,1.22,68.40,Paid,Shopify order #3070,lea.bernard7210@example.com,#3070
ch_3Q001992,2026-09-06 16:04:00,312.12,0.00,eur,4.62,307.50,Paid,Shopify order #3071,gabriel.leroy61241@example.com,#3071
ch_3Q001993,2026-09-06 09:52:00,320.40,0.00,eur,4.74,315.66,Paid,Shopify order #3072,gabriel.bernard75613@example.com,#3072
ch_3Q001994,2026-09-06 18:31:00,178.80,0.00,eur,2.75,176.05,Paid,Shopify order #3073,lucas.martin75958@example.com,#3073
ch_3Q001995,2026-09-06 08:44:00,100.70,0.00,eur,1.66,99.04,Paid,Shopify order #3074,paul.martin11719@example.com,#3074
ch_3Q001996,2026-09-06 22:10:00,393.60,0.00,eur,5.76,387.84,Paid,Shopify order #3075,ines.leroy32294@example.com,#3075
ch_3Q001997,2026-09-06 18:28:00,693.60,0.00,eur,9.96,683.64,Paid,Shopify order #3076,sarah.martin99716@example.com,#3076
ch_3Q001998,2026-09-06 08:31:00,178.80,0.00,eur,2.75,176.05,Paid,Shopify order #3077,hugo.michel96327@example.com,#3077
ch_3Q001999,2026-09-06 10:42:00,64.70,0.00,eur,1.16,63.54,Paid,Shopify order #3078,ines.dubois30274@example.com,#3078
ch_3Q002000,2026-09-06 14:59:00,80.42,0.00,eur,1.38,79.04,Paid,Shopify order #3079,nathan.moreau47072@example.com,#3079
ch_3Q002001,2026-09-06 08:52:00,346.80,0.00,eur,5.11,341.69,Paid,Shopify order #3080,theo.martin80260@example.com,#3080
ch_3Q002002,2026-09-06 13:36:00,91.22,0.00,eur,1.53,89.69,Paid,Shopify order #3081,paul.durand46386@example.com,#3081
ch_3Q002003,2026-09-06 14:43:00,312.12,0.00,eur,4.62,307.50,Paid,Shopify order #3082,camille.simon18632@example.com,#3082
ch_3Q002004,2026-09-06 10:13:00,52.70,0.00,eur,0.99,51.71,Paid,Shopify order #3083,paul.thomas16@example.com,#3083
ch_3Q002005,2026-09-06 14:56:00,405.60,0.00,eur,5.93,399.67,Paid,Shopify order #3084,louis.moreau15817@example.com,#3084
ch_3Q002006,2026-09-06 20:22:00,573.60,0.00,eur,8.28,565.32,Paid,Shopify order #3085,nathan.robert18443@example.com,#3085
ch_3Q002007,2026-09-07 15:11:00,178.80,0.00,eur,2.75,176.05,Paid,Shopify order #3086,emma.robert57656@example.com,#3086
ch_3Q002008,2026-09-07 21:19:00,100.70,0.00,eur,1.66,99.04,Paid,Shopify order #3087,camille.leroy55443@example.com,#3087
ch_3Q002009,2026-09-07 12:20:00,309.60,0.00,eur,4.58,305.02,Paid,Shopify order #3088,sarah.robert54516@example.com,#3088
ch_3Q002010,2026-09-07 12:59:00,64.70,0.00,eur,1.16,63.54,Paid,Shopify order #3089,paul.lefebvre10900@example.com,#3089
ch_3Q002011,2026-09-07 15:40:00,453.60,0.00,eur,6.60,447.00,Paid,Shopify order #3090,louis.durand10132@example.com,#3090
ch_3Q002012,2026-09-07 17:54:00,224.40,0.00,eur,3.39,221.01,Paid,Shopify order #3091,manon.thomas99099@example.com,#3091
ch_3Q002013,2026-09-07 18:58:00,116.64,0.00,eur,1.88,114.76,Paid,Shopify order #3092,camille.robert95901@example.com,#3092
ch_3Q002014,2026-09-07 08:52:00,52.70,0.00,eur,0.99,51.71,Paid,Shopify order #3093,camille.robert48550@example.com,#3093
ch_3Q002015,2026-09-07 09:42:00,76.70,0.00,eur,1.32,75.38,Paid,Shopify order #3094,camille.laurent84926@example.com,#3094
ch_3Q002016,2026-09-07 22:15:00,117.60,0.00,eur,1.90,115.70,Paid,Shopify order #3095,lucas.lefebvre42@example.com,#3095
ch_3Q002017,2026-09-07 10:45:00,141.60,0.00,eur,2.23,139.37,Paid,Shopify order #3096,sarah.lefebvre97477@example.com,#3096
ch_3Q002018,2026-09-07 19:30:00,88.70,0.00,eur,1.49,87.21,Paid,Shopify order #3097,sarah.laurent60@example.com,#3097
ch_3Q002019,2026-09-07 11:32:00,91.22,0.00,eur,1.53,89.69,Paid,Shopify order #3098,paul.martin39122@example.com,#3098
ch_3Q002020,2026-09-07 15:56:00,141.60,0.00,eur,2.23,139.37,Paid,Shopify order #3099,gabriel.lefebvre32344@example.com,#3099
ch_3Q002021,2026-09-07 12:28:00,88.70,0.00,eur,1.49,87.21,Paid,Shopify order #3100,gabriel.bernard88481@example.com,#3100
ch_3Q002022,2026-09-07 22:38:00,226.80,0.00,eur,3.43,223.37,Paid,Shopify order #3101,louis.petit19339@example.com,#3101
ch_3Q002023,2026-09-07 13:32:00,76.70,0.00,eur,1.32,75.38,Paid,Shopify order #3102,ines.leroy32294@example.com,#3102
ch_3Q002024,2026-09-07 16:14:00,141.60,0.00,eur,2.23,139.37,Paid,Shopify order #3103,louis.robert14853@example.com,#3103
ch_3Q002025,2026-09-07 11:01:00,76.70,0.00,eur,1.32,75.38,Paid,Shopify order #3104,jade.laurent45302@example.com,#3104
ch_3Q002026,2026-09-07 17:12:00,203.04,0.00,eur,3.09,199.95,Paid,Shopify order #3105,lea.petit41727@example.com,#3105
ch_3Q002027,2026-09-07 12:00:00,52.70,0.00,eur,0.99,51.71,Paid,Shopify order #3106,louis.simon64135@example.com,#3106
ch_3Q002028,2026-09-08 09:58:00,64.70,0.00,eur,1.16,63.54,Paid,Shopify order #3107,paul.robert59@example.com,#3107
ch_3Q002029,2026-09-08 18:27:00,88.70,0.00,eur,1.49,87.21,Paid,Shopify order #3108,camille.bernard48275@example.com,#3108
ch_3Q002030,2026-09-08 15:10:00,296.40,0.00,eur,4.40,292.00,Paid,Shopify order #3109,louis.robert49814@example.com,#3109
ch_3Q002031,2026-09-08 19:43:00,346.80,273.67,eur,5.11,341.69,Paid,Shopify order #3110,hugo.bernard96625@example.com,#3110
ch_3Q002032,2026-09-08 09:53:00,693.60,0.00,eur,9.96,683.64,Paid,Shopify order #3111,theo.moreau90481@example.com,#3111
ch_3Q002033,2026-09-08 15:08:00,64.70,0.00,eur,1.16,63.54,Paid,Shopify order #3112,chloe.lefebvre94671@example.com,#3112
ch_3Q002034,2026-09-08 16:53:00,99.50,0.00,eur,1.64,97.86,Paid,Shopify order #3113,lucas.lefebvre95660@example.com,#3113
ch_3Q002035,2026-09-08 13:02:00,88.70,0.00,eur,1.49,87.21,Paid,Shopify order #3114,theo.thomas47066@example.com,#3114
ch_3Q002036,2026-09-08 16:01:00,346.80,0.00,eur,5.11,341.69,Paid,Shopify order #3115,louis.durand85208@example.com,#3115
ch_3Q002037,2026-09-08 20:30:00,405.60,0.00,eur,5.93,399.67,Paid,Shopify order #3116,chloe.moreau61139@example.com,#3116
ch_3Q002038,2026-09-08 10:53:00,204.12,0.00,eur,3.11,201.01,Paid,Shopify order #3117,gabriel.martin29@example.com,#3117
ch_3Q002039,2026-09-08 21:23:00,52.70,0.00,eur,0.99,51.71,Paid,Shopify order #3118,manon.petit12927@example.com,#3118
ch_3Q002040,2026-09-08 17:27:00,100.70,0.00,eur,1.66,99.04,Paid,Shopify order #3119,chloe.garcia14963@example.com,#3119
ch_3Q002041,2026-09-08 12:31:00,100.70,71.3,eur,1.66,99.04,Paid,Shopify order #3120,jade.laurent45302@example.com,#3120
ch_3Q002042,2026-09-08 09:19:00,346.80,0.00,eur,5.11,341.69,Paid,Shopify order #3121,gabriel.thomas11402@example.com,#3121
ch_3Q002043,2026-09-08 20:54:00,116.64,0.00,eur,1.88,114.76,Paid,Shopify order #3122,lucas.thomas69@example.com,#3122
ch_3Q002044,2026-09-08 18:20:00,129.60,0.00,eur,2.06,127.54,Paid,Shopify order #3123,paul.thomas39962@example.com,#3123
ch_3Q002045,2026-09-08 09:15:00,160.92,0.00,eur,2.50,158.42,Paid,Shopify order #3124,gabriel.dubois53456@example.com,#3124
ch_3Q002046,2026-09-08 08:43:00,58.82,0.00,eur,1.07,57.75,Paid,Shopify order #3125,paul.moreau26259@example.com,#3125
ch_3Q002047,2026-09-08 16:26:00,368.40,0.00,eur,5.41,362.99,Paid,Shopify order #3126,theo.thomas69@example.com,#3126
ch_3Q002048,2026-09-08 22:24:00,453.60,0.00,eur,6.60,447.00,Paid,Shopify order #3127,paul.lefebvre93799@example.com,#3127
ch_3Q002049,2026-09-08 17:55:00,285.60,0.00,eur,4.25,281.35,Paid,Shopify order #3128,lea.garcia46@example.com,#3128
ch_3Q002050,2026-09-08 13:47:00,346.80,0.00,eur,5.11,341.69,Paid,Shopify order #3129,ines.moreau72@example.com,#3129
ch_3Q002051,2026-09-09 22:32:00,178.80,0.00,eur,2.75,176.05,Paid,Shopify order #3130,nathan.petit7@example.com,#3130
ch_3Q002052,2026-09-09 09:08:00,273.60,0.00,eur,4.08,269.52,Paid,Shopify order #3131,jade.martin28206@example.com,#3131
ch_3Q002053,2026-09-09 12:01:00,573.60,0.00,eur,8.28,565.32,Paid,Shopify order #3132,lea.martin2956@example.com,#3132
ch_3Q002054,2026-09-09 20:46:00,48.02,0.00,eur,0.92,47.10,Paid,Shopify order #3133,theo.simon82842@example.com,#3133
ch_3Q002055,2026-09-09 17:58:00,441.60,0.00,eur,6.43,435.17,Paid,Shopify order #3134,theo.thomas69@example.com,#3134
ch_3Q002056,2026-09-09 14:23:00,405.60,0.00,eur,5.93,399.67,Paid,Shopify order #3135,camille.bernard6824@example.com,#3135
ch_3Q002057,2026-09-09 21:27:00,100.70,0.00,eur,1.66,99.04,Paid,Shopify order #3136,ines.simon26044@example.com,#3136
ch_3Q002058,2026-09-09 18:13:00,69.62,42.94,eur,1.22,68.40,Paid,Shopify order #3137,manon.bernard58804@example.com,#3137
ch_3Q002059,2026-09-09 08:47:00,69.62,0.00,eur,1.22,68.40,Paid,Shopify order #3138,lucas.leroy2672@example.com,#3138
ch_3Q002060,2026-09-09 16:04:00,105.60,0.00,eur,1.73,103.87,Paid,Shopify order #3139,manon.michel79544@example.com,#3139
ch_3Q002061,2026-09-09 22:30:00,191.16,0.00,eur,2.93,188.23,Paid,Shopify order #3140,louis.martin94637@example.com,#3140
ch_3Q002062,2026-09-09 08:54:00,693.60,0.00,eur,9.96,683.64,Paid,Shopify order #3141,theo.simon82842@example.com,#3141
ch_3Q002063,2026-09-09 19:06:00,100.70,0.00,eur,1.66,99.04,Paid,Shopify order #3142,nathan.leroy94673@example.com,#3142
ch_3Q002064,2026-09-09 11:07:00,129.60,0.00,eur,2.06,127.54,Paid,Shopify order #3143,hugo.thomas29762@example.com,#3143
ch_3Q002065,2026-09-09 13:11:00,178.80,0.00,eur,2.75,176.05,Paid,Shopify order #3144,ines.martin73713@example.com,#3144
ch_3Q002066,2026-09-09 22:39:00,64.70,0.00,eur,1.16,63.54,Paid,Shopify order #3145,lea.petit45094@example.com,#3145
ch_3Q002067,2026-09-09 11:50:00,141.60,0.00,eur,2.23,139.37,Paid,Shopify order #3146,hugo.garcia85803@example.com,#3146
ch_3Q002068,2026-09-09 09:27:00,226.80,0.00,eur,3.43,223.37,Paid,Shopify order #3147,emma.thomas65@example.com,#3147
ch_3Q002069,2026-09-09 15:01:00,261.60,0.00,eur,3.91,257.69,Paid,Shopify order #3148,manon.bernard88655@example.com,#3148
ch_3Q002070,2026-09-09 19:51:00,288.36,0.00,eur,4.29,284.07,Paid,Shopify order #3149,manon.leroy85112@example.com,#3149
ch_3Q002071,2026-09-09 19:42:00,393.60,0.00,eur,5.76,387.84,Paid,Shopify order #3150,theo.durand32184@example.com,#3150
ch_3Q002072,2026-09-10 17:37:00,261.60,0.00,eur,3.91,257.69,Paid,Shopify order #3151,lucas.robert82453@example.com,#3151
ch_3Q002073,2026-09-10 14:26:00,204.12,0.00,eur,3.11,201.01,Paid,Shopify order #3152,jade.thomas41@example.com,#3152
ch_3Q002074,2026-09-10 19:18:00,189.60,0.00,eur,2.90,186.70,Paid,Shopify order #3153,camille.robert9991@example.com,#3153
ch_3Q002075,2026-09-10 08:09:00,153.60,0.00,eur,2.40,151.20,Paid,Shopify order #3154,manon.dubois28@example.com,#3154
ch_3Q002076,2026-09-10 10:42:00,129.60,0.00,eur,2.06,127.54,Paid,Shopify order #3155,lea.petit59149@example.com,#3155
ch_3Q002077,2026-09-10 19:46:00,249.60,0.00,eur,3.74,245.86,Paid,Shopify order #3156,lea.robert22159@example.com,#3156
ch_3Q002078,2026-09-10 11:20:00,624.24,0.00,eur,8.99,615.25,Paid,Shopify order #3157,jade.michel27621@example.com,#3157
ch_3Q002079,2026-09-10 08:12:00,204.12,0.00,eur,3.11,201.01,Paid,Shopify order #3158,sarah.moreau50603@example.com,#3158
ch_3Q002080,2026-09-10 09:12:00,76.70,0.00,eur,1.32,75.38,Paid,Shopify order #3159,emma.garcia28453@example.com,#3159
ch_3Q002081,2026-09-10 21:55:00,386.64,0.00,eur,5.66,380.98,Paid,Shopify order #3160,louis.moreau14267@example.com,#3160
ch_3Q002082,2026-09-10 19:42:00,178.80,0.00,eur,2.75,176.05,Paid,Shopify order #3161,louis.petit34@example.com,#3161
ch_3Q002083,2026-09-10 21:03:00,52.70,38.07,eur,0.99,51.71,Paid,Shopify order #3162,nathan.dubois63921@example.com,#3162
ch_3Q002084,2026-09-10 15:47:00,740.40,0.00,eur,10.62,729.78,Paid,Shopify order #3163,manon.michel82800@example.com,#3163
ch_3Q002085,2026-09-10 16:08:00,52.70,0.00,eur,0.99,51.71,Paid,Shopify order #3164,chloe.michel57868@example.com,#3164
ch_3Q002086,2026-09-10 15:39:00,525.60,0.00,eur,7.61,517.99,Paid,Shopify order #3165,louis.lefebvre2557@example.com,#3165
ch_3Q002087,2026-09-10 22:13:00,48.02,0.00,eur,0.92,47.10,Paid,Shopify order #3166,lucas.martin43937@example.com,#3166
ch_3Q002088,2026-09-10 18:40:00,64.70,0.00,eur,1.16,63.54,Paid,Shopify order #3167,camille.petit42@example.com,#3167
ch_3Q002089,2026-09-10 13:49:00,177.60,0.00,eur,2.74,174.86,Paid,Shopify order #3168,nathan.dubois8361@example.com,#3168
ch_3Q002090,2026-09-10 09:26:00,525.60,0.00,eur,7.61,517.99,Paid,Shopify order #3169,arthur.michel92114@example.com,#3169
ch_3Q002091,2026-09-10 19:34:00,165.60,0.00,eur,2.57,163.03,Paid,Shopify order #3170,lea.simon4@example.com,#3170
ch_3Q002092,2026-09-10 13:29:00,393.60,0.00,eur,5.76,387.84,Paid,Shopify order #3171,hugo.martin47049@example.com,#3171
ch_3Q002093,2026-09-10 15:53:00,285.60,0.00,eur,4.25,281.35,Paid,Shopify order #3172,chloe.durand74212@example.com,#3172
ch_3Q002094,2026-09-10 22:53:00,52.70,0.00,eur,0.99,51.71,Paid,Shopify order #3173,nathan.robert45225@example.com,#3173
ch_3Q002095,2026-09-10 21:17:00,346.80,0.00,eur,5.11,341.69,Paid,Shopify order #3174,nathan.bernard13493@example.com,#3174
ch_3Q002096,2026-09-11 21:06:00,346.80,0.00,eur,5.11,341.69,Paid,Shopify order #3175,emma.dubois57906@example.com,#3175
ch_3Q002097,2026-09-11 13:40:00,386.64,0.00,eur,5.66,380.98,Paid,Shopify order #3176,manon.dubois53@example.com,#3176
ch_3Q002098,2026-09-11 18:40:00,346.80,0.00,eur,5.11,341.69,Paid,Shopify order #3177,manon.bernard23059@example.com,#3177
ch_3Q002099,2026-09-11 20:34:00,141.60,0.00,eur,2.23,139.37,Paid,Shopify order #3178,ines.lefebvre92084@example.com,#3178
ch_3Q002100,2026-09-11 15:26:00,321.60,0.00,eur,4.75,316.85,Paid,Shopify order #3179,chloe.michel21@example.com,#3179
ch_3Q002101,2026-09-11 13:26:00,69.62,0.00,eur,1.22,68.40,Paid,Shopify order #3180,emma.moreau82@example.com,#3180
ch_3Q002102,2026-09-11 19:14:00,100.70,0.00,eur,1.66,99.04,Paid,Shopify order #3181,nathan.robert12373@example.com,#3181
ch_3Q002103,2026-09-11 22:07:00,64.70,0.00,eur,1.16,63.54,Paid,Shopify order #3182,gabriel.durand67865@example.com,#3182
ch_3Q002104,2026-09-11 10:53:00,58.82,0.00,eur,1.07,57.75,Paid,Shopify order #3183,theo.moreau31514@example.com,#3183
ch_3Q002105,2026-09-11 17:38:00,357.60,0.00,eur,5.26,352.34,Paid,Shopify order #3184,nathan.moreau81129@example.com,#3184
ch_3Q002106,2026-09-11 08:47:00,160.92,0.00,eur,2.50,158.42,Paid,Shopify order #3185,chloe.robert91286@example.com,#3185
ch_3Q002107,2026-09-11 08:04:00,261.60,0.00,eur,3.91,257.69,Paid,Shopify order #3186,hugo.bernard40862@example.com,#3186
ch_3Q002108,2026-09-11 08:47:00,100.70,0.00,eur,1.66,99.04,Paid,Shopify order #3187,chloe.thomas8959@example.com,#3187
ch_3Q002109,2026-09-11 19:25:00,69.62,0.00,eur,1.22,68.40,Paid,Shopify order #3188,sarah.durand18903@example.com,#3188
ch_3Q002110,2026-09-11 18:51:00,346.80,0.00,eur,5.11,341.69,Paid,Shopify order #3189,gabriel.thomas65543@example.com,#3189
ch_3Q002111,2026-09-11 11:07:00,178.80,0.00,eur,2.75,176.05,Paid,Shopify order #3190,arthur.simon34065@example.com,#3190
ch_3Q002112,2026-09-11 22:39:00,52.70,0.00,eur,0.99,51.71,Paid,Shopify order #3191,emma.garcia73140@example.com,#3191
ch_3Q002113,2026-09-12 19:07:00,100.70,0.00,eur,1.66,99.04,Paid,Shopify order #3192,manon.moreau51@example.com,#3192
ch_3Q002114,2026-09-12 13:03:00,512.40,0.00,eur,7.42,504.98,Paid,Shopify order #3193,theo.thomas72608@example.com,#3193
ch_3Q002115,2026-09-12 10:52:00,138.24,0.00,eur,2.19,136.05,Paid,Shopify order #3194,emma.petit67063@example.com,#3194
ch_3Q002116,2026-09-12 08:34:00,296.40,0.00,eur,4.40,292.00,Paid,Shopify order #3195,sarah.dubois23644@example.com,#3195
ch_3Q002117,2026-09-12 08:35:00,76.70,0.00,eur,1.32,75.38,Paid,Shopify order #3196,nathan.michel39421@example.com,#3196
ch_3Q002118,2026-09-12 12:34:00,189.60,0.00,eur,2.90,186.70,Paid,Shopify order #3197,camille.simon80@example.com,#3197
ch_3Q002119,2026-09-12 21:48:00,273.60,0.00,eur,4.08,269.52,Paid,Shopify order #3198,ines.garcia78@example.com,#3198
ch_3Q002120,2026-09-12 18:06:00,76.70,0.00,eur,1.32,75.38,Paid,Shopify order #3199,gabriel.dubois55444@example.com,#3199
ch_3Q002121,2026-09-12 21:24:00,516.24,0.00,eur,7.48,508.76,Paid,Shopify order #3200,manon.durand55705@example.com,#3200
ch_3Q002122,2026-09-12 20:27:00,226.80,0.00,eur,3.43,223.37,Paid,Shopify order #3201,theo.martin56039@example.com,#3201
ch_3Q002123,2026-09-12 14:34:00,273.60,0.00,eur,4.08,269.52,Paid,Shopify order #3202,jade.lefebvre11475@example.com,#3202
ch_3Q002124,2026-09-12 11:58:00,346.80,0.00,eur,5.11,341.69,Paid,Shopify order #3203,lea.lefebvre98545@example.com,#3203
ch_3Q002125,2026-09-12 09:19:00,693.60,458.85,eur,9.96,683.64,Paid,Shopify order #3204,camille.bernard37642@example.com,#3204
ch_3Q002126,2026-09-12 21:43:00,100.70,0.00,eur,1.66,99.04,Paid,Shopify order #3205,manon.bernard58804@example.com,#3205
ch_3Q002127,2026-09-12 19:21:00,204.12,0.00,eur,3.11,201.01,Paid,Shopify order #3206,chloe.dubois35528@example.com,#3206
ch_3Q002128,2026-09-13 14:38:00,52.70,0.00,eur,0.99,51.71,Paid,Shopify order #3207,ines.simon32064@example.com,#3207
ch_3Q002129,2026-09-13 17:11:00,177.60,0.00,eur,2.74,174.86,Paid,Shopify order #3208,manon.durand34633@example.com,#3208
ch_3Q002130,2026-09-13 15:54:00,64.70,0.00,eur,1.16,63.54,Paid,Shopify order #3209,lucas.michel9195@example.com,#3209
ch_3Q002131,2026-09-13 09:28:00,159.84,0.00,eur,2.49,157.35,Paid,Shopify order #3210,lea.petit42508@example.com,#3210
ch_3Q002132,2026-09-13 15:48:00,100.70,0.00,eur,1.66,99.04,Paid,Shopify order #3211,ines.leroy45@example.com,#3211
ch_3Q002133,2026-09-13 15:22:00,52.70,0.00,eur,0.99,51.71,Paid,Shopify order #3212,camille.moreau47394@example.com,#3212
ch_3Q002134,2026-09-13 18:39:00,117.60,0.00,eur,1.90,115.70,Paid,Shopify order #3213,camille.martin54221@example.com,#3213
ch_3Q002135,2026-09-13 17:37:00,170.64,0.00,eur,2.64,168.00,Paid,Shopify order #3214,ines.moreau41504@example.com,#3214
ch_3Q002136,2026-09-13 13:39:00,88.70,0.00,eur,1.49,87.21,Paid,Shopify order #3215,paul.lefebvre93799@example.com,#3215
ch_3Q002137,2026-09-13 18:42:00,100.70,43.15,eur,1.66,99.04,Paid,Shopify order #3216,ines.martin99@example.com,#3216
ch_3Q002138,2026-09-13 16:39:00,226.80,0.00,eur,3.43,223.37,Paid,Shopify order #3217,theo.simon36076@example.com,#3217
ch_3Q002139,2026-09-13 10:25:00,226.80,0.00,eur,3.43,223.37,Paid,Shopify order #3218,sarah.bernard35653@example.com,#3218
ch_3Q002140,2026-09-13 17:15:00,88.70,0.00,eur,1.49,87.21,Paid,Shopify order #3219,arthur.leroy87533@example.com,#3219
ch_3Q002141,2026-09-13 14:23:00,272.40,148.46,eur,4.06,268.34,Paid,Shopify order #3220,hugo.laurent56055@example.com,#3220
ch_3Q002142,2026-09-13 20:59:00,584.40,0.00,eur,8.43,575.97,Paid,Shopify order #3221,hugo.garcia37905@example.com,#3221
ch_3QBADREF01,2026-08-12 11:04:00,120.00,-30.00,eur,1.93,118.07,Paid,corrupted row,,
